08:00:01 processing def:timepiece_corrector (attempt 1)
08:00:05 def:timepiece_corrector: FAIL (submit-definition rejected: {"job_id": "ccd5ea8c-87c3-4de9-8bc0-d2c6b4ae0318", "definition_name": "timepiece_corrector", "status": "PENDING", "message)
08:00:05 processing thm:zeta_symm (attempt 1)
08:01:00 thm:zeta_symm: DONE
08:01:00 processing thm:X_p_zero (attempt 1)
08:01:46 thm:X_p_zero: DONE
08:01:46 processing thm:X_mult_zero (attempt 1)
08:24:57 processing def:timepiece_corrector (attempt 2)
08:25:02 def:timepiece_corrector: FAIL (submit-definition rejected: {"error": "A theorem or definition with name \"timepiece_corrector\" already exists"})
08:25:02 processing thm:norm_X_mult_list_eq_one (attempt 1)
08:25:31 thm:norm_X_mult_list_eq_one: DONE
08:25:31 processing thm:norm_X_mult_eq_one (attempt 1)
08:26:09 thm:norm_X_mult_eq_one: DONE
08:26:09 processing thm:euler_partial_product_nonvanishing (attempt 1)
08:26:39 thm:euler_partial_product_nonvanishing: DONE
08:26:39 processing thm:S_recip_random_zero (attempt 1)
08:27:08 thm:S_recip_random_zero: DONE
08:27:08 processing thm:bohr_cahen_algebraic_tail_bound (attempt 1)
08:27:46 thm:bohr_cahen_algebraic_tail_bound: DONE
08:27:46 processing sol:zeta_symm (attempt 1)
08:28:54 sol:zeta_symm: DONE
08:28:54 processing sol:X_p_zero (attempt 1)
08:30:54 sol:X_p_zero: DONE
08:30:54 processing sol:X_mult_zero (attempt 1)
08:32:23 sol:X_mult_zero: DONE
08:32:23 processing sol:norm_X_mult_list_eq_one (attempt 1)
08:34:03 sol:norm_X_mult_list_eq_one: DONE
08:34:03 processing sol:norm_X_mult_eq_one (attempt 1)
08:36:03 sol:norm_X_mult_eq_one: DONE
08:36:03 processing sol:euler_partial_product_nonvanishing (attempt 1)
08:37:33 sol:euler_partial_product_nonvanishing: DONE
08:37:33 processing sol:S_recip_random_zero (attempt 1)
08:39:02 sol:S_recip_random_zero: DONE
08:39:02 processing sol:bohr_cahen_algebraic_tail_bound (attempt 1)
08:41:37 sol:bohr_cahen_algebraic_tail_bound: DONE
08:41:37 summary: 16 done, 1 pending, 0 failed
08:43:23 processing def:timepiece_corrector (attempt 3)
08:43:27 def:timepiece_corrector: FAIL (submit-definition rejected: {"error": "A theorem or definition with name \"timepiece_corrector\" already exists"})
08:43:27 summary: 16 done, 1 pending, 0 failed
08:44:17 summary: 17 done, 0 pending, 0 failed
09:30:58 summary: 17 done, 0 pending, 0 failed
09:32:04 summary: 17 done, 0 pending, 0 failed
16:17:00 processing def:ChapterBRSTNilpotent (attempt 1)
16:17:08 def:ChapterBRSTNilpotent: DONE
16:17:08 processing def:ChapterGaugeFixing (attempt 1)
16:17:34 def:ChapterGaugeFixing: DONE
16:17:34 processing def:ChapterGhostField (attempt 1)
16:18:02 def:ChapterGhostField: DONE
16:18:02 processing def:ChapterMassGap (attempt 1)
16:18:28 def:ChapterMassGap: DONE
16:18:28 processing def:ChapterNavierStokes (attempt 1)
16:18:54 def:ChapterNavierStokes: DONE
16:18:54 processing def:ChapterSirkFinitePrecision (attempt 1)
16:19:24 def:ChapterSirkFinitePrecision: DONE
16:19:24 processing def:ChapterYangMillsFieldStrength (attempt 1)
16:19:54 def:ChapterYangMillsFieldStrength: DONE
16:19:54 processing thm:BookProof_BRSTNilpotent_chi_cyc3 (attempt 1)
16:20:45 thm:BookProof_BRSTNilpotent_chi_cyc3: DONE
16:20:45 processing thm:BookProof_BRSTNilpotent_chi_swap4 (attempt 1)
16:21:28 thm:BookProof_BRSTNilpotent_chi_swap4: DONE
16:21:28 processing thm:BookProof_GaugeFixing_L_gf_invariant (attempt 1)
16:22:17 thm:BookProof_GaugeFixing_L_gf_invariant: DONE
16:22:17 processing thm:BookProof_GaugeFixing_Pm_mul_Vm (attempt 1)
16:23:04 thm:BookProof_GaugeFixing_Pm_mul_Vm: DONE
16:23:04 processing thm:BookProof_GaugeFixing_Pm_ne_zero (attempt 1)
16:23:38 thm:BookProof_GaugeFixing_Pm_ne_zero: DONE
16:23:38 processing thm:BookProof_GaugeFixing_Qm_ne_zero (attempt 1)
16:24:16 thm:BookProof_GaugeFixing_Qm_ne_zero: DONE
16:24:16 processing thm:BookProof_GaugeFixing_addDeg_fst (attempt 1)
16:24:50 thm:BookProof_GaugeFixing_addDeg_fst: DONE
16:24:50 processing thm:BookProof_GaugeFixing_addDeg_snd (attempt 1)
16:25:38 thm:BookProof_GaugeFixing_addDeg_snd: DONE
16:25:38 processing thm:BookProof_GaugeFixing_int_L_gf_eq_zero (attempt 1)
16:26:16 thm:BookProof_GaugeFixing_int_L_gf_eq_zero: DONE
16:26:16 processing thm:BookProof_GaugeFixing_matrixModelIntegral_ne_zero (attempt 1)
16:26:50 thm:BookProof_GaugeFixing_matrixModelIntegral_ne_zero: DONE
16:26:50 processing thm:BookProof_GaugeFixing_matrixModel_B_ne_zero (attempt 1)
16:27:24 thm:BookProof_GaugeFixing_matrixModel_B_ne_zero: DONE
16:27:24 processing thm:BookProof_GaugeFixing_s_B_eq_zero (attempt 1)
16:28:07 thm:BookProof_GaugeFixing_s_B_eq_zero: DONE
16:28:07 processing thm:BookProof_GaugeFixing_s_c_eq_zero (attempt 1)
16:28:46 thm:BookProof_GaugeFixing_s_c_eq_zero: DONE
16:28:46 processing thm:BookProof_GaugeFixing_s_d_phi (attempt 1)
16:29:24 thm:BookProof_GaugeFixing_s_d_phi: DONE
16:29:24 processing thm:BookProof_GhostField_brst_charge_nilpotent (attempt 1)
16:30:08 thm:BookProof_GhostField_brst_charge_nilpotent: DONE
16:30:08 processing thm:BookProof_GhostField_car (attempt 1)
16:30:52 thm:BookProof_GhostField_car: DONE
16:30:52 processing thm:BookProof_GhostField_numberOp_add_hole (attempt 1)
16:31:27 thm:BookProof_GhostField_numberOp_add_hole: DONE
16:31:27 processing thm:BookProof_GhostField_numberOp_eq (attempt 1)
16:32:01 thm:BookProof_GhostField_numberOp_eq: DONE
16:32:01 processing thm:BookProof_GhostField_numberOp_idempotent (attempt 1)
16:32:35 thm:BookProof_GhostField_numberOp_idempotent: DONE
16:32:35 processing thm:BookProof_GhostField_numberOp_selfAdjoint (attempt 1)
16:33:08 thm:BookProof_GhostField_numberOp_selfAdjoint: DONE
16:33:08 processing thm:BookProof_GhostField_psiDag_eq_conjTranspose (attempt 1)
16:33:43 thm:BookProof_GhostField_psiDag_eq_conjTranspose: DONE
16:33:43 processing thm:BookProof_GhostField_psiDag_sq (attempt 1)
16:34:25 thm:BookProof_GhostField_psiDag_sq: DONE
16:34:25 processing thm:BookProof_GhostField_psi_sq (attempt 1)
16:35:03 thm:BookProof_GhostField_psi_sq: DONE
16:35:03 processing thm:BookProof_MassGap_exp_conj_eq_self (attempt 1)
16:35:46 thm:BookProof_MassGap_exp_conj_eq_self: DONE
16:35:46 processing thm:BookProof_MassGap_massGap_shifted_gapless (attempt 1)
16:36:34 thm:BookProof_MassGap_massGap_shifted_gapless: DONE
16:36:34 processing thm:BookProof_MassGap_shiftedSpectrum_excited (attempt 1)
16:37:08 thm:BookProof_MassGap_shiftedSpectrum_excited: DONE
16:37:08 processing thm:BookProof_MassGap_shiftedSpectrum_vacuum (attempt 1)
16:37:55 thm:BookProof_MassGap_shiftedSpectrum_vacuum: DONE
16:37:55 processing thm:BookProof_NavierStokes_ghostAnnih_sq (attempt 1)
16:38:29 thm:BookProof_NavierStokes_ghostAnnih_sq: DONE
16:38:29 processing thm:BookProof_NavierStokes_ghostCreate_eq (attempt 1)
16:39:03 thm:BookProof_NavierStokes_ghostCreate_eq: DONE
16:39:03 processing thm:BookProof_NavierStokes_ghostCreate_eq_conjTranspose (attempt 1)
16:41:03 thm:BookProof_NavierStokes_ghostCreate_eq_conjTranspose: DONE
16:41:03 processing thm:BookProof_SirkFinitePrecision_CertInterval_abs_le_of_isotone (attempt 1)
16:41:54 thm:BookProof_SirkFinitePrecision_CertInterval_abs_le_of_isotone: DONE
16:41:54 processing thm:BookProof_SirkFinitePrecision_CertInterval_dist_le_width (attempt 1)
16:42:36 thm:BookProof_SirkFinitePrecision_CertInterval_dist_le_width: DONE
16:42:36 processing thm:BookProof_SirkFinitePrecision_CertInterval_le_sup_bound_of_isotone (attempt 1)
16:43:19 thm:BookProof_SirkFinitePrecision_CertInterval_le_sup_bound_of_isotone: DONE
16:43:19 processing thm:BookProof_SirkFinitePrecision_CertInterval_mem_add (attempt 1)
16:43:53 thm:BookProof_SirkFinitePrecision_CertInterval_mem_add: DONE
16:43:53 processing thm:BookProof_SirkFinitePrecision_CertInterval_mem_const (attempt 1)
16:44:28 thm:BookProof_SirkFinitePrecision_CertInterval_mem_const: DONE
16:44:28 processing thm:BookProof_SirkFinitePrecision_CertInterval_mem_mul (attempt 1)
16:45:02 thm:BookProof_SirkFinitePrecision_CertInterval_mem_mul: DONE
16:45:02 processing thm:BookProof_SirkFinitePrecision_CertInterval_mem_neg (attempt 1)
16:45:44 thm:BookProof_SirkFinitePrecision_CertInterval_mem_neg: DONE
16:45:44 processing thm:BookProof_SirkFinitePrecision_CertInterval_mem_ofRounded (attempt 1)
16:47:01 thm:BookProof_SirkFinitePrecision_CertInterval_mem_ofRounded: DONE
16:47:01 processing thm:BookProof_SirkFinitePrecision_CertInterval_mem_sub (attempt 1)
16:48:01 thm:BookProof_SirkFinitePrecision_CertInterval_mem_sub: DONE
16:48:01 processing thm:BookProof_SirkFinitePrecision_CertInterval_mem_widen (attempt 1)
16:48:35 thm:BookProof_SirkFinitePrecision_CertInterval_mem_widen: DONE
16:48:35 processing thm:BookProof_SirkFinitePrecision_ground_ge_of_no_eigenvalue_below (attempt 1)
16:49:08 thm:BookProof_SirkFinitePrecision_ground_ge_of_no_eigenvalue_below: DONE
16:49:08 processing thm:BookProof_SirkFinitePrecision_hasRealEigenvalue_eigenvalues (attempt 1)
16:49:42 thm:BookProof_SirkFinitePrecision_hasRealEigenvalue_eigenvalues: DONE
16:49:42 processing thm:BookProof_SirkFinitePrecision_norm_sq_eq_sum_repr (attempt 1)
16:50:25 thm:BookProof_SirkFinitePrecision_norm_sq_eq_sum_repr: DONE
16:50:25 processing thm:BookProof_SirkFinitePrecision_observable_propagation (attempt 1)
16:50:59 thm:BookProof_SirkFinitePrecision_observable_propagation: DONE
16:50:59 processing thm:BookProof_SirkFinitePrecision_repr_apply_of_symmetric (attempt 1)
16:51:33 thm:BookProof_SirkFinitePrecision_repr_apply_of_symmetric: DONE
16:51:33 processing thm:BookProof_YangMillsFieldStrength_Fbook_antisymm (attempt 1)
16:52:15 thm:BookProof_YangMillsFieldStrength_Fbook_antisymm: DONE
16:52:15 processing thm:BookProof_YangMillsFieldStrength_fieldStrengthMul_antisymm (attempt 1)
16:52:49 thm:BookProof_YangMillsFieldStrength_fieldStrengthMul_antisymm: DONE
16:52:49 processing thm:BookProof_YangMillsFieldStrength_fieldStrengthMul_eq_Fbook (attempt 1)
16:53:23 thm:BookProof_YangMillsFieldStrength_fieldStrengthMul_eq_Fbook: DONE
16:53:23 processing thm:BookProof_YangMillsFieldStrength_nonabelian_fieldStrength (attempt 1)
16:54:19 thm:BookProof_YangMillsFieldStrength_nonabelian_fieldStrength: DONE
16:54:19 processing thm:BookProof_BRSTNilpotent_contracted_terms_zero (attempt 1)
16:54:58 thm:BookProof_BRSTNilpotent_contracted_terms_zero: DONE
16:54:58 processing thm:BookProof_BRSTNilpotent_quartic_term_zero (attempt 1)
16:55:37 thm:BookProof_BRSTNilpotent_quartic_term_zero: DONE
16:55:37 processing thm:BookProof_GaugeFixing_matrixModel_Psi (attempt 1)
16:56:15 thm:BookProof_GaugeFixing_matrixModel_Psi: DONE
16:56:15 processing thm:BookProof_GaugeFixing_matrixModel_c_ne_zero (attempt 1)
16:56:54 thm:BookProof_GaugeFixing_matrixModel_c_ne_zero: DONE
16:56:54 processing thm:BookProof_GaugeFixing_s_gaugeField (attempt 1)
16:57:32 thm:BookProof_GaugeFixing_s_gaugeField: DONE
16:57:32 processing thm:BookProof_GhostField_brst_charge_nilpotent_ghost (attempt 1)
16:58:11 thm:BookProof_GhostField_brst_charge_nilpotent_ghost: DONE
16:58:11 processing thm:BookProof_MassGap_heisenberg_number_shift_invariant (attempt 1)
16:58:50 thm:BookProof_MassGap_heisenberg_number_shift_invariant: DONE
16:58:50 processing thm:BookProof_NavierStokes_ghostAnticomm_annih (attempt 1)
16:59:44 thm:BookProof_NavierStokes_ghostAnticomm_annih: DONE
16:59:44 processing thm:BookProof_NavierStokes_ghostCreate_sq (attempt 1)
17:00:39 thm:BookProof_NavierStokes_ghostCreate_sq: DONE
17:00:39 processing thm:BookProof_NavierStokes_ghostNumber_eq (attempt 1)
17:01:16 thm:BookProof_NavierStokes_ghostNumber_eq: DONE
17:01:16 processing thm:BookProof_NavierStokes_ghost_CAR (attempt 1)
17:01:49 thm:BookProof_NavierStokes_ghost_CAR: DONE
17:01:49 processing thm:BookProof_NavierStokes_ghost_annih_create_eq (attempt 1)
17:02:23 thm:BookProof_NavierStokes_ghost_annih_create_eq: DONE
17:02:23 processing thm:BookProof_SirkFinitePrecision_CertInterval_mem_evalHorner (attempt 1)
17:03:06 thm:BookProof_SirkFinitePrecision_CertInterval_mem_evalHorner: DONE
17:03:06 processing thm:BookProof_SirkFinitePrecision_index_nonempty (attempt 1)
17:03:40 thm:BookProof_SirkFinitePrecision_index_nonempty: DONE
17:03:40 processing thm:BookProof_SirkFinitePrecision_observable_propagation_band (attempt 1)
17:04:15 thm:BookProof_SirkFinitePrecision_observable_propagation_band: DONE
17:04:15 processing thm:BookProof_SirkFinitePrecision_norm_apply_sq_eq_sum_eigenvalues (attempt 1)
17:04:53 thm:BookProof_SirkFinitePrecision_norm_apply_sq_eq_sum_eigenvalues: DONE
17:04:53 processing thm:BookProof_SirkFinitePrecision_rayleigh_eq_sum_eigenvalues (attempt 1)
17:05:42 thm:BookProof_SirkFinitePrecision_rayleigh_eq_sum_eigenvalues: DONE
17:05:42 processing thm:BookProof_YangMillsFieldStrength_commutator_eq_coupling (attempt 1)
17:06:16 thm:BookProof_YangMillsFieldStrength_commutator_eq_coupling: DONE
17:06:16 processing thm:BookProof_BRSTNilpotent_brst_charge_nilpotent (attempt 1)
17:06:51 thm:BookProof_BRSTNilpotent_brst_charge_nilpotent: DONE
17:06:51 processing thm:BookProof_GaugeFixing_matrixModel_Psi_ne_zero (attempt 1)
17:07:26 thm:BookProof_GaugeFixing_matrixModel_Psi_ne_zero: DONE
17:07:26 processing thm:BookProof_GaugeFixing_matrixModel_s_Psi (attempt 1)
17:08:00 thm:BookProof_GaugeFixing_matrixModel_s_Psi: DONE
17:08:00 processing thm:BookProof_GaugeFixing_L_gf_evaluation (attempt 1)
17:08:35 thm:BookProof_GaugeFixing_L_gf_evaluation: DONE
17:08:35 processing thm:BookProof_NavierStokes_ghostAnticomm_create (attempt 1)
17:09:08 thm:BookProof_NavierStokes_ghostAnticomm_create: DONE
17:09:08 processing thm:BookProof_NavierStokes_ghostNumber_hermitian (attempt 1)
17:09:43 thm:BookProof_NavierStokes_ghostNumber_hermitian: DONE
17:09:43 processing thm:BookProof_NavierStokes_ghostNumber_idem (attempt 1)
17:10:18 thm:BookProof_NavierStokes_ghostNumber_idem: DONE
17:10:18 processing thm:BookProof_NavierStokes_ghostNumber_resolution (attempt 1)
17:11:04 thm:BookProof_NavierStokes_ghostNumber_resolution: DONE
17:11:04 processing thm:BookProof_SirkFinitePrecision_CertInterval_abs_polyEval_le_of_mem (attempt 1)
17:11:46 thm:BookProof_SirkFinitePrecision_CertInterval_abs_polyEval_le_of_mem: DONE
17:11:46 processing thm:BookProof_SirkFinitePrecision_CertInterval_polyEval_le_of_mem (attempt 1)
17:12:26 thm:BookProof_SirkFinitePrecision_CertInterval_polyEval_le_of_mem: DONE
17:12:26 processing thm:BookProof_SirkFinitePrecision_exists_eigenvalue_dist_le_residual (attempt 1)
17:13:00 thm:BookProof_SirkFinitePrecision_exists_eigenvalue_dist_le_residual: DONE
17:13:00 processing thm:BookProof_SirkFinitePrecision_ground_le_rayleigh (attempt 1)
17:13:36 thm:BookProof_SirkFinitePrecision_ground_le_rayleigh: DONE
17:13:36 processing thm:BookProof_SirkFinitePrecision_temple_lower_bound (attempt 1)
17:14:09 thm:BookProof_SirkFinitePrecision_temple_lower_bound: DONE
17:14:09 processing thm:BookProof_GaugeFixing_matrixModel_s_Psi_ne_zero (attempt 1)
17:14:44 thm:BookProof_GaugeFixing_matrixModel_s_Psi_ne_zero: DONE
17:14:44 processing thm:BookProof_GaugeFixing_int_L_gf_evaluated (attempt 1)
17:15:18 thm:BookProof_GaugeFixing_int_L_gf_evaluated: DONE
17:15:18 processing thm:BookProof_SirkFinitePrecision_backward_error_weyl (attempt 1)
17:15:57 thm:BookProof_SirkFinitePrecision_backward_error_weyl: DONE
17:15:57 processing thm:BookProof_SirkFinitePrecision_exists_eigenvalue_dist_le_residual_unit (attempt 1)
17:16:36 thm:BookProof_SirkFinitePrecision_exists_eigenvalue_dist_le_residual_unit: DONE
17:16:36 processing thm:BookProof_SirkFinitePrecision_backward_error_weyl_symm (attempt 1)
17:17:10 thm:BookProof_SirkFinitePrecision_backward_error_weyl_symm: DONE
17:17:10 processing sol:BookProof_BRSTNilpotent_chi_cyc3 (attempt 1)
17:18:19 sol:BookProof_BRSTNilpotent_chi_cyc3: DONE
17:18:19 processing sol:BookProof_BRSTNilpotent_chi_swap4 (attempt 1)
17:19:28 sol:BookProof_BRSTNilpotent_chi_swap4: DONE
17:19:28 processing sol:BookProof_GaugeFixing_L_gf_invariant (attempt 1)
17:20:58 sol:BookProof_GaugeFixing_L_gf_invariant: DONE
17:20:58 processing sol:BookProof_GaugeFixing_Pm_mul_Vm (attempt 1)
17:22:28 sol:BookProof_GaugeFixing_Pm_mul_Vm: DONE
17:22:28 processing sol:BookProof_GaugeFixing_Pm_ne_zero (attempt 1)
17:23:59 sol:BookProof_GaugeFixing_Pm_ne_zero: DONE
17:23:59 processing sol:BookProof_GaugeFixing_Qm_ne_zero (attempt 1)
17:25:20 sol:BookProof_GaugeFixing_Qm_ne_zero: DONE
17:25:20 processing sol:BookProof_GaugeFixing_addDeg_fst (attempt 1)
17:26:40 sol:BookProof_GaugeFixing_addDeg_fst: DONE
17:26:40 processing sol:BookProof_GaugeFixing_addDeg_snd (attempt 1)
17:27:38 sol:BookProof_GaugeFixing_addDeg_snd: DONE
17:27:38 processing sol:BookProof_GaugeFixing_int_L_gf_eq_zero (attempt 1)
17:29:09 sol:BookProof_GaugeFixing_int_L_gf_eq_zero: DONE
17:29:09 processing sol:BookProof_GaugeFixing_matrixModelIntegral_ne_zero (attempt 1)
17:30:18 sol:BookProof_GaugeFixing_matrixModelIntegral_ne_zero: DONE
17:30:18 processing sol:BookProof_GaugeFixing_matrixModel_B_ne_zero (attempt 1)
17:31:38 sol:BookProof_GaugeFixing_matrixModel_B_ne_zero: DONE
17:31:38 processing sol:BookProof_GaugeFixing_s_B_eq_zero (attempt 1)
17:33:20 sol:BookProof_GaugeFixing_s_B_eq_zero: DONE
17:33:20 processing sol:BookProof_GaugeFixing_s_c_eq_zero (attempt 1)
17:34:51 sol:BookProof_GaugeFixing_s_c_eq_zero: DONE
17:34:51 processing sol:BookProof_GaugeFixing_s_d_phi (attempt 1)
17:36:00 sol:BookProof_GaugeFixing_s_d_phi: DONE
17:36:00 processing sol:BookProof_GhostField_brst_charge_nilpotent (attempt 1)
17:37:10 sol:BookProof_GhostField_brst_charge_nilpotent: DONE
17:37:10 processing sol:BookProof_GhostField_car (attempt 1)
17:38:19 sol:BookProof_GhostField_car: DONE
17:38:19 processing sol:BookProof_GhostField_numberOp_add_hole (attempt 1)
17:40:01 sol:BookProof_GhostField_numberOp_add_hole: DONE
17:40:01 processing sol:BookProof_GhostField_numberOp_eq (attempt 1)
17:41:42 sol:BookProof_GhostField_numberOp_eq: DONE
17:41:42 processing sol:BookProof_GhostField_numberOp_idempotent (attempt 1)
17:43:18 sol:BookProof_GhostField_numberOp_idempotent: DONE
17:43:18 processing sol:BookProof_GhostField_numberOp_selfAdjoint (attempt 1)
17:45:00 sol:BookProof_GhostField_numberOp_selfAdjoint: DONE
17:45:00 processing sol:BookProof_GhostField_psiDag_eq_conjTranspose (attempt 1)
17:46:21 sol:BookProof_GhostField_psiDag_eq_conjTranspose: DONE
17:46:21 processing sol:BookProof_GhostField_psiDag_sq (attempt 1)
17:48:09 sol:BookProof_GhostField_psiDag_sq: DONE
17:48:09 processing sol:BookProof_GhostField_psi_sq (attempt 1)
17:49:22 sol:BookProof_GhostField_psi_sq: DONE
17:49:22 processing sol:BookProof_MassGap_exp_conj_eq_self (attempt 1)
17:51:15 sol:BookProof_MassGap_exp_conj_eq_self: DONE
17:51:15 processing sol:BookProof_MassGap_massGap_shifted_gapless (attempt 1)
17:52:51 sol:BookProof_MassGap_massGap_shifted_gapless: DONE
17:52:51 processing sol:BookProof_MassGap_shiftedSpectrum_excited (attempt 1)
17:54:11 sol:BookProof_MassGap_shiftedSpectrum_excited: DONE
17:54:11 processing sol:BookProof_MassGap_shiftedSpectrum_vacuum (attempt 1)
17:55:32 sol:BookProof_MassGap_shiftedSpectrum_vacuum: DONE
17:55:32 processing sol:BookProof_NavierStokes_ghostAnnih_sq (attempt 1)
17:57:14 sol:BookProof_NavierStokes_ghostAnnih_sq: DONE
17:57:14 processing sol:BookProof_NavierStokes_ghostCreate_eq (attempt 1)
17:58:44 sol:BookProof_NavierStokes_ghostCreate_eq: DONE
17:58:44 processing sol:BookProof_NavierStokes_ghostCreate_eq_conjTranspose (attempt 1)
18:00:04 sol:BookProof_NavierStokes_ghostCreate_eq_conjTranspose: DONE
18:00:04 processing sol:BookProof_SirkFinitePrecision_CertInterval_abs_le_of_isotone (attempt 1)
18:01:47 sol:BookProof_SirkFinitePrecision_CertInterval_abs_le_of_isotone: DONE
18:01:47 processing sol:BookProof_SirkFinitePrecision_CertInterval_dist_le_width (attempt 1)
18:04:33 sol:BookProof_SirkFinitePrecision_CertInterval_dist_le_width: DONE
18:04:33 processing sol:BookProof_SirkFinitePrecision_CertInterval_le_sup_bound_of_isotone (attempt 1)
18:06:26 sol:BookProof_SirkFinitePrecision_CertInterval_le_sup_bound_of_isotone: DONE
18:06:26 processing sol:BookProof_SirkFinitePrecision_CertInterval_mem_add (attempt 1)
18:07:48 sol:BookProof_SirkFinitePrecision_CertInterval_mem_add: DONE
18:07:48 processing sol:BookProof_SirkFinitePrecision_CertInterval_mem_const (attempt 1)
18:08:58 sol:BookProof_SirkFinitePrecision_CertInterval_mem_const: DONE
18:08:58 processing sol:BookProof_SirkFinitePrecision_CertInterval_mem_mul (attempt 1)
18:10:40 sol:BookProof_SirkFinitePrecision_CertInterval_mem_mul: DONE
18:10:40 processing sol:BookProof_SirkFinitePrecision_CertInterval_mem_neg (attempt 1)
18:12:22 sol:BookProof_SirkFinitePrecision_CertInterval_mem_neg: DONE
18:12:22 processing sol:BookProof_SirkFinitePrecision_CertInterval_mem_ofRounded (attempt 1)
18:13:31 sol:BookProof_SirkFinitePrecision_CertInterval_mem_ofRounded: DONE
18:13:31 processing sol:BookProof_SirkFinitePrecision_CertInterval_mem_sub (attempt 1)
18:14:40 sol:BookProof_SirkFinitePrecision_CertInterval_mem_sub: DONE
18:14:40 processing sol:BookProof_SirkFinitePrecision_CertInterval_mem_widen (attempt 1)
18:16:32 sol:BookProof_SirkFinitePrecision_CertInterval_mem_widen: DONE
18:16:32 processing sol:BookProof_SirkFinitePrecision_ground_ge_of_no_eigenvalue_below (attempt 1)
18:18:13 sol:BookProof_SirkFinitePrecision_ground_ge_of_no_eigenvalue_below: DONE
18:18:13 processing sol:BookProof_SirkFinitePrecision_hasRealEigenvalue_eigenvalues (attempt 1)
18:19:22 sol:BookProof_SirkFinitePrecision_hasRealEigenvalue_eigenvalues: DONE
18:19:22 processing sol:BookProof_SirkFinitePrecision_norm_sq_eq_sum_repr (attempt 1)
18:21:04 sol:BookProof_SirkFinitePrecision_norm_sq_eq_sum_repr: DONE
18:21:04 processing sol:BookProof_SirkFinitePrecision_observable_propagation (attempt 1)
18:22:36 sol:BookProof_SirkFinitePrecision_observable_propagation: DONE
18:22:36 processing sol:BookProof_SirkFinitePrecision_repr_apply_of_symmetric (attempt 1)
18:24:08 sol:BookProof_SirkFinitePrecision_repr_apply_of_symmetric: DONE
18:24:08 processing sol:BookProof_YangMillsFieldStrength_Fbook_antisymm (attempt 1)
18:26:02 sol:BookProof_YangMillsFieldStrength_Fbook_antisymm: DONE
18:26:02 processing sol:BookProof_YangMillsFieldStrength_fieldStrengthMul_antisymm (attempt 1)
18:27:11 sol:BookProof_YangMillsFieldStrength_fieldStrengthMul_antisymm: DONE
18:27:11 processing sol:BookProof_YangMillsFieldStrength_fieldStrengthMul_eq_Fbook (attempt 1)
18:28:42 sol:BookProof_YangMillsFieldStrength_fieldStrengthMul_eq_Fbook: DONE
18:28:42 processing sol:BookProof_YangMillsFieldStrength_nonabelian_fieldStrength (attempt 1)
18:30:03 sol:BookProof_YangMillsFieldStrength_nonabelian_fieldStrength: DONE
18:30:03 processing sol:BookProof_BRSTNilpotent_contracted_terms_zero (attempt 1)
18:31:59 sol:BookProof_BRSTNilpotent_contracted_terms_zero: DONE
18:31:59 processing sol:BookProof_BRSTNilpotent_quartic_term_zero (attempt 1)
18:33:33 sol:BookProof_BRSTNilpotent_quartic_term_zero: DONE
18:33:33 processing sol:BookProof_GaugeFixing_matrixModel_Psi (attempt 1)
18:34:54 sol:BookProof_GaugeFixing_matrixModel_Psi: DONE
18:34:54 processing sol:BookProof_GaugeFixing_matrixModel_c_ne_zero (attempt 1)
18:36:36 sol:BookProof_GaugeFixing_matrixModel_c_ne_zero: DONE
18:36:36 processing sol:BookProof_GaugeFixing_s_gaugeField (attempt 1)
18:37:58 sol:BookProof_GaugeFixing_s_gaugeField: DONE
18:37:58 processing sol:BookProof_GhostField_brst_charge_nilpotent_ghost (attempt 1)
18:39:40 sol:BookProof_GhostField_brst_charge_nilpotent_ghost: DONE
18:39:40 processing sol:BookProof_MassGap_heisenberg_number_shift_invariant (attempt 1)
18:41:21 sol:BookProof_MassGap_heisenberg_number_shift_invariant: DONE
18:41:21 processing sol:BookProof_NavierStokes_ghostAnticomm_annih (attempt 1)
18:43:02 sol:BookProof_NavierStokes_ghostAnticomm_annih: DONE
18:43:02 processing sol:BookProof_NavierStokes_ghostCreate_sq (attempt 1)
18:44:43 sol:BookProof_NavierStokes_ghostCreate_sq: DONE
18:44:43 processing sol:BookProof_NavierStokes_ghostNumber_eq (attempt 1)
18:46:14 sol:BookProof_NavierStokes_ghostNumber_eq: DONE
18:46:14 processing sol:BookProof_NavierStokes_ghost_CAR (attempt 1)
18:47:55 sol:BookProof_NavierStokes_ghost_CAR: DONE
18:47:55 processing sol:BookProof_NavierStokes_ghost_annih_create_eq (attempt 1)
18:49:15 sol:BookProof_NavierStokes_ghost_annih_create_eq: DONE
18:49:15 processing sol:BookProof_SirkFinitePrecision_CertInterval_mem_evalHorner (attempt 1)
18:51:08 sol:BookProof_SirkFinitePrecision_CertInterval_mem_evalHorner: DONE
18:51:08 processing sol:BookProof_SirkFinitePrecision_index_nonempty (attempt 1)
18:52:39 sol:BookProof_SirkFinitePrecision_index_nonempty: DONE
18:52:39 processing sol:BookProof_SirkFinitePrecision_observable_propagation_band (attempt 1)
18:53:59 sol:BookProof_SirkFinitePrecision_observable_propagation_band: DONE
18:53:59 processing sol:BookProof_SirkFinitePrecision_norm_apply_sq_eq_sum_eigenvalues (attempt 1)
18:55:19 sol:BookProof_SirkFinitePrecision_norm_apply_sq_eq_sum_eigenvalues: DONE
18:55:19 processing sol:BookProof_SirkFinitePrecision_rayleigh_eq_sum_eigenvalues (attempt 1)
18:56:49 sol:BookProof_SirkFinitePrecision_rayleigh_eq_sum_eigenvalues: DONE
18:56:49 processing sol:BookProof_YangMillsFieldStrength_commutator_eq_coupling (attempt 1)
18:58:31 sol:BookProof_YangMillsFieldStrength_commutator_eq_coupling: DONE
18:58:31 processing sol:BookProof_BRSTNilpotent_brst_charge_nilpotent (attempt 1)
19:00:25 sol:BookProof_BRSTNilpotent_brst_charge_nilpotent: DONE
19:00:25 processing sol:BookProof_GaugeFixing_matrixModel_Psi_ne_zero (attempt 1)
19:02:22 sol:BookProof_GaugeFixing_matrixModel_Psi_ne_zero: DONE
19:02:22 processing sol:BookProof_GaugeFixing_matrixModel_s_Psi (attempt 1)
19:04:04 sol:BookProof_GaugeFixing_matrixModel_s_Psi: DONE
19:04:04 processing sol:BookProof_GaugeFixing_L_gf_evaluation (attempt 1)
19:06:00 sol:BookProof_GaugeFixing_L_gf_evaluation: DONE
19:06:00 processing sol:BookProof_NavierStokes_ghostAnticomm_create (attempt 1)
19:07:33 sol:BookProof_NavierStokes_ghostAnticomm_create: DONE
19:07:33 processing sol:BookProof_NavierStokes_ghostNumber_hermitian (attempt 1)
19:09:14 sol:BookProof_NavierStokes_ghostNumber_hermitian: DONE
19:09:14 processing sol:BookProof_NavierStokes_ghostNumber_idem (attempt 1)
19:10:59 sol:BookProof_NavierStokes_ghostNumber_idem: DONE
19:10:59 processing sol:BookProof_NavierStokes_ghostNumber_resolution (attempt 1)
19:12:43 sol:BookProof_NavierStokes_ghostNumber_resolution: DONE
19:12:43 processing sol:BookProof_SirkFinitePrecision_CertInterval_abs_polyEval_le_of_mem (attempt 1)
19:14:47 sol:BookProof_SirkFinitePrecision_CertInterval_abs_polyEval_le_of_mem: DONE
19:14:47 processing sol:BookProof_SirkFinitePrecision_CertInterval_polyEval_le_of_mem (attempt 1)
19:16:09 sol:BookProof_SirkFinitePrecision_CertInterval_polyEval_le_of_mem: DONE
19:16:09 processing sol:BookProof_SirkFinitePrecision_exists_eigenvalue_dist_le_residual (attempt 1)
19:18:02 sol:BookProof_SirkFinitePrecision_exists_eigenvalue_dist_le_residual: DONE
19:18:02 processing sol:BookProof_SirkFinitePrecision_ground_le_rayleigh (attempt 1)
19:19:56 sol:BookProof_SirkFinitePrecision_ground_le_rayleigh: DONE
19:19:56 processing sol:BookProof_SirkFinitePrecision_temple_lower_bound (attempt 1)
19:21:53 sol:BookProof_SirkFinitePrecision_temple_lower_bound: DONE
19:21:53 processing sol:BookProof_GaugeFixing_matrixModel_s_Psi_ne_zero (attempt 1)
19:23:24 sol:BookProof_GaugeFixing_matrixModel_s_Psi_ne_zero: DONE
19:23:24 processing sol:BookProof_GaugeFixing_int_L_gf_evaluated (attempt 1)
19:25:16 sol:BookProof_GaugeFixing_int_L_gf_evaluated: DONE
19:25:16 processing sol:BookProof_SirkFinitePrecision_backward_error_weyl (attempt 1)
19:26:37 sol:BookProof_SirkFinitePrecision_backward_error_weyl: DONE
19:26:37 processing sol:BookProof_SirkFinitePrecision_exists_eigenvalue_dist_le_residual_unit (attempt 1)
19:28:09 sol:BookProof_SirkFinitePrecision_exists_eigenvalue_dist_le_residual_unit: DONE
19:28:09 processing sol:BookProof_SirkFinitePrecision_backward_error_weyl_symm (attempt 1)
19:30:12 sol:BookProof_SirkFinitePrecision_backward_error_weyl_symm: DONE
19:30:12 summary: 196 done, 0 pending, 0 failed
03:38:40 processing def:ChapterBaryonAsymmetry (attempt 1)
03:39:06 def:ChapterBaryonAsymmetry: DONE
03:39:06 processing def:ChapterMajoranaClifford (attempt 1)
03:39:13 processing def:ChapterMajoranaClifford (attempt 1)
03:39:26 processing def:ChapterMajoranaClifford (attempt 1)
03:39:31 def:ChapterMajoranaClifford: DONE
03:39:31 processing def:ChapterMajoranaProp61 (attempt 1)
03:39:35 processing def:ChapterMajoranaProp61 (attempt 1)
03:39:38 def:ChapterMajoranaClifford: FAIL (publish FAILED: A theorem or definition with name "ChapterMajoranaClifford" already exists)
03:39:38 processing def:ChapterMajoranaProp61 (attempt 1)
03:39:43 def:ChapterMajoranaClifford: DONE
03:39:43 processing def:ChapterMajoranaProp61 (attempt 1)
03:39:48 processing def:ChapterMajoranaClifford (attempt 2)
03:39:51 def:ChapterMajoranaProp61: FAIL (submit-definition rejected: {"error": "A theorem or definition with name \"ChapterMajoranaProp61\" already exists"})
03:39:51 processing def:ChapterMajoranaProp76 (attempt 1)
03:39:56 def:ChapterMajoranaProp61: DONE
03:39:56 processing def:ChapterMajoranaProp76 (attempt 1)
03:40:00 processing def:ChapterMajoranaProp61 (attempt 2)
03:40:01 def:ChapterMajoranaProp61: FAIL (publish FAILED: A theorem or definition with name "ChapterMajoranaProp61" already exists)
03:40:01 processing def:ChapterMajoranaProp76 (attempt 1)
03:40:04 def:ChapterMajoranaProp61: FAIL (publish FAILED: A theorem or definition with name "ChapterMajoranaProp61" already exists)
03:40:04 processing def:ChapterMajoranaProp76 (attempt 1)
03:40:05 def:ChapterMajoranaClifford: DONE
03:40:05 processing def:ChapterMajoranaProp61 (attempt 1)
03:40:09 def:ChapterMajoranaProp61: DONE
03:40:09 processing def:ChapterMajoranaProp76 (attempt 1)
03:40:11 def:ChapterMajoranaProp76: FAIL (submit-definition rejected: {"error": "A theorem or definition with name \"ChapterMajoranaProp76\" already exists"})
03:40:11 processing def:ChapterParityMajoranaQuant (attempt 1)
03:40:13 def:ChapterMajoranaProp76: FAIL (submit-definition rejected: {"error": "A theorem or definition with name \"ChapterMajoranaProp76\" already exists"})
03:40:13 processing def:ChapterParityMajoranaQuant (attempt 1)
03:40:16 def:ChapterMajoranaProp76: DONE
03:40:16 processing def:ChapterParityMajoranaQuant (attempt 1)
03:40:18 def:ChapterMajoranaProp76: DONE
03:40:18 processing def:ChapterParityMajoranaQuant (attempt 1)
03:40:21 def:ChapterMajoranaProp76: FAIL (publish FAILED: A theorem or definition with name "ChapterMajoranaProp76" already exists)
03:40:21 processing def:ChapterParityMajoranaQuant (attempt 1)
03:40:25 def:ChapterMajoranaProp61: DONE
03:40:25 processing def:ChapterMajoranaProp76 (attempt 1)
03:40:32 def:ChapterMajoranaProp76: DONE
03:40:32 processing def:ChapterParityMajoranaQuant (attempt 1)
03:40:37 def:ChapterParityMajoranaQuant: DONE
03:40:37 processing def:ChapterSirkGroupTransfer (attempt 1)
03:40:39 def:ChapterParityMajoranaQuant: DONE
03:40:39 processing def:ChapterSirkGroupTransfer (attempt 1)
03:40:43 def:ChapterParityMajoranaQuant: FAIL (publish FAILED: A theorem or definition with name "ChapterParityMajoranaQuant" already exists)
03:40:43 processing def:ChapterSirkGroupTransfer (attempt 1)
03:40:45 def:ChapterParityMajoranaQuant: FAIL (publish FAILED: A theorem or definition with name "ChapterParityMajoranaQuant" already exists)
03:40:45 processing def:ChapterSirkGroupTransfer (attempt 1)
03:40:46 def:ChapterParityMajoranaQuant: FAIL (publish FAILED: A theorem or definition with name "ChapterParityMajoranaQuant" already exists)
03:40:46 processing def:ChapterSirkGroupTransfer (attempt 1)
03:40:47 def:ChapterParityMajoranaQuant: FAIL (publish FAILED: A theorem or definition with name "ChapterParityMajoranaQuant" already exists)
03:40:47 processing def:ChapterSirkGroupTransfer (attempt 1)
03:41:04 def:ChapterSirkGroupTransfer: DONE
03:41:04 processing def:ChapterYangMillsBianchi (attempt 1)
03:41:05 def:ChapterSirkGroupTransfer: FAIL (publish FAILED: A theorem or definition with name "ChapterSirkGroupTransfer" already exists)
03:41:05 processing def:ChapterYangMillsBianchi (attempt 1)
03:41:08 def:ChapterSirkGroupTransfer: FAIL (publish FAILED: A theorem or definition with name "ChapterSirkGroupTransfer" already exists)
03:41:08 processing def:ChapterYangMillsBianchi (attempt 1)
03:41:12 def:ChapterSirkGroupTransfer: FAIL (publish FAILED: A theorem or definition with name "ChapterSirkGroupTransfer" already exists)
03:41:12 processing def:ChapterYangMillsBianchi (attempt 1)
03:41:13 def:ChapterSirkGroupTransfer: FAIL (publish FAILED: A theorem or definition with name "ChapterSirkGroupTransfer" already exists)
03:41:13 processing def:ChapterYangMillsBianchi (attempt 1)
03:41:13 def:ChapterSirkGroupTransfer: FAIL (publish FAILED: A theorem or definition with name "ChapterSirkGroupTransfer" already exists)
03:41:13 processing def:ChapterYangMillsBianchi (attempt 1)
03:41:22 def:ChapterYangMillsBianchi: FAIL (submit-definition rejected: {"error": "A theorem or definition with name \"ChapterYangMillsBianchi\" already exists"})
03:41:22 processing def:ChapterYangMillsSU3 (attempt 1)
03:41:23 def:ChapterYangMillsBianchi: FAIL (submit-definition rejected: {"error": "A theorem or definition with name \"ChapterYangMillsBianchi\" already exists"})
03:41:23 processing def:ChapterYangMillsSU3 (attempt 1)
03:41:29 def:ChapterYangMillsBianchi: DONE
03:41:29 processing def:ChapterYangMillsSU3 (attempt 1)
03:41:30 def:ChapterYangMillsBianchi: FAIL (publish FAILED: A theorem or definition with name "ChapterYangMillsBianchi" already exists)
03:41:30 processing def:ChapterYangMillsSU3 (attempt 1)
03:41:33 def:ChapterYangMillsBianchi: FAIL (publish FAILED: A theorem or definition with name "ChapterYangMillsBianchi" already exists)
03:41:33 processing def:ChapterYangMillsSU3 (attempt 1)
03:41:38 def:ChapterYangMillsBianchi: FAIL (publish FAILED: A theorem or definition with name "ChapterYangMillsBianchi" already exists)
03:41:38 processing def:ChapterYangMillsSU3 (attempt 1)
03:41:42 def:ChapterYangMillsSU3: FAIL (submit-definition rejected: {"error": "A theorem or definition with name \"ChapterYangMillsSU3\" already exists"})
03:41:42 processing thm:BookProof_ChapterBaryonAsymmetry_matterRadiationRatio_eq (attempt 1)
03:41:45 def:ChapterYangMillsSU3: DONE
03:41:45 processing thm:BookProof_ChapterBaryonAsymmetry_matterRadiationRatio_eq (attempt 1)
03:41:47 def:ChapterYangMillsSU3: DONE
03:41:47 processing thm:BookProof_ChapterBaryonAsymmetry_matterRadiationRatio_eq (attempt 1)
03:41:48 def:ChapterYangMillsSU3: FAIL (publish FAILED: A theorem or definition with name "ChapterYangMillsSU3" already exists)
03:41:48 processing thm:BookProof_ChapterBaryonAsymmetry_matterRadiationRatio_eq (attempt 1)
03:41:55 def:ChapterYangMillsSU3: FAIL (publish FAILED: A theorem or definition with name "ChapterYangMillsSU3" already exists)
03:41:55 processing thm:BookProof_ChapterBaryonAsymmetry_matterRadiationRatio_eq (attempt 1)
03:41:57 def:ChapterYangMillsSU3: FAIL (publish FAILED: A theorem or definition with name "ChapterYangMillsSU3" already exists)
03:41:57 processing thm:BookProof_ChapterBaryonAsymmetry_matterRadiationRatio_eq (attempt 1)
03:42:23 thm:BookProof_ChapterBaryonAsymmetry_matterRadiationRatio_eq: DONE
03:42:23 processing thm:BookProof_ChapterBaryonAsymmetry_matter_satisfies_continuity (attempt 1)
03:42:28 thm:BookProof_ChapterBaryonAsymmetry_matterRadiationRatio_eq: FAIL (publish FAILED: A theorem with name "BookProof.ChapterBaryonAsymmetry.matterRadiationRatio_eq" already exists)
03:42:28 processing thm:BookProof_ChapterBaryonAsymmetry_matter_satisfies_continuity (attempt 1)
03:42:31 thm:BookProof_ChapterBaryonAsymmetry_matterRadiationRatio_eq: FAIL (publish FAILED: A theorem with name "BookProof.ChapterBaryonAsymmetry.matterRadiationRatio_eq" already exists)
03:42:31 processing thm:BookProof_ChapterBaryonAsymmetry_matter_satisfies_continuity (attempt 1)
03:42:35 thm:BookProof_ChapterBaryonAsymmetry_matterRadiationRatio_eq: FAIL (publish FAILED: A theorem with name "BookProof.ChapterBaryonAsymmetry.matterRadiationRatio_eq" already exists)
03:42:35 processing thm:BookProof_ChapterBaryonAsymmetry_matter_satisfies_continuity (attempt 1)
03:42:38 thm:BookProof_ChapterBaryonAsymmetry_matterRadiationRatio_eq: FAIL (publish FAILED: A theorem with name "BookProof.ChapterBaryonAsymmetry.matterRadiationRatio_eq" already exists)
03:42:38 processing thm:BookProof_ChapterBaryonAsymmetry_matter_satisfies_continuity (attempt 1)
03:42:56 thm:BookProof_ChapterBaryonAsymmetry_matterRadiationRatio_eq: FAIL (publish FAILED: A theorem with name "BookProof.ChapterBaryonAsymmetry.matterRadiationRatio_eq" already exists)
03:42:56 processing thm:BookProof_ChapterBaryonAsymmetry_matter_satisfies_continuity (attempt 1)
03:43:01 thm:BookProof_ChapterBaryonAsymmetry_matter_satisfies_continuity: DONE
03:43:01 processing thm:BookProof_ChapterBaryonAsymmetry_radiation_satisfies_continuity (attempt 1)
03:43:02 thm:BookProof_ChapterBaryonAsymmetry_matter_satisfies_continuity: REUSING existing BookProof.ChapterBaryonAsymmetry.matter_satisfies_continuity (Open) ed34ecf0-b9b0-40ff-81ee-051adcf11a59
03:43:02 thm:BookProof_ChapterBaryonAsymmetry_matter_satisfies_continuity: DONE
03:43:02 processing thm:BookProof_ChapterBaryonAsymmetry_radiation_satisfies_continuity (attempt 1)
03:43:04 thm:BookProof_ChapterBaryonAsymmetry_matter_satisfies_continuity: FAIL (publish FAILED: A theorem with name "BookProof.ChapterBaryonAsymmetry.matter_satisfies_continuity" already exists)
03:43:04 processing thm:BookProof_ChapterBaryonAsymmetry_radiation_satisfies_continuity (attempt 1)
03:43:05 thm:BookProof_ChapterBaryonAsymmetry_matter_satisfies_continuity: FAIL (publish FAILED: A theorem with name "BookProof.ChapterBaryonAsymmetry.matter_satisfies_continuity" already exists)
03:43:05 processing thm:BookProof_ChapterBaryonAsymmetry_radiation_satisfies_continuity (attempt 1)
03:43:08 thm:BookProof_ChapterBaryonAsymmetry_matter_satisfies_continuity: FAIL (publish FAILED: A theorem with name "BookProof.ChapterBaryonAsymmetry.matter_satisfies_continuity" already exists)
03:43:08 processing thm:BookProof_ChapterBaryonAsymmetry_radiation_satisfies_continuity (attempt 1)
03:43:12 thm:BookProof_ChapterBaryonAsymmetry_matter_satisfies_continuity: FAIL (publish FAILED: A theorem with name "BookProof.ChapterBaryonAsymmetry.matter_satisfies_continuity" already exists)
03:43:12 processing thm:BookProof_ChapterBaryonAsymmetry_radiation_satisfies_continuity (attempt 1)
03:43:34 thm:BookProof_ChapterBaryonAsymmetry_radiation_satisfies_continuity: DONE
03:43:34 processing thm:BookProof_ChapterMajoranaProp61_gsq_Hsq_comm (attempt 1)
03:43:36 thm:BookProof_ChapterBaryonAsymmetry_radiation_satisfies_continuity: FAIL (publish FAILED: A theorem with name "BookProof.ChapterBaryonAsymmetry.radiation_satisfies_continuity" already exists)
03:43:36 processing thm:BookProof_ChapterMajoranaProp61_gsq_Hsq_comm (attempt 1)
03:43:37 thm:BookProof_ChapterBaryonAsymmetry_radiation_satisfies_continuity: FAIL (publish FAILED: A theorem with name "BookProof.ChapterBaryonAsymmetry.radiation_satisfies_continuity" already exists)
03:43:37 processing thm:BookProof_ChapterMajoranaProp61_gsq_Hsq_comm (attempt 1)
03:43:37 thm:BookProof_ChapterMajoranaProp61_gsq_Hsq_comm: FAIL (cannot split formal_statement from /home/leo/prove2me_workspace/Theorems/Thm_BookProof_ChapterMajoranaProp61_gsq_Hsq_comm.lean)
03:43:37 processing thm:BookProof_ChapterMajoranaProp61_prop61_mul_star_self (attempt 1)
03:43:41 thm:BookProof_ChapterMajoranaProp61_gsq_Hsq_comm: FAIL (cannot split formal_statement from /home/leo/prove2me_workspace/Theorems/Thm_BookProof_ChapterMajoranaProp61_gsq_Hsq_comm.lean)
03:43:41 processing thm:BookProof_ChapterMajoranaProp61_prop61_mul_star_self (attempt 1)
03:43:41 thm:BookProof_ChapterMajoranaProp61_gsq_Hsq_comm: FAIL (cannot split formal_statement from /home/leo/prove2me_workspace/Theorems/Thm_BookProof_ChapterMajoranaProp61_gsq_Hsq_comm.lean)
03:43:41 processing thm:BookProof_ChapterMajoranaProp61_prop61_mul_star_self (attempt 1)
03:43:41 thm:BookProof_ChapterMajoranaProp61_prop61_mul_star_self: FAIL (cannot split formal_statement from /home/leo/prove2me_workspace/Theorems/Thm_BookProof_ChapterMajoranaProp61_prop61_mul_star_self.lean)
03:43:41 processing thm:BookProof_ChapterMajoranaProp61_prop61_star_mul_self (attempt 1)
03:43:45 thm:BookProof_ChapterMajoranaProp61_prop61_mul_star_self: FAIL (cannot split formal_statement from /home/leo/prove2me_workspace/Theorems/Thm_BookProof_ChapterMajoranaProp61_prop61_mul_star_self.lean)
03:43:45 processing thm:BookProof_ChapterMajoranaProp61_prop61_star_mul_self (attempt 1)
03:43:45 thm:BookProof_ChapterMajoranaProp61_prop61_mul_star_self: FAIL (cannot split formal_statement from /home/leo/prove2me_workspace/Theorems/Thm_BookProof_ChapterMajoranaProp61_prop61_mul_star_self.lean)
03:43:45 processing thm:BookProof_ChapterMajoranaProp61_prop61_star_mul_self (attempt 1)
03:43:45 thm:BookProof_ChapterMajoranaProp61_prop61_star_mul_self: FAIL (cannot split formal_statement from /home/leo/prove2me_workspace/Theorems/Thm_BookProof_ChapterMajoranaProp61_prop61_star_mul_self.lean)
03:43:45 processing thm:BookProof_ChapterMajoranaProp76_LinearIsometryEquiv_isNote4Unitary (attempt 1)
03:43:48 thm:BookProof_ChapterBaryonAsymmetry_radiation_satisfies_continuity: FAIL (publish FAILED: A theorem with name "BookProof.ChapterBaryonAsymmetry.radiation_satisfies_continuity" already exists)
03:43:48 processing thm:BookProof_ChapterMajoranaProp61_gsq_Hsq_comm (attempt 1)
03:43:48 thm:BookProof_ChapterBaryonAsymmetry_radiation_satisfies_continuity: FAIL (publish FAILED: A theorem with name "BookProof.ChapterBaryonAsymmetry.radiation_satisfies_continuity" already exists)
03:43:48 processing thm:BookProof_ChapterMajoranaProp61_gsq_Hsq_comm (attempt 1)
03:43:48 thm:BookProof_ChapterMajoranaProp61_prop61_star_mul_self: FAIL (cannot split formal_statement from /home/leo/prove2me_workspace/Theorems/Thm_BookProof_ChapterMajoranaProp61_prop61_star_mul_self.lean)
03:43:48 processing thm:BookProof_ChapterMajoranaProp76_LinearIsometryEquiv_isNote4Unitary (attempt 1)
03:43:49 thm:BookProof_ChapterMajoranaProp61_prop61_star_mul_self: FAIL (cannot split formal_statement from /home/leo/prove2me_workspace/Theorems/Thm_BookProof_ChapterMajoranaProp61_prop61_star_mul_self.lean)
03:43:49 processing thm:BookProof_ChapterMajoranaProp76_LinearIsometryEquiv_isNote4Unitary (attempt 1)
03:43:53 thm:BookProof_ChapterMajoranaProp61_gsq_Hsq_comm: FAIL (cannot split formal_statement from /home/leo/prove2me_workspace/Theorems/Thm_BookProof_ChapterMajoranaProp61_gsq_Hsq_comm.lean)
03:43:53 processing thm:BookProof_ChapterMajoranaProp61_prop61_mul_star_self (attempt 1)
03:43:53 thm:BookProof_ChapterMajoranaProp61_gsq_Hsq_comm: FAIL (cannot split formal_statement from /home/leo/prove2me_workspace/Theorems/Thm_BookProof_ChapterMajoranaProp61_gsq_Hsq_comm.lean)
03:43:53 processing thm:BookProof_ChapterMajoranaProp61_prop61_mul_star_self (attempt 1)
03:43:56 thm:BookProof_ChapterMajoranaProp61_prop61_mul_star_self: FAIL (cannot split formal_statement from /home/leo/prove2me_workspace/Theorems/Thm_BookProof_ChapterMajoranaProp61_prop61_mul_star_self.lean)
03:43:56 processing thm:BookProof_ChapterMajoranaProp61_prop61_star_mul_self (attempt 1)
03:43:57 thm:BookProof_ChapterMajoranaProp61_prop61_mul_star_self: FAIL (cannot split formal_statement from /home/leo/prove2me_workspace/Theorems/Thm_BookProof_ChapterMajoranaProp61_prop61_mul_star_self.lean)
03:43:57 processing thm:BookProof_ChapterMajoranaProp61_prop61_star_mul_self (attempt 1)
03:43:59 thm:BookProof_ChapterBaryonAsymmetry_radiation_satisfies_continuity: FAIL (publish FAILED: A theorem with name "BookProof.ChapterBaryonAsymmetry.radiation_satisfies_continuity" already exists)
03:43:59 processing thm:BookProof_ChapterMajoranaProp61_gsq_Hsq_comm (attempt 1)
03:44:00 thm:BookProof_ChapterMajoranaProp61_prop61_star_mul_self: FAIL (cannot split formal_statement from /home/leo/prove2me_workspace/Theorems/Thm_BookProof_ChapterMajoranaProp61_prop61_star_mul_self.lean)
03:44:00 processing thm:BookProof_ChapterMajoranaProp76_LinearIsometryEquiv_isNote4Unitary (attempt 1)
03:44:01 thm:BookProof_ChapterMajoranaProp61_prop61_star_mul_self: FAIL (cannot split formal_statement from /home/leo/prove2me_workspace/Theorems/Thm_BookProof_ChapterMajoranaProp61_prop61_star_mul_self.lean)
03:44:01 processing thm:BookProof_ChapterMajoranaProp76_LinearIsometryEquiv_isNote4Unitary (attempt 1)
03:44:03 thm:BookProof_ChapterMajoranaProp61_gsq_Hsq_comm: FAIL (cannot split formal_statement from /home/leo/prove2me_workspace/Theorems/Thm_BookProof_ChapterMajoranaProp61_gsq_Hsq_comm.lean)
03:44:03 processing thm:BookProof_ChapterMajoranaProp61_prop61_mul_star_self (attempt 1)
03:44:07 thm:BookProof_ChapterMajoranaProp61_prop61_mul_star_self: FAIL (cannot split formal_statement from /home/leo/prove2me_workspace/Theorems/Thm_BookProof_ChapterMajoranaProp61_prop61_mul_star_self.lean)
03:44:07 processing thm:BookProof_ChapterMajoranaProp61_prop61_star_mul_self (attempt 1)
03:44:10 thm:BookProof_ChapterMajoranaProp61_prop61_star_mul_self: FAIL (cannot split formal_statement from /home/leo/prove2me_workspace/Theorems/Thm_BookProof_ChapterMajoranaProp61_prop61_star_mul_self.lean)
03:44:10 processing thm:BookProof_ChapterMajoranaProp76_LinearIsometryEquiv_isNote4Unitary (attempt 1)
03:44:28 thm:BookProof_ChapterMajoranaProp76_LinearIsometryEquiv_isNote4Unitary: FAIL (publish FAILED: A theorem with name "BookProof.ChapterMajoranaProp76.LinearIsometryEquiv.isNote4Unitary" already exists)
03:44:28 processing thm:BookProof_ChapterMajoranaProp76_note4_comp (attempt 1)
03:44:32 thm:BookProof_ChapterMajoranaProp76_LinearIsometryEquiv_isNote4Unitary: DONE
03:44:32 processing thm:BookProof_ChapterMajoranaProp76_note4_comp (attempt 1)
03:44:34 thm:BookProof_ChapterMajoranaProp76_LinearIsometryEquiv_isNote4Unitary: FAIL (publish FAILED: A theorem with name "BookProof.ChapterMajoranaProp76.LinearIsometryEquiv.isNote4Unitary" already exists)
03:44:34 processing thm:BookProof_ChapterMajoranaProp76_note4_comp (attempt 1)
03:44:40 thm:BookProof_ChapterMajoranaProp76_LinearIsometryEquiv_isNote4Unitary: FAIL (publish FAILED: A theorem with name "BookProof.ChapterMajoranaProp76.LinearIsometryEquiv.isNote4Unitary" already exists)
03:44:40 processing thm:BookProof_ChapterMajoranaProp76_note4_comp (attempt 1)
03:44:43 thm:BookProof_ChapterMajoranaProp76_LinearIsometryEquiv_isNote4Unitary: FAIL (publish FAILED: A theorem with name "BookProof.ChapterMajoranaProp76.LinearIsometryEquiv.isNote4Unitary" already exists)
03:44:43 processing thm:BookProof_ChapterMajoranaProp76_note4_comp (attempt 1)
03:45:00 thm:BookProof_ChapterMajoranaProp76_LinearIsometryEquiv_isNote4Unitary: FAIL (publish FAILED: A theorem with name "BookProof.ChapterMajoranaProp76.LinearIsometryEquiv.isNote4Unitary" already exists)
03:45:00 processing thm:BookProof_ChapterMajoranaProp76_note4_comp (attempt 1)
03:45:01 thm:BookProof_ChapterMajoranaProp76_note4_comp: DONE
03:45:01 processing thm:BookProof_ChapterParityMajoranaQuant_J_annih (attempt 1)
03:45:07 thm:BookProof_ChapterMajoranaProp76_note4_comp: REUSING existing BookProof.ChapterMajoranaProp76.note4_comp (Open) 32995b2f-d63a-4386-8931-e2e2407f4dfc
03:45:07 thm:BookProof_ChapterMajoranaProp76_note4_comp: DONE
03:45:07 processing thm:BookProof_ChapterParityMajoranaQuant_J_annih (attempt 1)
03:45:14 thm:BookProof_ChapterMajoranaProp76_note4_comp: FAIL (publish FAILED: A theorem with name "BookProof.ChapterMajoranaProp76.note4_comp" already exists)
03:45:14 processing thm:BookProof_ChapterParityMajoranaQuant_J_annih (attempt 1)
03:45:14 thm:BookProof_ChapterMajoranaProp76_note4_comp: FAIL (publish FAILED: A theorem with name "BookProof.ChapterMajoranaProp76.note4_comp" already exists)
03:45:14 processing thm:BookProof_ChapterParityMajoranaQuant_J_annih (attempt 1)
03:45:22 thm:BookProof_ChapterParityMajoranaQuant_J_annih: FAIL (FileNotFoundError: [Errno 2] No such file or directory: '/home/leo/prove2me_workspace/state/pipeline.json.tmp' -> '/home/leo/prove2me_workspace/state/)
03:45:22 processing thm:BookProof_ChapterParityMajoranaQuant_J_creat (attempt 1)
03:45:25 thm:BookProof_ChapterMajoranaProp76_note4_comp: FAIL (publish FAILED: A theorem with name "BookProof.ChapterMajoranaProp76.note4_comp" already exists)
03:45:25 processing thm:BookProof_ChapterParityMajoranaQuant_J_annih (attempt 1)
03:45:33 thm:BookProof_ChapterMajoranaProp76_note4_comp: FAIL (publish FAILED: A theorem with name "BookProof.ChapterMajoranaProp76.note4_comp" already exists)
03:45:33 processing thm:BookProof_ChapterParityMajoranaQuant_J_annih (attempt 1)
03:45:40 thm:BookProof_ChapterParityMajoranaQuant_J_annih: REUSING existing BookProof.ChapterParityMajoranaQuant.J_annih (Open) 19c21155-3347-4f32-b438-a1807e75dbe9
03:45:40 thm:BookProof_ChapterParityMajoranaQuant_J_annih: DONE
03:45:40 processing thm:BookProof_ChapterParityMajoranaQuant_J_creat (attempt 1)
03:45:43 thm:BookProof_ChapterParityMajoranaQuant_J_annih: DONE
03:45:43 processing thm:BookProof_ChapterParityMajoranaQuant_J_creat (attempt 1)
03:45:49 thm:BookProof_ChapterParityMajoranaQuant_J_annih: FAIL (publish FAILED: A theorem with name "BookProof.ChapterParityMajoranaQuant.J_annih" already exists)
03:45:49 processing thm:BookProof_ChapterParityMajoranaQuant_J_creat (attempt 1)
03:46:05 thm:BookProof_ChapterParityMajoranaQuant_J_annih: FAIL (publish FAILED: A theorem with name "BookProof.ChapterParityMajoranaQuant.J_annih" already exists)
03:46:05 processing thm:BookProof_ChapterParityMajoranaQuant_J_creat (attempt 1)
03:46:41 thm:BookProof_ChapterParityMajoranaQuant_J_annih: FAIL (publish FAILED: A theorem with name "BookProof.ChapterParityMajoranaQuant.J_annih" already exists)
03:46:41 processing thm:BookProof_ChapterParityMajoranaQuant_J_creat (attempt 1)
03:46:55 thm:BookProof_ChapterParityMajoranaQuant_J_creat: DONE
03:46:55 processing thm:BookProof_ChapterParityMajoranaQuant_J_unitary (attempt 1)
03:47:00 thm:BookProof_ChapterParityMajoranaQuant_J_creat: FAIL (publish FAILED: A theorem with name "BookProof.ChapterParityMajoranaQuant.J_creat" already exists)
03:47:00 processing thm:BookProof_ChapterParityMajoranaQuant_J_unitary (attempt 1)
03:47:05 thm:BookProof_ChapterParityMajoranaQuant_J_creat: FAIL (publish FAILED: A theorem with name "BookProof.ChapterParityMajoranaQuant.J_creat" already exists)
03:47:05 processing thm:BookProof_ChapterParityMajoranaQuant_J_unitary (attempt 1)
03:47:24 thm:BookProof_ChapterParityMajoranaQuant_J_creat: FAIL (publish FAILED: A theorem with name "BookProof.ChapterParityMajoranaQuant.J_creat" already exists)
03:47:24 processing thm:BookProof_ChapterParityMajoranaQuant_J_unitary (attempt 1)
03:47:27 thm:BookProof_ChapterParityMajoranaQuant_J_creat: FAIL (publish FAILED: A theorem with name "BookProof.ChapterParityMajoranaQuant.J_creat" already exists)
03:47:27 processing thm:BookProof_ChapterParityMajoranaQuant_J_unitary (attempt 1)
03:47:29 thm:BookProof_ChapterParityMajoranaQuant_J_creat: FAIL (publish FAILED: A theorem with name "BookProof.ChapterParityMajoranaQuant.J_creat" already exists)
03:47:29 processing thm:BookProof_ChapterParityMajoranaQuant_J_unitary (attempt 1)
03:47:37 thm:BookProof_ChapterParityMajoranaQuant_J_unitary: FAIL (publish FAILED: A theorem with name "BookProof.ChapterParityMajoranaQuant.J_unitary" already exists)
03:47:37 processing thm:BookProof_ChapterParityMajoranaQuant_J_unitary' (attempt 1)
03:47:39 thm:BookProof_ChapterParityMajoranaQuant_J_unitary: DONE
03:47:39 processing thm:BookProof_ChapterParityMajoranaQuant_J_unitary' (attempt 1)
03:47:44 thm:BookProof_ChapterParityMajoranaQuant_J_unitary: FAIL (submit-problem rejected: {"jobs": [], "errors": ["A theorem with theorem_name \"BookProof.ChapterParityMajoranaQuant.J_unitary\" already exists"], "me)
03:47:44 processing thm:BookProof_ChapterParityMajoranaQuant_J_unitary' (attempt 1)
03:47:48 thm:BookProof_ChapterParityMajoranaQuant_J_unitary: FAIL (submit-problem rejected: {"jobs": [], "errors": ["A theorem with theorem_name \"BookProof.ChapterParityMajoranaQuant.J_unitary\" already exists"], "me)
03:47:48 processing thm:BookProof_ChapterParityMajoranaQuant_J_unitary' (attempt 1)
03:47:49 thm:BookProof_ChapterParityMajoranaQuant_J_unitary': FAIL (submit-problem rejected: {"jobs": [], "errors": ["theorem_name must be a valid Lean identifier (identifier segments separated by '.' for namespaces)"])
03:47:49 processing thm:BookProof_ChapterParityMajoranaQuant_iJ_herm (attempt 1)
03:47:50 thm:BookProof_ChapterParityMajoranaQuant_J_unitary: FAIL (submit-problem rejected: {"jobs": [], "errors": ["A theorem with theorem_name \"BookProof.ChapterParityMajoranaQuant.J_unitary\" already exists"], "me)
03:47:50 processing thm:BookProof_ChapterParityMajoranaQuant_J_unitary' (attempt 1)
03:47:51 thm:BookProof_ChapterParityMajoranaQuant_J_unitary: FAIL (publish FAILED: A theorem with name "BookProof.ChapterParityMajoranaQuant.J_unitary" already exists)
03:47:51 processing thm:BookProof_ChapterParityMajoranaQuant_J_unitary' (attempt 1)
03:47:51 thm:BookProof_ChapterParityMajoranaQuant_J_unitary': FAIL (submit-problem rejected: {"jobs": [], "errors": ["theorem_name must be a valid Lean identifier (identifier segments separated by '.' for namespaces)"])
03:47:51 processing thm:BookProof_ChapterParityMajoranaQuant_iJ_herm (attempt 1)
03:47:57 thm:BookProof_ChapterParityMajoranaQuant_J_unitary': FAIL (submit-problem rejected: {"jobs": [], "errors": ["theorem_name must be a valid Lean identifier (identifier segments separated by '.' for namespaces)"])
03:47:57 processing thm:BookProof_ChapterParityMajoranaQuant_iJ_herm (attempt 1)
03:48:00 thm:BookProof_ChapterParityMajoranaQuant_J_unitary': FAIL (submit-problem rejected: {"jobs": [], "errors": ["theorem_name must be a valid Lean identifier (identifier segments separated by '.' for namespaces)"])
03:48:00 processing thm:BookProof_ChapterParityMajoranaQuant_iJ_herm (attempt 1)
03:48:03 thm:BookProof_ChapterParityMajoranaQuant_J_unitary': FAIL (submit-problem rejected: {"jobs": [], "errors": ["theorem_name must be a valid Lean identifier (identifier segments separated by '.' for namespaces)"])
03:48:03 processing thm:BookProof_ChapterParityMajoranaQuant_iJ_herm (attempt 1)
03:48:04 thm:BookProof_ChapterParityMajoranaQuant_J_unitary': FAIL (submit-problem rejected: {"jobs": [], "errors": ["theorem_name must be a valid Lean identifier (identifier segments separated by '.' for namespaces)"])
03:48:04 processing thm:BookProof_ChapterParityMajoranaQuant_iJ_herm (attempt 1)
03:48:27 thm:BookProof_ChapterParityMajoranaQuant_iJ_herm: DONE
03:48:27 processing thm:BookProof_ChapterParityMajoranaQuant_iJ_sq (attempt 1)
03:48:30 thm:BookProof_ChapterParityMajoranaQuant_iJ_herm: FAIL (publish FAILED: A theorem with name "BookProof.ChapterParityMajoranaQuant.iJ_herm" already exists)
03:48:30 processing thm:BookProof_ChapterParityMajoranaQuant_iJ_sq (attempt 1)
03:48:35 thm:BookProof_ChapterParityMajoranaQuant_iJ_herm: FAIL (publish FAILED: A theorem with name "BookProof.ChapterParityMajoranaQuant.iJ_herm" already exists)
03:48:35 processing thm:BookProof_ChapterParityMajoranaQuant_iJ_sq (attempt 1)
03:48:38 thm:BookProof_ChapterParityMajoranaQuant_iJ_herm: FAIL (publish FAILED: A theorem with name "BookProof.ChapterParityMajoranaQuant.iJ_herm" already exists)
03:48:38 processing thm:BookProof_ChapterParityMajoranaQuant_iJ_sq (attempt 1)
03:48:41 thm:BookProof_ChapterParityMajoranaQuant_iJ_herm: FAIL (publish FAILED: A theorem with name "BookProof.ChapterParityMajoranaQuant.iJ_herm" already exists)
03:48:41 processing thm:BookProof_ChapterParityMajoranaQuant_iJ_sq (attempt 1)
03:48:42 thm:BookProof_ChapterParityMajoranaQuant_iJ_herm: FAIL (publish FAILED: A theorem with name "BookProof.ChapterParityMajoranaQuant.iJ_herm" already exists)
03:48:42 processing thm:BookProof_ChapterParityMajoranaQuant_iJ_sq (attempt 1)
03:49:05 thm:BookProof_ChapterParityMajoranaQuant_iJ_sq: DONE
03:49:05 processing thm:BookProof_ChapterParityMajoranaQuant_proj_add (attempt 1)
03:49:08 thm:BookProof_ChapterParityMajoranaQuant_iJ_sq: FAIL (publish FAILED: A theorem with name "BookProof.ChapterParityMajoranaQuant.iJ_sq" already exists)
03:49:08 processing thm:BookProof_ChapterParityMajoranaQuant_proj_add (attempt 1)
03:49:20 thm:BookProof_ChapterParityMajoranaQuant_iJ_sq: FAIL (publish FAILED: A theorem with name "BookProof.ChapterParityMajoranaQuant.iJ_sq" already exists)
03:49:20 processing thm:BookProof_ChapterParityMajoranaQuant_proj_add (attempt 1)
03:49:20 thm:BookProof_ChapterParityMajoranaQuant_iJ_sq: FAIL (publish FAILED: A theorem with name "BookProof.ChapterParityMajoranaQuant.iJ_sq" already exists)
03:49:20 processing thm:BookProof_ChapterParityMajoranaQuant_proj_add (attempt 1)
03:49:21 thm:BookProof_ChapterParityMajoranaQuant_iJ_sq: FAIL (publish FAILED: A theorem with name "BookProof.ChapterParityMajoranaQuant.iJ_sq" already exists)
03:49:21 processing thm:BookProof_ChapterParityMajoranaQuant_proj_add (attempt 1)
03:49:33 thm:BookProof_ChapterParityMajoranaQuant_iJ_sq: FAIL (publish FAILED: A theorem with name "BookProof.ChapterParityMajoranaQuant.iJ_sq" already exists)
03:49:33 processing thm:BookProof_ChapterParityMajoranaQuant_proj_add (attempt 1)
03:49:39 thm:BookProof_ChapterParityMajoranaQuant_proj_add: FAIL (publish FAILED: A theorem with name "BookProof.ChapterParityMajoranaQuant.proj_add" already exists)
03:49:39 processing thm:BookProof_ChapterParityMajoranaQuant_stdJ_skew (attempt 1)
03:49:42 thm:BookProof_ChapterParityMajoranaQuant_proj_add: DONE
03:49:42 processing thm:BookProof_ChapterParityMajoranaQuant_stdJ_skew (attempt 1)
03:49:44 thm:BookProof_ChapterParityMajoranaQuant_proj_add: DONE
03:49:44 processing thm:BookProof_ChapterParityMajoranaQuant_stdJ_skew (attempt 1)
03:49:56 thm:BookProof_ChapterParityMajoranaQuant_proj_add: FAIL (publish FAILED: A theorem with name "BookProof.ChapterParityMajoranaQuant.proj_add" already exists)
03:49:56 processing thm:BookProof_ChapterParityMajoranaQuant_stdJ_skew (attempt 1)
03:49:57 thm:BookProof_ChapterParityMajoranaQuant_proj_add: FAIL (publish FAILED: A theorem with name "BookProof.ChapterParityMajoranaQuant.proj_add" already exists)
03:49:57 processing thm:BookProof_ChapterParityMajoranaQuant_stdJ_skew (attempt 1)
03:50:05 thm:BookProof_ChapterParityMajoranaQuant_proj_add: FAIL (publish FAILED: A theorem with name "BookProof.ChapterParityMajoranaQuant.proj_add" already exists)
03:50:05 processing thm:BookProof_ChapterParityMajoranaQuant_stdJ_skew (attempt 1)
03:50:12 thm:BookProof_ChapterParityMajoranaQuant_stdJ_skew: REUSING existing BookProof.ChapterParityMajoranaQuant.stdJ_skew (Open) 05231cb7-bb4d-438e-b440-923e341513fa
03:50:12 thm:BookProof_ChapterParityMajoranaQuant_stdJ_skew: DONE
03:50:12 processing thm:BookProof_ChapterParityMajoranaQuant_stdJ_sq (attempt 1)
03:50:14 thm:BookProof_ChapterParityMajoranaQuant_stdJ_skew: DONE
03:50:14 processing thm:BookProof_ChapterParityMajoranaQuant_stdJ_sq (attempt 1)
03:50:18 thm:BookProof_ChapterParityMajoranaQuant_stdJ_skew: FAIL (publish FAILED: A theorem with name "BookProof.ChapterParityMajoranaQuant.stdJ_skew" already exists)
03:50:18 processing thm:BookProof_ChapterParityMajoranaQuant_stdJ_sq (attempt 1)
03:50:19 thm:BookProof_ChapterParityMajoranaQuant_stdJ_skew: FAIL (publish FAILED: A theorem with name "BookProof.ChapterParityMajoranaQuant.stdJ_skew" already exists)
03:50:19 processing thm:BookProof_ChapterParityMajoranaQuant_stdJ_sq (attempt 1)
03:50:38 thm:BookProof_ChapterParityMajoranaQuant_stdJ_skew: FAIL (publish FAILED: A theorem with name "BookProof.ChapterParityMajoranaQuant.stdJ_skew" already exists)
03:50:38 processing thm:BookProof_ChapterParityMajoranaQuant_stdJ_sq (attempt 1)
03:50:45 thm:BookProof_ChapterParityMajoranaQuant_stdJ_sq: FAIL (publish FAILED: A theorem with name "BookProof.ChapterParityMajoranaQuant.stdJ_sq" already exists)
03:50:45 processing thm:BookProof_ChapterSirkGroupTransfer_groupFlow_zero (attempt 1)
03:50:48 thm:BookProof_ChapterParityMajoranaQuant_stdJ_skew: FAIL (publish FAILED: A theorem with name "BookProof.ChapterParityMajoranaQuant.stdJ_skew" already exists)
03:50:48 processing thm:BookProof_ChapterParityMajoranaQuant_stdJ_sq (attempt 1)
03:50:48 thm:BookProof_ChapterSirkGroupTransfer_groupFlow_zero: FAIL (cannot split formal_statement from /home/leo/prove2me_workspace/Theorems/Thm_BookProof_ChapterSirkGroupTransfer_groupFlow_zero.lean)
03:50:48 processing thm:BookProof_ChapterSirkGroupTransfer_norm_pow_le_of_le (attempt 1)
03:50:50 thm:BookProof_ChapterParityMajoranaQuant_stdJ_sq: DONE
03:50:50 processing thm:BookProof_ChapterSirkGroupTransfer_groupFlow_zero (attempt 1)
03:50:51 thm:BookProof_ChapterParityMajoranaQuant_stdJ_sq: DONE
03:50:51 processing thm:BookProof_ChapterSirkGroupTransfer_groupFlow_zero (attempt 1)
03:50:52 thm:BookProof_ChapterSirkGroupTransfer_norm_pow_le_of_le: FAIL (cannot split formal_statement from /home/leo/prove2me_workspace/Theorems/Thm_BookProof_ChapterSirkGroupTransfer_norm_pow_le_of_le.lean)
03:50:52 processing thm:BookProof_MajoranaClifford_Qform_apply (attempt 1)
03:50:53 thm:BookProof_ChapterParityMajoranaQuant_stdJ_sq: FAIL (publish FAILED: A theorem with name "BookProof.ChapterParityMajoranaQuant.stdJ_sq" already exists)
03:50:53 processing thm:BookProof_ChapterSirkGroupTransfer_groupFlow_zero (attempt 1)
03:50:54 thm:BookProof_ChapterSirkGroupTransfer_groupFlow_zero: FAIL (cannot split formal_statement from /home/leo/prove2me_workspace/Theorems/Thm_BookProof_ChapterSirkGroupTransfer_groupFlow_zero.lean)
03:50:54 processing thm:BookProof_ChapterSirkGroupTransfer_norm_pow_le_of_le (attempt 1)
03:50:55 thm:BookProof_ChapterSirkGroupTransfer_groupFlow_zero: FAIL (cannot split formal_statement from /home/leo/prove2me_workspace/Theorems/Thm_BookProof_ChapterSirkGroupTransfer_groupFlow_zero.lean)
03:50:55 processing thm:BookProof_ChapterSirkGroupTransfer_norm_pow_le_of_le (attempt 1)
03:50:56 thm:BookProof_ChapterParityMajoranaQuant_stdJ_sq: REUSING existing BookProof.ChapterParityMajoranaQuant.stdJ_sq (Open) c8ea5e34-73a1-4f5d-97dc-cc5a2b6540d4
03:50:56 thm:BookProof_ChapterParityMajoranaQuant_stdJ_sq: DONE
03:50:56 processing thm:BookProof_ChapterSirkGroupTransfer_groupFlow_zero (attempt 1)
03:50:56 thm:BookProof_ChapterParityMajoranaQuant_stdJ_sq: FAIL (publish FAILED: A theorem with name "BookProof.ChapterParityMajoranaQuant.stdJ_sq" already exists)
03:50:56 processing thm:BookProof_ChapterSirkGroupTransfer_groupFlow_zero (attempt 1)
03:50:57 thm:BookProof_ChapterSirkGroupTransfer_groupFlow_zero: FAIL (cannot split formal_statement from /home/leo/prove2me_workspace/Theorems/Thm_BookProof_ChapterSirkGroupTransfer_groupFlow_zero.lean)
03:50:57 processing thm:BookProof_ChapterSirkGroupTransfer_norm_pow_le_of_le (attempt 1)
03:50:58 thm:BookProof_ChapterSirkGroupTransfer_norm_pow_le_of_le: FAIL (cannot split formal_statement from /home/leo/prove2me_workspace/Theorems/Thm_BookProof_ChapterSirkGroupTransfer_norm_pow_le_of_le.lean)
03:50:58 processing thm:BookProof_MajoranaClifford_Qform_apply (attempt 1)
03:50:59 thm:BookProof_ChapterSirkGroupTransfer_norm_pow_le_of_le: FAIL (cannot split formal_statement from /home/leo/prove2me_workspace/Theorems/Thm_BookProof_ChapterSirkGroupTransfer_norm_pow_le_of_le.lean)
03:50:59 processing thm:BookProof_MajoranaClifford_Qform_apply (attempt 1)
03:51:01 thm:BookProof_ChapterSirkGroupTransfer_groupFlow_zero: FAIL (cannot split formal_statement from /home/leo/prove2me_workspace/Theorems/Thm_BookProof_ChapterSirkGroupTransfer_groupFlow_zero.lean)
03:51:01 processing thm:BookProof_ChapterSirkGroupTransfer_norm_pow_le_of_le (attempt 1)
03:51:01 thm:BookProof_ChapterSirkGroupTransfer_groupFlow_zero: FAIL (cannot split formal_statement from /home/leo/prove2me_workspace/Theorems/Thm_BookProof_ChapterSirkGroupTransfer_groupFlow_zero.lean)
03:51:01 processing thm:BookProof_ChapterSirkGroupTransfer_norm_pow_le_of_le (attempt 1)
03:51:02 thm:BookProof_ChapterSirkGroupTransfer_norm_pow_le_of_le: FAIL (cannot split formal_statement from /home/leo/prove2me_workspace/Theorems/Thm_BookProof_ChapterSirkGroupTransfer_norm_pow_le_of_le.lean)
03:51:02 processing thm:BookProof_MajoranaClifford_Qform_apply (attempt 1)
03:51:05 thm:BookProof_ChapterSirkGroupTransfer_norm_pow_le_of_le: FAIL (cannot split formal_statement from /home/leo/prove2me_workspace/Theorems/Thm_BookProof_ChapterSirkGroupTransfer_norm_pow_le_of_le.lean)
03:51:05 processing thm:BookProof_MajoranaClifford_Qform_apply (attempt 1)
03:51:06 thm:BookProof_ChapterSirkGroupTransfer_norm_pow_le_of_le: FAIL (cannot split formal_statement from /home/leo/prove2me_workspace/Theorems/Thm_BookProof_ChapterSirkGroupTransfer_norm_pow_le_of_le.lean)
03:51:06 processing thm:BookProof_MajoranaClifford_Qform_apply (attempt 1)
03:51:27 thm:BookProof_MajoranaClifford_Qform_apply: DONE
03:51:27 processing thm:BookProof_MajoranaClifford_a_add (attempt 1)
03:51:35 thm:BookProof_MajoranaClifford_Qform_apply: FAIL (publish FAILED: A theorem with name "BookProof.MajoranaClifford.Qform_apply" already exists)
03:51:35 processing thm:BookProof_MajoranaClifford_a_add (attempt 1)
03:51:47 thm:BookProof_MajoranaClifford_Qform_apply: FAIL (publish FAILED: A theorem with name "BookProof.MajoranaClifford.Qform_apply" already exists)
03:51:47 processing thm:BookProof_MajoranaClifford_a_add (attempt 1)
03:51:47 thm:BookProof_MajoranaClifford_Qform_apply: FAIL (publish FAILED: A theorem with name "BookProof.MajoranaClifford.Qform_apply" already exists)
03:51:47 processing thm:BookProof_MajoranaClifford_a_add (attempt 1)
03:51:58 thm:BookProof_MajoranaClifford_Qform_apply: FAIL (publish FAILED: A theorem with name "BookProof.MajoranaClifford.Qform_apply" already exists)
03:51:58 processing thm:BookProof_MajoranaClifford_a_add (attempt 1)
03:52:04 thm:BookProof_MajoranaClifford_a_add: DONE
03:52:04 processing thm:BookProof_MajoranaClifford_a_selfAdjoint (attempt 1)
03:52:05 thm:BookProof_MajoranaClifford_a_add: REUSING existing BookProof.MajoranaClifford.a_add (Open) 7bdf80b5-4c4a-4aa3-9f51-45b438c7e3c7
03:52:05 thm:BookProof_MajoranaClifford_a_add: DONE
03:52:05 processing thm:BookProof_MajoranaClifford_a_selfAdjoint (attempt 1)
03:52:09 thm:BookProof_MajoranaClifford_Qform_apply: FAIL (publish FAILED: A theorem with name "BookProof.MajoranaClifford.Qform_apply" already exists)
03:52:09 processing thm:BookProof_MajoranaClifford_a_add (attempt 1)
03:52:12 thm:BookProof_MajoranaClifford_a_add: FAIL (publish FAILED: A theorem with name "BookProof.MajoranaClifford.a_add" already exists)
03:52:12 processing thm:BookProof_MajoranaClifford_a_selfAdjoint (attempt 1)
03:52:16 thm:BookProof_MajoranaClifford_a_add: REUSING existing BookProof.MajoranaClifford.a_add (Open) 7bdf80b5-4c4a-4aa3-9f51-45b438c7e3c7
03:52:16 thm:BookProof_MajoranaClifford_a_add: DONE
03:52:16 processing thm:BookProof_MajoranaClifford_a_selfAdjoint (attempt 1)
03:52:19 thm:BookProof_MajoranaClifford_a_add: FAIL (publish FAILED: A theorem with name "BookProof.MajoranaClifford.a_add" already exists)
03:52:19 processing thm:BookProof_MajoranaClifford_a_selfAdjoint (attempt 1)
03:52:21 thm:BookProof_MajoranaClifford_a_add: FAIL (publish FAILED: A theorem with name "BookProof.MajoranaClifford.a_add" already exists)
03:52:21 processing thm:BookProof_MajoranaClifford_a_selfAdjoint (attempt 1)
03:52:38 thm:BookProof_MajoranaClifford_a_selfAdjoint: DONE
03:52:38 processing thm:BookProof_MajoranaClifford_a_smul (attempt 1)
03:52:39 thm:BookProof_MajoranaClifford_a_selfAdjoint: FAIL (publish FAILED: A theorem with name "BookProof.MajoranaClifford.a_selfAdjoint" already exists)
03:52:39 processing thm:BookProof_MajoranaClifford_a_smul (attempt 1)
03:52:45 thm:BookProof_MajoranaClifford_a_selfAdjoint: FAIL (publish FAILED: A theorem with name "BookProof.MajoranaClifford.a_selfAdjoint" already exists)
03:52:45 processing thm:BookProof_MajoranaClifford_a_smul (attempt 1)
03:52:50 thm:BookProof_MajoranaClifford_a_selfAdjoint: FAIL (publish FAILED: A theorem with name "BookProof.MajoranaClifford.a_selfAdjoint" already exists)
03:52:50 processing thm:BookProof_MajoranaClifford_a_smul (attempt 1)
03:52:53 thm:BookProof_MajoranaClifford_a_selfAdjoint: FAIL (publish FAILED: A theorem with name "BookProof.MajoranaClifford.a_selfAdjoint" already exists)
03:52:53 processing thm:BookProof_MajoranaClifford_a_smul (attempt 1)
03:52:56 thm:BookProof_MajoranaClifford_a_selfAdjoint: FAIL (publish FAILED: A theorem with name "BookProof.MajoranaClifford.a_selfAdjoint" already exists)
03:52:56 processing thm:BookProof_MajoranaClifford_a_smul (attempt 1)
03:53:13 thm:BookProof_MajoranaClifford_a_smul: FAIL (publish FAILED: A theorem with name "BookProof.MajoranaClifford.a_smul" already exists)
03:53:13 processing thm:BookProof_MajoranaClifford_a_zero (attempt 1)
03:53:15 thm:BookProof_MajoranaClifford_a_smul: DONE
03:53:15 processing thm:BookProof_MajoranaClifford_a_zero (attempt 1)
03:53:19 thm:BookProof_MajoranaClifford_a_smul: FAIL (publish FAILED: A theorem with name "BookProof.MajoranaClifford.a_smul" already exists)
03:53:19 processing thm:BookProof_MajoranaClifford_a_zero (attempt 1)
03:53:24 thm:BookProof_MajoranaClifford_a_smul: FAIL (publish FAILED: A theorem with name "BookProof.MajoranaClifford.a_smul" already exists)
03:53:24 processing thm:BookProof_MajoranaClifford_a_zero (attempt 1)
03:53:27 thm:BookProof_MajoranaClifford_a_smul: FAIL (publish FAILED: A theorem with name "BookProof.MajoranaClifford.a_smul" already exists)
03:53:27 processing thm:BookProof_MajoranaClifford_a_zero (attempt 1)
03:53:30 thm:BookProof_MajoranaClifford_a_smul: FAIL (publish FAILED: A theorem with name "BookProof.MajoranaClifford.a_smul" already exists)
03:53:30 processing thm:BookProof_MajoranaClifford_a_zero (attempt 1)
03:53:43 thm:BookProof_MajoranaClifford_a_zero: FAIL (publish FAILED: A theorem with name "BookProof.MajoranaClifford.a_zero" already exists)
03:53:43 processing thm:BookProof_MajoranaClifford_polar_Qform (attempt 1)
03:53:46 thm:BookProof_MajoranaClifford_a_zero: DONE
03:53:46 processing thm:BookProof_MajoranaClifford_polar_Qform (attempt 1)
03:53:49 thm:BookProof_MajoranaClifford_a_zero: FAIL (publish FAILED: A theorem with name "BookProof.MajoranaClifford.a_zero" already exists)
03:53:49 processing thm:BookProof_MajoranaClifford_polar_Qform (attempt 1)
03:53:58 thm:BookProof_MajoranaClifford_a_zero: FAIL (publish FAILED: A theorem with name "BookProof.MajoranaClifford.a_zero" already exists)
03:53:58 processing thm:BookProof_MajoranaClifford_polar_Qform (attempt 1)
03:54:02 thm:BookProof_MajoranaClifford_a_zero: FAIL (publish FAILED: A theorem with name "BookProof.MajoranaClifford.a_zero" already exists)
03:54:02 processing thm:BookProof_MajoranaClifford_polar_Qform (attempt 1)
03:54:06 thm:BookProof_MajoranaClifford_a_zero: FAIL (publish FAILED: A theorem with name "BookProof.MajoranaClifford.a_zero" already exists)
03:54:06 processing thm:BookProof_MajoranaClifford_polar_Qform (attempt 1)
03:54:17 thm:BookProof_MajoranaClifford_polar_Qform: FAIL (publish FAILED: A theorem with name "BookProof.MajoranaClifford.polar_Qform" already exists)
03:54:17 processing thm:BookProof_MajoranaClifford_reverse_antihom (attempt 1)
03:54:20 thm:BookProof_MajoranaClifford_polar_Qform: FAIL (publish FAILED: A theorem with name "BookProof.MajoranaClifford.polar_Qform" already exists)
03:54:20 processing thm:BookProof_MajoranaClifford_reverse_antihom (attempt 1)
03:54:24 thm:BookProof_MajoranaClifford_polar_Qform: DONE
03:54:24 processing thm:BookProof_MajoranaClifford_reverse_antihom (attempt 1)
03:54:32 thm:BookProof_MajoranaClifford_polar_Qform: FAIL (publish FAILED: A theorem with name "BookProof.MajoranaClifford.polar_Qform" already exists)
03:54:32 processing thm:BookProof_MajoranaClifford_reverse_antihom (attempt 1)
03:54:35 thm:BookProof_MajoranaClifford_polar_Qform: FAIL (publish FAILED: A theorem with name "BookProof.MajoranaClifford.polar_Qform" already exists)
03:54:35 processing thm:BookProof_MajoranaClifford_reverse_antihom (attempt 1)
03:54:39 thm:BookProof_MajoranaClifford_polar_Qform: FAIL (publish FAILED: A theorem with name "BookProof.MajoranaClifford.polar_Qform" already exists)
03:54:39 processing thm:BookProof_MajoranaClifford_reverse_antihom (attempt 1)
03:54:50 thm:BookProof_MajoranaClifford_reverse_antihom: DONE
03:54:50 processing thm:BookProof_MajoranaClifford_reverse_involutive (attempt 1)
03:54:54 thm:BookProof_MajoranaClifford_reverse_antihom: FAIL (publish FAILED: A theorem with name "BookProof.MajoranaClifford.reverse_antihom" already exists)
03:54:54 processing thm:BookProof_MajoranaClifford_reverse_involutive (attempt 1)
03:54:57 thm:BookProof_MajoranaClifford_reverse_antihom: FAIL (publish FAILED: A theorem with name "BookProof.MajoranaClifford.reverse_antihom" already exists)
03:54:57 processing thm:BookProof_MajoranaClifford_reverse_involutive (attempt 1)
03:55:05 thm:BookProof_MajoranaClifford_reverse_antihom: FAIL (publish FAILED: A theorem with name "BookProof.MajoranaClifford.reverse_antihom" already exists)
03:55:05 processing thm:BookProof_MajoranaClifford_reverse_involutive (attempt 1)
03:55:09 thm:BookProof_MajoranaClifford_reverse_antihom: FAIL (publish FAILED: A theorem with name "BookProof.MajoranaClifford.reverse_antihom" already exists)
03:55:09 processing thm:BookProof_MajoranaClifford_reverse_involutive (attempt 1)
03:55:21 thm:BookProof_MajoranaClifford_reverse_antihom: FAIL (publish FAILED: A theorem with name "BookProof.MajoranaClifford.reverse_antihom" already exists)
03:55:21 processing thm:BookProof_MajoranaClifford_reverse_involutive (attempt 1)
03:55:32 thm:BookProof_MajoranaClifford_reverse_involutive: DONE
03:55:32 processing thm:BookProof_YangMillsBianchi_bianchi (attempt 1)
03:55:32 thm:BookProof_MajoranaClifford_reverse_involutive: DONE
03:55:32 processing thm:BookProof_YangMillsBianchi_bianchi (attempt 1)
03:55:35 thm:BookProof_MajoranaClifford_reverse_involutive: FAIL (publish FAILED: A theorem with name "BookProof.MajoranaClifford.reverse_involutive" already exists)
03:55:35 processing thm:BookProof_YangMillsBianchi_bianchi (attempt 1)
03:55:48 thm:BookProof_MajoranaClifford_reverse_involutive: FAIL (publish FAILED: A theorem with name "BookProof.MajoranaClifford.reverse_involutive" already exists)
03:55:48 processing thm:BookProof_YangMillsBianchi_bianchi (attempt 1)
03:55:55 thm:BookProof_MajoranaClifford_reverse_involutive: FAIL (publish FAILED: A theorem with name "BookProof.MajoranaClifford.reverse_involutive" already exists)
03:55:55 processing thm:BookProof_YangMillsBianchi_bianchi (attempt 1)
03:56:07 thm:BookProof_MajoranaClifford_reverse_involutive: FAIL (publish FAILED: A theorem with name "BookProof.MajoranaClifford.reverse_involutive" already exists)
03:56:07 processing thm:BookProof_YangMillsBianchi_bianchi (attempt 1)
03:56:14 thm:BookProof_YangMillsBianchi_bianchi: REUSING existing BookProof.YangMillsBianchi.bianchi (Open) b48de2ae-fab4-4495-8fa9-c49c4a448e50
03:56:14 thm:BookProof_YangMillsBianchi_bianchi: DONE
03:56:14 processing thm:BookProof_YangMillsBianchi_bianchi_cyclic (attempt 1)
03:56:19 thm:BookProof_YangMillsBianchi_bianchi: FAIL (publish FAILED: A theorem with name "BookProof.YangMillsBianchi.bianchi" already exists)
03:56:19 processing thm:BookProof_YangMillsBianchi_bianchi_cyclic (attempt 1)
03:56:19 thm:BookProof_YangMillsBianchi_bianchi: DONE
03:56:19 processing thm:BookProof_YangMillsBianchi_bianchi_cyclic (attempt 1)
03:56:22 thm:BookProof_YangMillsBianchi_bianchi: FAIL (publish FAILED: A theorem with name "BookProof.YangMillsBianchi.bianchi" already exists)
03:56:22 processing thm:BookProof_YangMillsBianchi_bianchi_cyclic (attempt 1)
03:56:29 thm:BookProof_YangMillsBianchi_bianchi: FAIL (publish FAILED: A theorem with name "BookProof.YangMillsBianchi.bianchi" already exists)
03:56:29 processing thm:BookProof_YangMillsBianchi_bianchi_cyclic (attempt 1)
03:56:37 thm:BookProof_YangMillsBianchi_bianchi: FAIL (publish FAILED: A theorem with name "BookProof.YangMillsBianchi.bianchi" already exists)
03:56:37 processing thm:BookProof_YangMillsBianchi_bianchi_cyclic (attempt 1)
03:56:44 thm:BookProof_YangMillsBianchi_bianchi_cyclic: REUSING existing BookProof.YangMillsBianchi.bianchi_cyclic (Open) 857cbf1b-b175-4d8e-8dd2-bbcd556f1877
03:56:44 thm:BookProof_YangMillsBianchi_bianchi_cyclic: DONE
03:56:44 processing thm:BookProof_YangMillsBianchi_fieldStrength_antisymm (attempt 1)
03:56:47 thm:BookProof_YangMillsBianchi_bianchi_cyclic: DONE
03:56:47 processing thm:BookProof_YangMillsBianchi_fieldStrength_antisymm (attempt 1)
03:56:53 thm:BookProof_YangMillsBianchi_bianchi_cyclic: FAIL (publish FAILED: A theorem with name "BookProof.YangMillsBianchi.bianchi_cyclic" already exists)
03:56:53 processing thm:BookProof_YangMillsBianchi_fieldStrength_antisymm (attempt 1)
03:56:54 thm:BookProof_YangMillsBianchi_bianchi_cyclic: FAIL (publish FAILED: A theorem with name "BookProof.YangMillsBianchi.bianchi_cyclic" already exists)
03:56:54 processing thm:BookProof_YangMillsBianchi_fieldStrength_antisymm (attempt 1)
03:57:02 thm:BookProof_YangMillsBianchi_bianchi_cyclic: FAIL (publish FAILED: A theorem with name "BookProof.YangMillsBianchi.bianchi_cyclic" already exists)
03:57:02 processing thm:BookProof_YangMillsBianchi_fieldStrength_antisymm (attempt 1)
03:57:04 thm:BookProof_YangMillsBianchi_bianchi_cyclic: FAIL (publish FAILED: A theorem with name "BookProof.YangMillsBianchi.bianchi_cyclic" already exists)
03:57:04 processing thm:BookProof_YangMillsBianchi_fieldStrength_antisymm (attempt 1)
03:57:18 thm:BookProof_YangMillsBianchi_fieldStrength_antisymm: FAIL (publish FAILED: A theorem with name "BookProof.YangMillsBianchi.fieldStrength_antisymm" already exists)
03:57:18 processing thm:BookProof_YangMillsSU3_structureConstant_formula (attempt 1)
03:57:21 thm:BookProof_YangMillsBianchi_fieldStrength_antisymm: DONE
03:57:21 processing thm:BookProof_YangMillsSU3_structureConstant_formula (attempt 1)
03:57:26 thm:BookProof_YangMillsBianchi_fieldStrength_antisymm: FAIL (publish FAILED: A theorem with name "BookProof.YangMillsBianchi.fieldStrength_antisymm" already exists)
03:57:26 processing thm:BookProof_YangMillsSU3_structureConstant_formula (attempt 1)
03:57:36 thm:BookProof_YangMillsBianchi_fieldStrength_antisymm: FAIL (publish FAILED: A theorem with name "BookProof.YangMillsBianchi.fieldStrength_antisymm" already exists)
03:57:36 processing thm:BookProof_YangMillsSU3_structureConstant_formula (attempt 1)
03:57:44 thm:BookProof_YangMillsBianchi_fieldStrength_antisymm: FAIL (publish FAILED: A theorem with name "BookProof.YangMillsBianchi.fieldStrength_antisymm" already exists)
03:57:44 processing thm:BookProof_YangMillsSU3_structureConstant_formula (attempt 1)
03:57:55 thm:BookProof_YangMillsBianchi_fieldStrength_antisymm: FAIL (publish FAILED: A theorem with name "BookProof.YangMillsBianchi.fieldStrength_antisymm" already exists)
03:57:55 processing thm:BookProof_YangMillsSU3_structureConstant_formula (attempt 1)
03:58:02 thm:BookProof_YangMillsSU3_structureConstant_formula: REUSING existing BookProof.YangMillsSU3.structureConstant_formula (Open) 8408375f-dcdf-424c-ae96-42d43bab9cda
03:58:02 thm:BookProof_YangMillsSU3_structureConstant_formula: DONE
03:58:02 processing thm:BookProof_YangMillsSU3_structureConstant_jacobi (attempt 1)
03:58:05 thm:BookProof_YangMillsSU3_structureConstant_formula: FAIL (publish FAILED: A theorem with name "BookProof.YangMillsSU3.structureConstant_formula" already exists)
03:58:05 processing thm:BookProof_YangMillsSU3_structureConstant_jacobi (attempt 1)
03:58:06 thm:BookProof_YangMillsSU3_structureConstant_formula: DONE
03:58:06 processing thm:BookProof_YangMillsSU3_structureConstant_jacobi (attempt 1)
03:58:17 thm:BookProof_YangMillsSU3_structureConstant_formula: FAIL (publish FAILED: A theorem with name "BookProof.YangMillsSU3.structureConstant_formula" already exists)
03:58:17 processing thm:BookProof_YangMillsSU3_structureConstant_jacobi (attempt 1)
03:58:27 thm:BookProof_YangMillsSU3_structureConstant_formula: FAIL (publish FAILED: A theorem with name "BookProof.YangMillsSU3.structureConstant_formula" already exists)
03:58:27 processing thm:BookProof_YangMillsSU3_structureConstant_jacobi (attempt 1)
03:58:34 thm:BookProof_YangMillsSU3_structureConstant_formula: FAIL (publish FAILED: A theorem with name "BookProof.YangMillsSU3.structureConstant_formula" already exists)
03:58:34 processing thm:BookProof_YangMillsSU3_structureConstant_jacobi (attempt 1)
03:58:35 thm:BookProof_YangMillsSU3_structureConstant_jacobi: DONE
03:58:35 processing thm:BookProof_ChapterBaryonAsymmetry_matterRadiationRatio_strictMonoOn (attempt 1)
03:58:40 thm:BookProof_YangMillsSU3_structureConstant_jacobi: FAIL (publish FAILED: A theorem with name "BookProof.YangMillsSU3.structureConstant_jacobi" already exists)
03:58:40 processing thm:BookProof_ChapterBaryonAsymmetry_matterRadiationRatio_strictMonoOn (attempt 1)
03:58:44 thm:BookProof_YangMillsSU3_structureConstant_jacobi: FAIL (submit-problem rejected: {"jobs": [], "errors": ["A theorem with theorem_name \"BookProof.YangMillsSU3.structureConstant_jacobi\" already exists"], "m)
03:58:44 processing thm:BookProof_ChapterBaryonAsymmetry_matterRadiationRatio_strictMonoOn (attempt 1)
03:58:50 thm:BookProof_YangMillsSU3_structureConstant_jacobi: FAIL (publish FAILED: A theorem with name "BookProof.YangMillsSU3.structureConstant_jacobi" already exists)
03:58:50 processing thm:BookProof_ChapterBaryonAsymmetry_matterRadiationRatio_strictMonoOn (attempt 1)
03:58:51 thm:BookProof_YangMillsSU3_structureConstant_jacobi: FAIL (publish FAILED: A theorem with name "BookProof.YangMillsSU3.structureConstant_jacobi" already exists)
03:58:51 processing thm:BookProof_ChapterBaryonAsymmetry_matterRadiationRatio_strictMonoOn (attempt 1)
03:58:55 thm:BookProof_YangMillsSU3_structureConstant_jacobi: FAIL (submit-problem rejected: {"jobs": [], "errors": ["A theorem with theorem_name \"BookProof.YangMillsSU3.structureConstant_jacobi\" already exists"], "m)
03:58:55 processing thm:BookProof_ChapterBaryonAsymmetry_matterRadiationRatio_strictMonoOn (attempt 1)
03:59:13 thm:BookProof_ChapterBaryonAsymmetry_matterRadiationRatio_strictMonoOn: DONE
03:59:13 processing thm:BookProof_ChapterBaryonAsymmetry_matterRadiationRatio_tendsto_atTop (attempt 1)
03:59:22 thm:BookProof_ChapterBaryonAsymmetry_matterRadiationRatio_strictMonoOn: FAIL (publish FAILED: A theorem with name "BookProof.ChapterBaryonAsymmetry.matterRadiationRatio_strictMonoOn" already exists)
03:59:22 processing thm:BookProof_ChapterBaryonAsymmetry_matterRadiationRatio_tendsto_atTop (attempt 1)
03:59:26 thm:BookProof_ChapterBaryonAsymmetry_matterRadiationRatio_strictMonoOn: FAIL (publish FAILED: A theorem with name "BookProof.ChapterBaryonAsymmetry.matterRadiationRatio_strictMonoOn" already exists)
03:59:26 processing thm:BookProof_ChapterBaryonAsymmetry_matterRadiationRatio_tendsto_atTop (attempt 1)
03:59:34 thm:BookProof_ChapterBaryonAsymmetry_matterRadiationRatio_strictMonoOn: FAIL (publish FAILED: A theorem with name "BookProof.ChapterBaryonAsymmetry.matterRadiationRatio_strictMonoOn" already exists)
03:59:34 processing thm:BookProof_ChapterBaryonAsymmetry_matterRadiationRatio_tendsto_atTop (attempt 1)
03:59:35 thm:BookProof_ChapterBaryonAsymmetry_matterRadiationRatio_strictMonoOn: FAIL (publish FAILED: A theorem with name "BookProof.ChapterBaryonAsymmetry.matterRadiationRatio_strictMonoOn" already exists)
03:59:35 processing thm:BookProof_ChapterBaryonAsymmetry_matterRadiationRatio_tendsto_atTop (attempt 1)
03:59:38 thm:BookProof_ChapterBaryonAsymmetry_matterRadiationRatio_strictMonoOn: FAIL (publish FAILED: A theorem with name "BookProof.ChapterBaryonAsymmetry.matterRadiationRatio_strictMonoOn" already exists)
03:59:38 processing thm:BookProof_ChapterBaryonAsymmetry_matterRadiationRatio_tendsto_atTop (attempt 1)
03:59:50 thm:BookProof_ChapterBaryonAsymmetry_matterRadiationRatio_tendsto_atTop: DONE
03:59:50 processing thm:BookProof_ChapterMajoranaProp61_prop61_isUnit (attempt 1)
03:59:51 thm:BookProof_ChapterBaryonAsymmetry_matterRadiationRatio_tendsto_atTop: FAIL (publish FAILED: A theorem with name "BookProof.ChapterBaryonAsymmetry.matterRadiationRatio_tendsto_atTop" already exists)
03:59:51 processing thm:BookProof_ChapterMajoranaProp61_prop61_isUnit (attempt 1)
03:59:51 thm:BookProof_ChapterBaryonAsymmetry_matterRadiationRatio_tendsto_atTop: DONE
03:59:51 processing thm:BookProof_ChapterMajoranaProp61_prop61_isUnit (attempt 1)
03:59:55 thm:BookProof_ChapterBaryonAsymmetry_matterRadiationRatio_tendsto_atTop: DONE
03:59:55 processing thm:BookProof_ChapterMajoranaProp61_prop61_isUnit (attempt 1)
04:00:01 thm:BookProof_ChapterBaryonAsymmetry_matterRadiationRatio_tendsto_atTop: FAIL (publish FAILED: A theorem with name "BookProof.ChapterBaryonAsymmetry.matterRadiationRatio_tendsto_atTop" already exists)
04:00:01 processing thm:BookProof_ChapterMajoranaProp61_prop61_isUnit (attempt 1)
04:00:10 thm:BookProof_ChapterBaryonAsymmetry_matterRadiationRatio_tendsto_atTop: FAIL (publish FAILED: A theorem with name "BookProof.ChapterBaryonAsymmetry.matterRadiationRatio_tendsto_atTop" already exists)
04:00:10 processing thm:BookProof_ChapterMajoranaProp61_prop61_isUnit (attempt 1)
04:00:43 thm:BookProof_ChapterMajoranaProp61_prop61_isUnit: FAIL (publish FAILED: A theorem with name "BookProof.ChapterMajoranaProp61.prop61_isUnit" already exists)
04:00:43 processing thm:BookProof_ChapterMajoranaProp76_fourierTransform_isNote4Unitary (attempt 1)
04:00:44 thm:BookProof_ChapterMajoranaProp61_prop61_isUnit: DONE
04:00:44 processing thm:BookProof_ChapterMajoranaProp76_fourierTransform_isNote4Unitary (attempt 1)
04:00:50 thm:BookProof_ChapterMajoranaProp61_prop61_isUnit: FAIL (publish FAILED: A theorem with name "BookProof.ChapterMajoranaProp61.prop61_isUnit" already exists)
04:00:50 processing thm:BookProof_ChapterMajoranaProp76_fourierTransform_isNote4Unitary (attempt 1)
04:00:51 thm:BookProof_ChapterMajoranaProp61_prop61_isUnit: FAIL (publish FAILED: A theorem with name "BookProof.ChapterMajoranaProp61.prop61_isUnit" already exists)
04:00:51 processing thm:BookProof_ChapterMajoranaProp76_fourierTransform_isNote4Unitary (attempt 1)
04:00:55 thm:BookProof_ChapterMajoranaProp61_prop61_isUnit: FAIL (publish FAILED: A theorem with name "BookProof.ChapterMajoranaProp61.prop61_isUnit" already exists)
04:00:55 processing thm:BookProof_ChapterMajoranaProp76_fourierTransform_isNote4Unitary (attempt 1)
04:01:12 thm:BookProof_ChapterMajoranaProp61_prop61_isUnit: FAIL (publish FAILED: A theorem with name "BookProof.ChapterMajoranaProp61.prop61_isUnit" already exists)
04:01:12 processing thm:BookProof_ChapterMajoranaProp76_fourierTransform_isNote4Unitary (attempt 1)
04:01:18 thm:BookProof_ChapterMajoranaProp76_fourierTransform_isNote4Unitary: DONE
04:01:18 processing thm:BookProof_ChapterMajoranaProp76_note4_conj (attempt 1)
04:01:20 thm:BookProof_ChapterMajoranaProp76_fourierTransform_isNote4Unitary: REUSING existing BookProof.ChapterMajoranaProp76.fourierTransform_isNote4Unitary (Open) 2cdf5458-531e-46ef-a4e3-e76ff33a66c8
04:01:20 thm:BookProof_ChapterMajoranaProp76_fourierTransform_isNote4Unitary: DONE
04:01:20 processing thm:BookProof_ChapterMajoranaProp76_note4_conj (attempt 1)
04:01:24 thm:BookProof_ChapterMajoranaProp76_fourierTransform_isNote4Unitary: FAIL (publish FAILED: A theorem with name "BookProof.ChapterMajoranaProp76.fourierTransform_isNote4Unitary" already exists)
04:01:24 processing thm:BookProof_ChapterMajoranaProp76_note4_conj (attempt 1)
04:01:27 thm:BookProof_ChapterMajoranaProp76_fourierTransform_isNote4Unitary: FAIL (publish FAILED: A theorem with name "BookProof.ChapterMajoranaProp76.fourierTransform_isNote4Unitary" already exists)
04:01:27 processing thm:BookProof_ChapterMajoranaProp76_note4_conj (attempt 1)
04:01:37 thm:BookProof_ChapterMajoranaProp76_fourierTransform_isNote4Unitary: FAIL (publish FAILED: A theorem with name "BookProof.ChapterMajoranaProp76.fourierTransform_isNote4Unitary" already exists)
04:01:37 processing thm:BookProof_ChapterMajoranaProp76_note4_conj (attempt 1)
04:01:43 thm:BookProof_ChapterMajoranaProp76_fourierTransform_isNote4Unitary: FAIL (publish FAILED: A theorem with name "BookProof.ChapterMajoranaProp76.fourierTransform_isNote4Unitary" already exists)
04:01:43 processing thm:BookProof_ChapterMajoranaProp76_note4_conj (attempt 1)
04:01:49 thm:BookProof_ChapterMajoranaProp76_note4_conj: DONE
04:01:49 processing thm:BookProof_ChapterParityMajoranaQuant_annihProj_herm (attempt 1)
04:01:51 thm:BookProof_ChapterMajoranaProp76_note4_conj: REUSING existing BookProof.ChapterMajoranaProp76.note4_conj (Open) 1d96d635-0969-4ced-9029-f3cf12ca18fd
04:01:51 thm:BookProof_ChapterMajoranaProp76_note4_conj: DONE
04:01:51 processing thm:BookProof_ChapterParityMajoranaQuant_annihProj_herm (attempt 1)
04:01:51 thm:BookProof_ChapterMajoranaProp76_note4_conj: DONE
04:01:51 processing thm:BookProof_ChapterParityMajoranaQuant_annihProj_herm (attempt 1)
04:01:57 thm:BookProof_ChapterMajoranaProp76_note4_conj: FAIL (publish FAILED: A theorem with name "BookProof.ChapterMajoranaProp76.note4_conj" already exists)
04:01:57 processing thm:BookProof_ChapterParityMajoranaQuant_annihProj_herm (attempt 1)
04:02:02 thm:BookProof_ChapterMajoranaProp76_note4_conj: FAIL (publish FAILED: A theorem with name "BookProof.ChapterMajoranaProp76.note4_conj" already exists)
04:02:02 processing thm:BookProof_ChapterParityMajoranaQuant_annihProj_herm (attempt 1)
04:02:09 thm:BookProof_ChapterMajoranaProp76_note4_conj: FAIL (publish FAILED: A theorem with name "BookProof.ChapterMajoranaProp76.note4_conj" already exists)
04:02:09 processing thm:BookProof_ChapterParityMajoranaQuant_annihProj_herm (attempt 1)
04:02:27 thm:BookProof_ChapterParityMajoranaQuant_annihProj_herm: DONE
04:02:27 processing thm:BookProof_ChapterParityMajoranaQuant_creatProj_herm (attempt 1)
04:02:27 thm:BookProof_ChapterParityMajoranaQuant_annihProj_herm: FAIL (publish FAILED: A theorem with name "BookProof.ChapterParityMajoranaQuant.annihProj_herm" already exists)
04:02:27 processing thm:BookProof_ChapterParityMajoranaQuant_creatProj_herm (attempt 1)
04:02:33 thm:BookProof_ChapterParityMajoranaQuant_annihProj_herm: FAIL (publish FAILED: A theorem with name "BookProof.ChapterParityMajoranaQuant.annihProj_herm" already exists)
04:02:33 processing thm:BookProof_ChapterParityMajoranaQuant_creatProj_herm (attempt 1)
04:02:39 thm:BookProof_ChapterParityMajoranaQuant_annihProj_herm: FAIL (publish FAILED: A theorem with name "BookProof.ChapterParityMajoranaQuant.annihProj_herm" already exists)
04:02:39 processing thm:BookProof_ChapterParityMajoranaQuant_creatProj_herm (attempt 1)
04:02:42 thm:BookProof_ChapterParityMajoranaQuant_annihProj_herm: FAIL (publish FAILED: A theorem with name "BookProof.ChapterParityMajoranaQuant.annihProj_herm" already exists)
04:02:42 processing thm:BookProof_ChapterParityMajoranaQuant_creatProj_herm (attempt 1)
04:02:44 thm:BookProof_ChapterParityMajoranaQuant_annihProj_herm: FAIL (publish FAILED: A theorem with name "BookProof.ChapterParityMajoranaQuant.annihProj_herm" already exists)
04:02:44 processing thm:BookProof_ChapterParityMajoranaQuant_creatProj_herm (attempt 1)
04:03:02 thm:BookProof_ChapterParityMajoranaQuant_creatProj_herm: DONE
04:03:02 processing thm:BookProof_ChapterParityMajoranaQuant_annihProj_idem (attempt 1)
04:03:10 thm:BookProof_ChapterParityMajoranaQuant_creatProj_herm: FAIL (publish FAILED: A theorem with name "BookProof.ChapterParityMajoranaQuant.creatProj_herm" already exists)
04:03:10 processing thm:BookProof_ChapterParityMajoranaQuant_annihProj_idem (attempt 1)
04:03:21 thm:BookProof_ChapterParityMajoranaQuant_creatProj_herm: FAIL (publish FAILED: A theorem with name "BookProof.ChapterParityMajoranaQuant.creatProj_herm" already exists)
04:03:21 processing thm:BookProof_ChapterParityMajoranaQuant_annihProj_idem (attempt 1)
04:03:23 thm:BookProof_ChapterParityMajoranaQuant_creatProj_herm: FAIL (publish FAILED: A theorem with name "BookProof.ChapterParityMajoranaQuant.creatProj_herm" already exists)
04:03:23 processing thm:BookProof_ChapterParityMajoranaQuant_annihProj_idem (attempt 1)
04:03:24 thm:BookProof_ChapterParityMajoranaQuant_creatProj_herm: FAIL (publish FAILED: A theorem with name "BookProof.ChapterParityMajoranaQuant.creatProj_herm" already exists)
04:03:24 processing thm:BookProof_ChapterParityMajoranaQuant_annihProj_idem (attempt 1)
04:03:28 thm:BookProof_ChapterParityMajoranaQuant_creatProj_herm: FAIL (publish FAILED: A theorem with name "BookProof.ChapterParityMajoranaQuant.creatProj_herm" already exists)
04:03:28 processing thm:BookProof_ChapterParityMajoranaQuant_annihProj_idem (attempt 1)
04:03:36 thm:BookProof_ChapterParityMajoranaQuant_annihProj_idem: DONE
04:03:36 processing thm:BookProof_ChapterParityMajoranaQuant_annih_creat_zero (attempt 1)
04:03:38 thm:BookProof_ChapterParityMajoranaQuant_annihProj_idem: DONE
04:03:38 processing thm:BookProof_ChapterParityMajoranaQuant_annih_creat_zero (attempt 1)
04:03:38 thm:BookProof_ChapterParityMajoranaQuant_annihProj_idem: REUSING existing BookProof.ChapterParityMajoranaQuant.annihProj_idem (Open) cb782c85-be5e-4b02-a422-374279930782
04:03:38 thm:BookProof_ChapterParityMajoranaQuant_annihProj_idem: DONE
04:03:38 processing thm:BookProof_ChapterParityMajoranaQuant_annih_creat_zero (attempt 1)
04:03:43 thm:BookProof_ChapterParityMajoranaQuant_annihProj_idem: FAIL (publish FAILED: A theorem with name "BookProof.ChapterParityMajoranaQuant.annihProj_idem" already exists)
04:03:43 processing thm:BookProof_ChapterParityMajoranaQuant_annih_creat_zero (attempt 1)
04:03:54 thm:BookProof_ChapterParityMajoranaQuant_annihProj_idem: FAIL (publish FAILED: A theorem with name "BookProof.ChapterParityMajoranaQuant.annihProj_idem" already exists)
04:03:54 processing thm:BookProof_ChapterParityMajoranaQuant_annih_creat_zero (attempt 1)
04:03:58 thm:BookProof_ChapterParityMajoranaQuant_annihProj_idem: FAIL (publish FAILED: A theorem with name "BookProof.ChapterParityMajoranaQuant.annihProj_idem" already exists)
04:03:58 processing thm:BookProof_ChapterParityMajoranaQuant_annih_creat_zero (attempt 1)
04:04:16 thm:BookProof_ChapterParityMajoranaQuant_annih_creat_zero: DONE
04:04:16 processing thm:BookProof_ChapterParityMajoranaQuant_creatProj_idem (attempt 1)
04:04:20 thm:BookProof_ChapterParityMajoranaQuant_annih_creat_zero: FAIL (publish FAILED: A theorem with name "BookProof.ChapterParityMajoranaQuant.annih_creat_zero" already exists)
04:04:20 processing thm:BookProof_ChapterParityMajoranaQuant_creatProj_idem (attempt 1)
04:04:29 thm:BookProof_ChapterParityMajoranaQuant_annih_creat_zero: FAIL (publish FAILED: A theorem with name "BookProof.ChapterParityMajoranaQuant.annih_creat_zero" already exists)
04:04:29 processing thm:BookProof_ChapterParityMajoranaQuant_creatProj_idem (attempt 1)
04:04:31 thm:BookProof_ChapterParityMajoranaQuant_annih_creat_zero: FAIL (publish FAILED: A theorem with name "BookProof.ChapterParityMajoranaQuant.annih_creat_zero" already exists)
04:04:31 processing thm:BookProof_ChapterParityMajoranaQuant_creatProj_idem (attempt 1)
04:04:32 thm:BookProof_ChapterParityMajoranaQuant_annih_creat_zero: FAIL (publish FAILED: A theorem with name "BookProof.ChapterParityMajoranaQuant.annih_creat_zero" already exists)
04:04:32 processing thm:BookProof_ChapterParityMajoranaQuant_creatProj_idem (attempt 1)
04:04:44 thm:BookProof_ChapterParityMajoranaQuant_annih_creat_zero: FAIL (publish FAILED: A theorem with name "BookProof.ChapterParityMajoranaQuant.annih_creat_zero" already exists)
04:04:44 processing thm:BookProof_ChapterParityMajoranaQuant_creatProj_idem (attempt 1)
04:05:07 thm:BookProof_ChapterParityMajoranaQuant_creatProj_idem: DONE
04:05:07 processing thm:BookProof_ChapterParityMajoranaQuant_creat_annih_zero (attempt 1)
04:05:11 thm:BookProof_ChapterParityMajoranaQuant_creatProj_idem: FAIL (publish FAILED: A theorem with name "BookProof.ChapterParityMajoranaQuant.creatProj_idem" already exists)
04:05:11 processing thm:BookProof_ChapterParityMajoranaQuant_creat_annih_zero (attempt 1)
04:05:14 thm:BookProof_ChapterParityMajoranaQuant_creatProj_idem: FAIL (publish FAILED: A theorem with name "BookProof.ChapterParityMajoranaQuant.creatProj_idem" already exists)
04:05:14 processing thm:BookProof_ChapterParityMajoranaQuant_creat_annih_zero (attempt 1)
04:05:28 thm:BookProof_ChapterParityMajoranaQuant_creatProj_idem: FAIL (publish FAILED: A theorem with name "BookProof.ChapterParityMajoranaQuant.creatProj_idem" already exists)
04:05:28 processing thm:BookProof_ChapterParityMajoranaQuant_creat_annih_zero (attempt 1)
04:05:32 thm:BookProof_ChapterParityMajoranaQuant_creatProj_idem: FAIL (publish FAILED: A theorem with name "BookProof.ChapterParityMajoranaQuant.creatProj_idem" already exists)
04:05:32 processing thm:BookProof_ChapterParityMajoranaQuant_creat_annih_zero (attempt 1)
04:05:46 thm:BookProof_ChapterParityMajoranaQuant_creatProj_idem: FAIL (publish FAILED: A theorem with name "BookProof.ChapterParityMajoranaQuant.creatProj_idem" already exists)
04:05:46 processing thm:BookProof_ChapterParityMajoranaQuant_creat_annih_zero (attempt 1)
04:05:48 thm:BookProof_ChapterParityMajoranaQuant_creat_annih_zero: DONE
04:05:48 processing thm:BookProof_ChapterSirkGroupTransfer_norm_pow_sub_pow_le (attempt 1)
04:05:52 thm:BookProof_ChapterSirkGroupTransfer_norm_pow_sub_pow_le: FAIL (cannot split formal_statement from /home/leo/prove2me_workspace/Theorems/Thm_BookProof_ChapterSirkGroupTransfer_norm_pow_sub_pow_le.lean)
04:05:52 processing thm:BookProof_MajoranaClifford_a_sq (attempt 1)
04:05:53 thm:BookProof_ChapterParityMajoranaQuant_creat_annih_zero: FAIL (publish FAILED: A theorem with name "BookProof.ChapterParityMajoranaQuant.creat_annih_zero" already exists)
04:05:53 processing thm:BookProof_ChapterSirkGroupTransfer_norm_pow_sub_pow_le (attempt 1)
04:05:54 thm:BookProof_ChapterParityMajoranaQuant_creat_annih_zero: REUSING existing BookProof.ChapterParityMajoranaQuant.creat_annih_zero (Open) 85b1fc04-2b8b-4f72-b94d-3e9ef78edb2f
04:05:54 thm:BookProof_ChapterParityMajoranaQuant_creat_annih_zero: DONE
04:05:54 processing thm:BookProof_ChapterSirkGroupTransfer_norm_pow_sub_pow_le (attempt 1)
04:05:56 thm:BookProof_ChapterSirkGroupTransfer_norm_pow_sub_pow_le: FAIL (cannot split formal_statement from /home/leo/prove2me_workspace/Theorems/Thm_BookProof_ChapterSirkGroupTransfer_norm_pow_sub_pow_le.lean)
04:05:56 processing thm:BookProof_MajoranaClifford_a_sq (attempt 1)
04:05:57 thm:BookProof_ChapterSirkGroupTransfer_norm_pow_sub_pow_le: FAIL (cannot split formal_statement from /home/leo/prove2me_workspace/Theorems/Thm_BookProof_ChapterSirkGroupTransfer_norm_pow_sub_pow_le.lean)
04:05:57 processing thm:BookProof_MajoranaClifford_a_sq (attempt 1)
04:06:04 thm:BookProof_ChapterParityMajoranaQuant_creat_annih_zero: FAIL (publish FAILED: A theorem with name "BookProof.ChapterParityMajoranaQuant.creat_annih_zero" already exists)
04:06:04 processing thm:BookProof_ChapterSirkGroupTransfer_norm_pow_sub_pow_le (attempt 1)
04:06:07 thm:BookProof_ChapterSirkGroupTransfer_norm_pow_sub_pow_le: FAIL (cannot split formal_statement from /home/leo/prove2me_workspace/Theorems/Thm_BookProof_ChapterSirkGroupTransfer_norm_pow_sub_pow_le.lean)
04:06:07 processing thm:BookProof_MajoranaClifford_a_sq (attempt 1)
04:06:10 thm:BookProof_ChapterParityMajoranaQuant_creat_annih_zero: FAIL (publish FAILED: A theorem with name "BookProof.ChapterParityMajoranaQuant.creat_annih_zero" already exists)
04:06:10 processing thm:BookProof_ChapterSirkGroupTransfer_norm_pow_sub_pow_le (attempt 1)
04:06:13 thm:BookProof_ChapterSirkGroupTransfer_norm_pow_sub_pow_le: FAIL (cannot split formal_statement from /home/leo/prove2me_workspace/Theorems/Thm_BookProof_ChapterSirkGroupTransfer_norm_pow_sub_pow_le.lean)
04:06:13 processing thm:BookProof_MajoranaClifford_a_sq (attempt 1)
04:06:22 thm:BookProof_ChapterParityMajoranaQuant_creat_annih_zero: FAIL (publish FAILED: A theorem with name "BookProof.ChapterParityMajoranaQuant.creat_annih_zero" already exists)
04:06:22 processing thm:BookProof_ChapterSirkGroupTransfer_norm_pow_sub_pow_le (attempt 1)
04:06:25 thm:BookProof_MajoranaClifford_a_sq: DONE
04:06:25 processing thm:BookProof_MajoranaClifford_a_map_selfAdjoint (attempt 1)
04:06:25 thm:BookProof_MajoranaClifford_a_sq: DONE
04:06:25 processing thm:BookProof_MajoranaClifford_a_map_selfAdjoint (attempt 1)
04:06:25 thm:BookProof_ChapterSirkGroupTransfer_norm_pow_sub_pow_le: FAIL (cannot split formal_statement from /home/leo/prove2me_workspace/Theorems/Thm_BookProof_ChapterSirkGroupTransfer_norm_pow_sub_pow_le.lean)
04:06:25 processing thm:BookProof_MajoranaClifford_a_sq (attempt 1)
04:06:31 thm:BookProof_MajoranaClifford_a_sq: FAIL (publish FAILED: A theorem with name "BookProof.MajoranaClifford.a_sq" already exists)
04:06:31 processing thm:BookProof_MajoranaClifford_a_map_selfAdjoint (attempt 1)
04:06:32 thm:BookProof_MajoranaClifford_a_sq: FAIL (publish FAILED: A theorem with name "BookProof.MajoranaClifford.a_sq" already exists)
04:06:32 processing thm:BookProof_MajoranaClifford_a_map_selfAdjoint (attempt 1)
04:06:36 thm:BookProof_MajoranaClifford_a_sq: REUSING existing BookProof.MajoranaClifford.a_sq (Open) 8084e7fd-fa6f-47b4-8190-e48b6e121b33
04:06:36 thm:BookProof_MajoranaClifford_a_sq: DONE
04:06:36 processing thm:BookProof_MajoranaClifford_a_map_selfAdjoint (attempt 1)
04:06:40 thm:BookProof_MajoranaClifford_a_sq: FAIL (publish FAILED: A theorem with name "BookProof.MajoranaClifford.a_sq" already exists)
04:06:40 processing thm:BookProof_MajoranaClifford_a_map_selfAdjoint (attempt 1)
04:07:02 thm:BookProof_MajoranaClifford_a_map_selfAdjoint: FAIL (publish FAILED: A theorem with name "BookProof.MajoranaClifford.a_map_selfAdjoint" already exists)
04:07:02 processing thm:BookProof_MajoranaClifford_car (attempt 1)
04:07:02 thm:BookProof_MajoranaClifford_a_map_selfAdjoint: FAIL (publish FAILED: A theorem with name "BookProof.MajoranaClifford.a_map_selfAdjoint" already exists)
04:07:02 processing thm:BookProof_MajoranaClifford_car (attempt 1)
04:07:06 thm:BookProof_MajoranaClifford_a_map_selfAdjoint: DONE
04:07:06 processing thm:BookProof_MajoranaClifford_car (attempt 1)
04:07:15 thm:BookProof_MajoranaClifford_a_map_selfAdjoint: FAIL (publish FAILED: A theorem with name "BookProof.MajoranaClifford.a_map_selfAdjoint" already exists)
04:07:15 processing thm:BookProof_MajoranaClifford_car (attempt 1)
04:07:18 thm:BookProof_MajoranaClifford_a_map_selfAdjoint: FAIL (publish FAILED: A theorem with name "BookProof.MajoranaClifford.a_map_selfAdjoint" already exists)
04:07:18 processing thm:BookProof_MajoranaClifford_car (attempt 1)
04:07:22 thm:BookProof_MajoranaClifford_a_map_selfAdjoint: FAIL (publish FAILED: A theorem with name "BookProof.MajoranaClifford.a_map_selfAdjoint" already exists)
04:07:22 processing thm:BookProof_MajoranaClifford_car (attempt 1)
04:07:37 thm:BookProof_MajoranaClifford_car: DONE
04:07:37 processing thm:BookProof_YangMillsBianchi_bianchi_fieldStrength (attempt 1)
04:07:38 thm:BookProof_MajoranaClifford_car: FAIL (publish FAILED: A theorem with name "BookProof.MajoranaClifford.car" already exists)
04:07:38 processing thm:BookProof_YangMillsBianchi_bianchi_fieldStrength (attempt 1)
04:07:48 thm:BookProof_MajoranaClifford_car: FAIL (publish FAILED: A theorem with name "BookProof.MajoranaClifford.car" already exists)
04:07:48 processing thm:BookProof_YangMillsBianchi_bianchi_fieldStrength (attempt 1)
04:07:48 thm:BookProof_MajoranaClifford_car: FAIL (publish FAILED: A theorem with name "BookProof.MajoranaClifford.car" already exists)
04:07:48 processing thm:BookProof_YangMillsBianchi_bianchi_fieldStrength (attempt 1)
04:07:52 thm:BookProof_MajoranaClifford_car: FAIL (publish FAILED: A theorem with name "BookProof.MajoranaClifford.car" already exists)
04:07:52 processing thm:BookProof_YangMillsBianchi_bianchi_fieldStrength (attempt 1)
04:08:04 thm:BookProof_MajoranaClifford_car: FAIL (publish FAILED: A theorem with name "BookProof.MajoranaClifford.car" already exists)
04:08:04 processing thm:BookProof_YangMillsBianchi_bianchi_fieldStrength (attempt 1)
04:08:11 thm:BookProof_YangMillsBianchi_bianchi_fieldStrength: REUSING existing BookProof.YangMillsBianchi.bianchi_fieldStrength (Open) a9b6b934-c7a9-4f7a-9031-95120af1a2c2
04:08:11 thm:BookProof_YangMillsBianchi_bianchi_fieldStrength: DONE
04:08:11 processing thm:BookProof_YangMillsSU3_structureConstant_antisymm_rotate (attempt 1)
04:08:11 thm:BookProof_YangMillsBianchi_bianchi_fieldStrength: DONE
04:08:11 processing thm:BookProof_YangMillsSU3_structureConstant_antisymm_rotate (attempt 1)
04:08:12 thm:BookProof_YangMillsBianchi_bianchi_fieldStrength: FAIL (publish FAILED: A theorem with name "BookProof.YangMillsBianchi.bianchi_fieldStrength" already exists)
04:08:12 processing thm:BookProof_YangMillsSU3_structureConstant_antisymm_rotate (attempt 1)
04:08:26 thm:BookProof_YangMillsBianchi_bianchi_fieldStrength: FAIL (publish FAILED: A theorem with name "BookProof.YangMillsBianchi.bianchi_fieldStrength" already exists)
04:08:26 processing thm:BookProof_YangMillsSU3_structureConstant_antisymm_rotate (attempt 1)
04:08:35 thm:BookProof_YangMillsBianchi_bianchi_fieldStrength: FAIL (publish FAILED: A theorem with name "BookProof.YangMillsBianchi.bianchi_fieldStrength" already exists)
04:08:35 processing thm:BookProof_YangMillsSU3_structureConstant_antisymm_rotate (attempt 1)
04:08:45 thm:BookProof_YangMillsBianchi_bianchi_fieldStrength: FAIL (publish FAILED: A theorem with name "BookProof.YangMillsBianchi.bianchi_fieldStrength" already exists)
04:08:45 processing thm:BookProof_YangMillsSU3_structureConstant_antisymm_rotate (attempt 1)
04:08:46 thm:BookProof_YangMillsSU3_structureConstant_antisymm_rotate: FAIL (publish FAILED: A theorem with name "BookProof.YangMillsSU3.structureConstant_antisymm_rotate" already exists)
04:08:46 processing thm:BookProof_YangMillsSU3_structureConstant_antisymm_swap (attempt 1)
04:08:46 thm:BookProof_YangMillsSU3_structureConstant_antisymm_rotate: DONE
04:08:46 processing thm:BookProof_YangMillsSU3_structureConstant_antisymm_swap (attempt 1)
04:08:54 thm:BookProof_YangMillsSU3_structureConstant_antisymm_rotate: REUSING existing BookProof.YangMillsSU3.structureConstant_antisymm_rotate (Open) 9830ddf2-a286-4039-8297-4d4ca813f441
04:08:54 thm:BookProof_YangMillsSU3_structureConstant_antisymm_rotate: DONE
04:08:54 processing thm:BookProof_YangMillsSU3_structureConstant_antisymm_swap (attempt 1)
04:09:04 thm:BookProof_YangMillsSU3_structureConstant_antisymm_rotate: FAIL (publish FAILED: A theorem with name "BookProof.YangMillsSU3.structureConstant_antisymm_rotate" already exists)
04:09:04 processing thm:BookProof_YangMillsSU3_structureConstant_antisymm_swap (attempt 1)
04:09:08 thm:BookProof_YangMillsSU3_structureConstant_antisymm_rotate: FAIL (publish FAILED: A theorem with name "BookProof.YangMillsSU3.structureConstant_antisymm_rotate" already exists)
04:09:08 processing thm:BookProof_YangMillsSU3_structureConstant_antisymm_swap (attempt 1)
04:09:09 thm:BookProof_YangMillsSU3_structureConstant_antisymm_rotate: FAIL (publish FAILED: A theorem with name "BookProof.YangMillsSU3.structureConstant_antisymm_rotate" already exists)
04:09:09 processing thm:BookProof_YangMillsSU3_structureConstant_antisymm_swap (attempt 1)
04:09:23 thm:BookProof_YangMillsSU3_structureConstant_antisymm_swap: DONE
04:09:23 processing thm:BookProof_ChapterMajoranaProp76_energyTransform_unitary (attempt 1)
04:09:23 thm:BookProof_YangMillsSU3_structureConstant_antisymm_swap: FAIL (publish FAILED: A theorem with name "BookProof.YangMillsSU3.structureConstant_antisymm_swap" already exists)
04:09:23 processing thm:BookProof_ChapterMajoranaProp76_energyTransform_unitary (attempt 1)
04:09:28 thm:BookProof_YangMillsSU3_structureConstant_antisymm_swap: FAIL (publish FAILED: A theorem with name "BookProof.YangMillsSU3.structureConstant_antisymm_swap" already exists)
04:09:28 processing thm:BookProof_ChapterMajoranaProp76_energyTransform_unitary (attempt 1)
04:09:38 thm:BookProof_YangMillsSU3_structureConstant_antisymm_swap: FAIL (publish FAILED: A theorem with name "BookProof.YangMillsSU3.structureConstant_antisymm_swap" already exists)
04:09:38 processing thm:BookProof_ChapterMajoranaProp76_energyTransform_unitary (attempt 1)
04:09:42 thm:BookProof_YangMillsSU3_structureConstant_antisymm_swap: FAIL (publish FAILED: A theorem with name "BookProof.YangMillsSU3.structureConstant_antisymm_swap" already exists)
04:09:42 processing thm:BookProof_ChapterMajoranaProp76_energyTransform_unitary (attempt 1)
04:09:43 thm:BookProof_YangMillsSU3_structureConstant_antisymm_swap: FAIL (publish FAILED: A theorem with name "BookProof.YangMillsSU3.structureConstant_antisymm_swap" already exists)
04:09:43 processing thm:BookProof_ChapterMajoranaProp76_energyTransform_unitary (attempt 1)
04:09:54 thm:BookProof_ChapterMajoranaProp76_energyTransform_unitary: DONE
04:09:54 processing thm:BookProof_ChapterSirkGroupTransfer_norm_exp_sub_exp_le (attempt 1)
04:09:56 thm:BookProof_ChapterMajoranaProp76_energyTransform_unitary: DONE
04:09:56 processing thm:BookProof_ChapterSirkGroupTransfer_norm_exp_sub_exp_le (attempt 1)
04:09:56 thm:BookProof_ChapterMajoranaProp76_energyTransform_unitary: FAIL (publish FAILED: A theorem with name "BookProof.ChapterMajoranaProp76.energyTransform_unitary" already exists)
04:09:56 processing thm:BookProof_ChapterSirkGroupTransfer_norm_exp_sub_exp_le (attempt 1)
04:09:57 thm:BookProof_ChapterMajoranaProp76_energyTransform_unitary: DONE
04:09:57 processing thm:BookProof_ChapterSirkGroupTransfer_norm_exp_sub_exp_le (attempt 1)
04:10:01 thm:BookProof_ChapterMajoranaProp76_energyTransform_unitary: FAIL (publish FAILED: A theorem with name "BookProof.ChapterMajoranaProp76.energyTransform_unitary" already exists)
04:10:01 processing thm:BookProof_ChapterSirkGroupTransfer_norm_exp_sub_exp_le (attempt 1)
04:10:11 thm:BookProof_ChapterMajoranaProp76_energyTransform_unitary: FAIL (publish FAILED: A theorem with name "BookProof.ChapterMajoranaProp76.energyTransform_unitary" already exists)
04:10:11 processing thm:BookProof_ChapterSirkGroupTransfer_norm_exp_sub_exp_le (attempt 1)
04:10:35 thm:BookProof_ChapterSirkGroupTransfer_norm_exp_sub_exp_le: DONE
04:10:35 processing thm:BookProof_MajoranaClifford_a_anticomm_of_orthogonal (attempt 1)
04:10:41 thm:BookProof_ChapterSirkGroupTransfer_norm_exp_sub_exp_le: FAIL (publish FAILED: A theorem with name "BookProof.ChapterSirkGroupTransfer.norm_exp_sub_exp_le" already exists)
04:10:41 processing thm:BookProof_MajoranaClifford_a_anticomm_of_orthogonal (attempt 1)
04:10:52 thm:BookProof_ChapterSirkGroupTransfer_norm_exp_sub_exp_le: FAIL (publish FAILED: A theorem with name "BookProof.ChapterSirkGroupTransfer.norm_exp_sub_exp_le" already exists)
04:10:52 processing thm:BookProof_MajoranaClifford_a_anticomm_of_orthogonal (attempt 1)
04:11:02 thm:BookProof_ChapterSirkGroupTransfer_norm_exp_sub_exp_le: FAIL (publish FAILED: A theorem with name "BookProof.ChapterSirkGroupTransfer.norm_exp_sub_exp_le" already exists)
04:11:02 processing thm:BookProof_MajoranaClifford_a_anticomm_of_orthogonal (attempt 1)
04:11:09 thm:BookProof_MajoranaClifford_a_anticomm_of_orthogonal: DONE
04:11:09 processing thm:BookProof_YangMillsSU3_structureConstant_totally_antisymmetric (attempt 1)
04:11:12 thm:BookProof_MajoranaClifford_a_anticomm_of_orthogonal: REUSING existing BookProof.MajoranaClifford.a_anticomm_of_orthogonal (Open) c2c34aa6-a9c1-4b1a-8bab-b5b58ca1db3f
04:11:12 thm:BookProof_MajoranaClifford_a_anticomm_of_orthogonal: DONE
04:11:12 processing thm:BookProof_YangMillsSU3_structureConstant_totally_antisymmetric (attempt 1)
04:11:12 thm:BookProof_ChapterSirkGroupTransfer_norm_exp_sub_exp_le: FAIL (publish FAILED: A theorem with name "BookProof.ChapterSirkGroupTransfer.norm_exp_sub_exp_le" already exists)
04:11:12 processing thm:BookProof_MajoranaClifford_a_anticomm_of_orthogonal (attempt 1)
04:11:15 thm:BookProof_MajoranaClifford_a_anticomm_of_orthogonal: FAIL (publish FAILED: A theorem with name "BookProof.MajoranaClifford.a_anticomm_of_orthogonal" already exists)
04:11:15 processing thm:BookProof_YangMillsSU3_structureConstant_totally_antisymmetric (attempt 1)
04:11:25 thm:BookProof_MajoranaClifford_a_anticomm_of_orthogonal: REUSING existing BookProof.MajoranaClifford.a_anticomm_of_orthogonal (Open) c2c34aa6-a9c1-4b1a-8bab-b5b58ca1db3f
04:11:25 thm:BookProof_MajoranaClifford_a_anticomm_of_orthogonal: DONE
04:11:25 processing thm:BookProof_YangMillsSU3_structureConstant_totally_antisymmetric (attempt 1)
04:11:27 thm:BookProof_ChapterSirkGroupTransfer_norm_exp_sub_exp_le: FAIL (publish FAILED: A theorem with name "BookProof.ChapterSirkGroupTransfer.norm_exp_sub_exp_le" already exists)
04:11:27 processing thm:BookProof_MajoranaClifford_a_anticomm_of_orthogonal (attempt 1)
04:11:29 thm:BookProof_MajoranaClifford_a_anticomm_of_orthogonal: FAIL (publish FAILED: A theorem with name "BookProof.MajoranaClifford.a_anticomm_of_orthogonal" already exists)
04:11:29 processing thm:BookProof_YangMillsSU3_structureConstant_totally_antisymmetric (attempt 1)
04:11:34 thm:BookProof_MajoranaClifford_a_anticomm_of_orthogonal: REUSING existing BookProof.MajoranaClifford.a_anticomm_of_orthogonal (Open) c2c34aa6-a9c1-4b1a-8bab-b5b58ca1db3f
04:11:34 thm:BookProof_MajoranaClifford_a_anticomm_of_orthogonal: DONE
04:11:34 processing thm:BookProof_YangMillsSU3_structureConstant_totally_antisymmetric (attempt 1)
04:11:51 thm:BookProof_YangMillsSU3_structureConstant_totally_antisymmetric: FAIL (publish FAILED: A theorem with name "BookProof.YangMillsSU3.structureConstant_totally_antisymmetric" already exists)
04:11:51 processing thm:BookProof_ChapterMajoranaProp76_energyMomentum_unitary (attempt 1)
04:11:57 thm:BookProof_YangMillsSU3_structureConstant_totally_antisymmetric: DONE
04:11:57 processing thm:BookProof_ChapterMajoranaProp76_energyMomentum_unitary (attempt 1)
04:12:02 thm:BookProof_YangMillsSU3_structureConstant_totally_antisymmetric: FAIL (publish FAILED: A theorem with name "BookProof.YangMillsSU3.structureConstant_totally_antisymmetric" already exists)
04:12:02 processing thm:BookProof_ChapterMajoranaProp76_energyMomentum_unitary (attempt 1)
04:12:11 thm:BookProof_YangMillsSU3_structureConstant_totally_antisymmetric: FAIL (publish FAILED: A theorem with name "BookProof.YangMillsSU3.structureConstant_totally_antisymmetric" already exists)
04:12:11 processing thm:BookProof_ChapterMajoranaProp76_energyMomentum_unitary (attempt 1)
04:12:11 thm:BookProof_YangMillsSU3_structureConstant_totally_antisymmetric: FAIL (publish FAILED: A theorem with name "BookProof.YangMillsSU3.structureConstant_totally_antisymmetric" already exists)
04:12:11 processing thm:BookProof_ChapterMajoranaProp76_energyMomentum_unitary (attempt 1)
04:12:16 thm:BookProof_YangMillsSU3_structureConstant_totally_antisymmetric: FAIL (publish FAILED: A theorem with name "BookProof.YangMillsSU3.structureConstant_totally_antisymmetric" already exists)
04:12:16 processing thm:BookProof_ChapterMajoranaProp76_energyMomentum_unitary (attempt 1)
04:12:32 thm:BookProof_ChapterMajoranaProp76_energyMomentum_unitary: DONE
04:12:32 processing thm:BookProof_ChapterMajoranaProp76_energyTransform_fourier_unitary (attempt 1)
04:12:34 thm:BookProof_ChapterMajoranaProp76_energyMomentum_unitary: DONE
04:12:34 processing thm:BookProof_ChapterMajoranaProp76_energyTransform_fourier_unitary (attempt 1)
04:12:37 thm:BookProof_ChapterMajoranaProp76_energyMomentum_unitary: FAIL (publish FAILED: A theorem with name "BookProof.ChapterMajoranaProp76.energyMomentum_unitary" already exists)
04:12:37 processing thm:BookProof_ChapterMajoranaProp76_energyTransform_fourier_unitary (attempt 1)
04:12:39 thm:BookProof_ChapterMajoranaProp76_energyMomentum_unitary: FAIL (publish FAILED: A theorem with name "BookProof.ChapterMajoranaProp76.energyMomentum_unitary" already exists)
04:12:39 processing thm:BookProof_ChapterMajoranaProp76_energyTransform_fourier_unitary (attempt 1)
04:12:39 thm:BookProof_ChapterMajoranaProp76_energyMomentum_unitary: FAIL (publish FAILED: A theorem with name "BookProof.ChapterMajoranaProp76.energyMomentum_unitary" already exists)
04:12:39 processing thm:BookProof_ChapterMajoranaProp76_energyTransform_fourier_unitary (attempt 1)
04:12:56 thm:BookProof_ChapterMajoranaProp76_energyMomentum_unitary: FAIL (publish FAILED: A theorem with name "BookProof.ChapterMajoranaProp76.energyMomentum_unitary" already exists)
04:12:56 processing thm:BookProof_ChapterMajoranaProp76_energyTransform_fourier_unitary (attempt 1)
04:13:11 thm:BookProof_ChapterMajoranaProp76_energyTransform_fourier_unitary: DONE
04:13:11 processing thm:BookProof_ChapterSirkGroupTransfer_norm_groupFlow_sub_le (attempt 1)
04:13:14 thm:BookProof_ChapterMajoranaProp76_energyTransform_fourier_unitary: FAIL (publish FAILED: A theorem with name "BookProof.ChapterMajoranaProp76.energyTransform_fourier_unitary" already exists)
04:13:14 processing thm:BookProof_ChapterSirkGroupTransfer_norm_groupFlow_sub_le (attempt 1)
04:13:19 thm:BookProof_ChapterMajoranaProp76_energyTransform_fourier_unitary: FAIL (publish FAILED: A theorem with name "BookProof.ChapterMajoranaProp76.energyTransform_fourier_unitary" already exists)
04:13:19 processing thm:BookProof_ChapterSirkGroupTransfer_norm_groupFlow_sub_le (attempt 1)
04:13:29 thm:BookProof_ChapterMajoranaProp76_energyTransform_fourier_unitary: FAIL (publish FAILED: A theorem with name "BookProof.ChapterMajoranaProp76.energyTransform_fourier_unitary" already exists)
04:13:29 processing thm:BookProof_ChapterSirkGroupTransfer_norm_groupFlow_sub_le (attempt 1)
04:13:29 thm:BookProof_ChapterMajoranaProp76_energyTransform_fourier_unitary: FAIL (publish FAILED: A theorem with name "BookProof.ChapterMajoranaProp76.energyTransform_fourier_unitary" already exists)
04:13:29 processing thm:BookProof_ChapterSirkGroupTransfer_norm_groupFlow_sub_le (attempt 1)
04:13:45 thm:BookProof_ChapterMajoranaProp76_energyTransform_fourier_unitary: FAIL (publish FAILED: A theorem with name "BookProof.ChapterMajoranaProp76.energyTransform_fourier_unitary" already exists)
04:13:45 processing thm:BookProof_ChapterSirkGroupTransfer_norm_groupFlow_sub_le (attempt 1)
04:13:48 thm:BookProof_ChapterSirkGroupTransfer_norm_groupFlow_sub_le: DONE
04:13:48 processing thm:BookProof_MajoranaClifford_a_anticomm_skew (attempt 1)
04:13:52 thm:BookProof_ChapterSirkGroupTransfer_norm_groupFlow_sub_le: REUSING existing BookProof.ChapterSirkGroupTransfer.norm_groupFlow_sub_le (Open) 86210964-62f0-4b3f-9b51-33473e7d48b1
04:13:52 thm:BookProof_ChapterSirkGroupTransfer_norm_groupFlow_sub_le: DONE
04:13:52 processing thm:BookProof_MajoranaClifford_a_anticomm_skew (attempt 1)
04:13:56 thm:BookProof_ChapterSirkGroupTransfer_norm_groupFlow_sub_le: FAIL (publish FAILED: A theorem with name "BookProof.ChapterSirkGroupTransfer.norm_groupFlow_sub_le" already exists)
04:13:56 processing thm:BookProof_MajoranaClifford_a_anticomm_skew (attempt 1)
04:13:59 thm:BookProof_ChapterSirkGroupTransfer_norm_groupFlow_sub_le: FAIL (publish FAILED: A theorem with name "BookProof.ChapterSirkGroupTransfer.norm_groupFlow_sub_le" already exists)
04:13:59 processing thm:BookProof_MajoranaClifford_a_anticomm_skew (attempt 1)
04:14:08 thm:BookProof_ChapterSirkGroupTransfer_norm_groupFlow_sub_le: FAIL (publish FAILED: A theorem with name "BookProof.ChapterSirkGroupTransfer.norm_groupFlow_sub_le" already exists)
04:14:08 processing thm:BookProof_MajoranaClifford_a_anticomm_skew (attempt 1)
04:14:08 thm:BookProof_ChapterSirkGroupTransfer_norm_groupFlow_sub_le: FAIL (publish FAILED: A theorem with name "BookProof.ChapterSirkGroupTransfer.norm_groupFlow_sub_le" already exists)
04:14:08 processing thm:BookProof_MajoranaClifford_a_anticomm_skew (attempt 1)
04:14:16 thm:BookProof_MajoranaClifford_a_anticomm_skew: FAIL (FileNotFoundError: [Errno 2] No such file or directory: '/home/leo/prove2me_workspace/state/pipeline.json.tmp' -> '/home/leo/prove2me_workspace/state/)
04:14:16 processing thm:BookProof_ChapterSirkGroupTransfer_groupFlow_transfer_uniform_on_interval (attempt 1)
04:14:22 thm:BookProof_MajoranaClifford_a_anticomm_skew: DONE
04:14:22 processing thm:BookProof_ChapterSirkGroupTransfer_groupFlow_transfer_uniform_on_interval (attempt 1)
04:14:25 thm:BookProof_MajoranaClifford_a_anticomm_skew: FAIL (publish FAILED: A theorem with name "BookProof.MajoranaClifford.a_anticomm_skew" already exists)
04:14:25 processing thm:BookProof_ChapterSirkGroupTransfer_groupFlow_transfer_uniform_on_interval (attempt 1)
04:14:38 thm:BookProof_MajoranaClifford_a_anticomm_skew: FAIL (publish FAILED: A theorem with name "BookProof.MajoranaClifford.a_anticomm_skew" already exists)
04:14:38 processing thm:BookProof_ChapterSirkGroupTransfer_groupFlow_transfer_uniform_on_interval (attempt 1)
04:14:41 thm:BookProof_MajoranaClifford_a_anticomm_skew: FAIL (publish FAILED: A theorem with name "BookProof.MajoranaClifford.a_anticomm_skew" already exists)
04:14:41 processing thm:BookProof_ChapterSirkGroupTransfer_groupFlow_transfer_uniform_on_interval (attempt 1)
04:14:46 thm:BookProof_ChapterSirkGroupTransfer_groupFlow_transfer_uniform_on_interval: FAIL (publish FAILED: A theorem with name "BookProof.ChapterSirkGroupTransfer.groupFlow_transfer_uniform_on_interval" already exists)
04:14:46 processing sol:BookProof_ChapterBaryonAsymmetry_matterRadiationRatio_eq (attempt 1)
04:14:46 sol:BookProof_ChapterBaryonAsymmetry_matterRadiationRatio_eq: FAIL (theorem not published yet)
04:14:46 processing sol:BookProof_ChapterBaryonAsymmetry_matter_satisfies_continuity (attempt 1)
04:14:49 thm:BookProof_ChapterSirkGroupTransfer_groupFlow_transfer_uniform_on_interval: DONE
04:14:49 processing sol:BookProof_ChapterBaryonAsymmetry_matterRadiationRatio_eq (attempt 1)
04:14:49 sol:BookProof_ChapterBaryonAsymmetry_matterRadiationRatio_eq: FAIL (theorem not published yet)
04:14:49 processing sol:BookProof_ChapterBaryonAsymmetry_matter_satisfies_continuity (attempt 1)
04:14:49 sol:BookProof_ChapterBaryonAsymmetry_matter_satisfies_continuity: FAIL (theorem not published yet)
04:14:49 processing sol:BookProof_ChapterBaryonAsymmetry_radiation_satisfies_continuity (attempt 1)
04:14:49 sol:BookProof_ChapterBaryonAsymmetry_radiation_satisfies_continuity: FAIL (theorem not published yet)
04:14:49 processing sol:BookProof_ChapterMajoranaProp61_gsq_Hsq_comm (attempt 1)
04:14:49 sol:BookProof_ChapterMajoranaProp61_gsq_Hsq_comm: FAIL (theorem not published yet)
04:14:49 processing sol:BookProof_ChapterMajoranaProp61_prop61_mul_star_self (attempt 1)
04:14:49 sol:BookProof_ChapterMajoranaProp61_prop61_mul_star_self: FAIL (theorem not published yet)
04:14:49 processing sol:BookProof_ChapterMajoranaProp61_prop61_star_mul_self (attempt 1)
04:14:49 sol:BookProof_ChapterMajoranaProp61_prop61_star_mul_self: FAIL (theorem not published yet)
04:14:49 processing sol:BookProof_ChapterMajoranaProp76_LinearIsometryEquiv_isNote4Unitary (attempt 1)
04:14:49 sol:BookProof_ChapterMajoranaProp76_LinearIsometryEquiv_isNote4Unitary: FAIL (theorem not published yet)
04:14:49 processing sol:BookProof_ChapterMajoranaProp76_note4_comp (attempt 1)
04:14:50 thm:BookProof_MajoranaClifford_a_anticomm_skew: FAIL (publish FAILED: A theorem with name "BookProof.MajoranaClifford.a_anticomm_skew" already exists)
04:14:50 processing thm:BookProof_ChapterSirkGroupTransfer_groupFlow_transfer_uniform_on_interval (attempt 1)
04:14:51 thm:BookProof_ChapterSirkGroupTransfer_groupFlow_transfer_uniform_on_interval: REUSING existing BookProof.ChapterSirkGroupTransfer.groupFlow_transfer_uniform_on_interval (Open) 9e6f40c3-b2be-4eaf-80fa-8c1ebafefbf9
04:14:51 thm:BookProof_ChapterSirkGroupTransfer_groupFlow_transfer_uniform_on_interval: DONE
04:14:51 processing sol:BookProof_ChapterBaryonAsymmetry_matterRadiationRatio_eq (attempt 1)
04:14:51 sol:BookProof_ChapterBaryonAsymmetry_matterRadiationRatio_eq: FAIL (theorem not published yet)
04:14:51 processing sol:BookProof_ChapterBaryonAsymmetry_matter_satisfies_continuity (attempt 1)
04:14:51 sol:BookProof_ChapterBaryonAsymmetry_matter_satisfies_continuity: FAIL (theorem not published yet)
04:14:51 processing sol:BookProof_ChapterBaryonAsymmetry_radiation_satisfies_continuity (attempt 1)
04:14:51 sol:BookProof_ChapterBaryonAsymmetry_radiation_satisfies_continuity: FAIL (theorem not published yet)
04:14:51 processing sol:BookProof_ChapterMajoranaProp61_gsq_Hsq_comm (attempt 1)
04:14:51 sol:BookProof_ChapterMajoranaProp61_gsq_Hsq_comm: FAIL (theorem not published yet)
04:14:51 processing sol:BookProof_ChapterMajoranaProp61_prop61_mul_star_self (attempt 1)
04:14:51 sol:BookProof_ChapterMajoranaProp61_prop61_mul_star_self: FAIL (theorem not published yet)
04:14:51 processing sol:BookProof_ChapterMajoranaProp61_prop61_star_mul_self (attempt 1)
04:14:51 sol:BookProof_ChapterMajoranaProp61_prop61_star_mul_self: FAIL (theorem not published yet)
04:14:51 processing sol:BookProof_ChapterMajoranaProp76_LinearIsometryEquiv_isNote4Unitary (attempt 1)
04:14:51 thm:BookProof_ChapterSirkGroupTransfer_groupFlow_transfer_uniform_on_interval: DONE
04:14:51 processing sol:BookProof_ChapterBaryonAsymmetry_matterRadiationRatio_eq (attempt 1)
04:14:51 sol:BookProof_ChapterBaryonAsymmetry_matterRadiationRatio_eq: FAIL (theorem not published yet)
04:14:51 processing sol:BookProof_ChapterBaryonAsymmetry_matter_satisfies_continuity (attempt 1)
04:14:51 sol:BookProof_ChapterBaryonAsymmetry_matter_satisfies_continuity: FAIL (theorem not published yet)
04:14:51 processing sol:BookProof_ChapterBaryonAsymmetry_radiation_satisfies_continuity (attempt 1)
04:14:51 sol:BookProof_ChapterBaryonAsymmetry_radiation_satisfies_continuity: FAIL (theorem not published yet)
04:14:51 processing sol:BookProof_ChapterMajoranaProp61_gsq_Hsq_comm (attempt 1)
04:14:51 sol:BookProof_ChapterMajoranaProp61_gsq_Hsq_comm: FAIL (theorem not published yet)
04:14:51 processing sol:BookProof_ChapterMajoranaProp61_prop61_mul_star_self (attempt 1)
04:14:51 sol:BookProof_ChapterMajoranaProp61_prop61_mul_star_self: FAIL (theorem not published yet)
04:14:51 processing sol:BookProof_ChapterMajoranaProp61_prop61_star_mul_self (attempt 1)
04:14:51 sol:BookProof_ChapterMajoranaProp61_prop61_star_mul_self: FAIL (theorem not published yet)
04:14:51 processing sol:BookProof_ChapterMajoranaProp76_LinearIsometryEquiv_isNote4Unitary (attempt 1)
04:14:51 sol:BookProof_ChapterMajoranaProp76_LinearIsometryEquiv_isNote4Unitary: FAIL (theorem not published yet)
04:14:51 processing sol:BookProof_ChapterMajoranaProp76_note4_comp (attempt 1)
04:14:51 sol:BookProof_ChapterMajoranaProp76_note4_comp: FAIL (theorem not published yet)
04:14:51 processing sol:BookProof_ChapterParityMajoranaQuant_J_annih (attempt 1)
04:14:54 sol:BookProof_ChapterMajoranaProp76_LinearIsometryEquiv_isNote4Unitary: FAIL (local compile failed: /home/leo/prove2me_workspace/Solutions/Sol_BookProof_ChapterMajoranaProp76_LinearIsometryEquiv_isNote4Unitary.lean:5:5: error: u)
04:14:54 processing sol:BookProof_ChapterMajoranaProp76_note4_comp (attempt 1)
04:14:54 sol:BookProof_ChapterMajoranaProp76_note4_comp: FAIL (theorem not published yet)
04:14:54 processing sol:BookProof_ChapterParityMajoranaQuant_J_annih (attempt 1)
04:14:54 sol:BookProof_ChapterParityMajoranaQuant_J_annih: FAIL (theorem not published yet)
04:14:54 processing sol:BookProof_ChapterParityMajoranaQuant_J_creat (attempt 1)
04:14:58 thm:BookProof_ChapterSirkGroupTransfer_groupFlow_transfer_uniform_on_interval: REUSING existing BookProof.ChapterSirkGroupTransfer.groupFlow_transfer_uniform_on_interval (Open) 9e6f40c3-b2be-4eaf-80fa-8c1ebafefbf9
04:14:58 thm:BookProof_ChapterSirkGroupTransfer_groupFlow_transfer_uniform_on_interval: DONE
04:14:58 processing sol:BookProof_ChapterBaryonAsymmetry_matterRadiationRatio_eq (attempt 1)
04:14:59 thm:BookProof_ChapterSirkGroupTransfer_groupFlow_transfer_uniform_on_interval: FAIL (publish FAILED: A theorem with name "BookProof.ChapterSirkGroupTransfer.groupFlow_transfer_uniform_on_interval" already exists)
04:14:59 processing sol:BookProof_ChapterBaryonAsymmetry_matterRadiationRatio_eq (attempt 1)
04:14:59 sol:BookProof_ChapterBaryonAsymmetry_matterRadiationRatio_eq: FAIL (theorem not published yet)
04:14:59 processing sol:BookProof_ChapterBaryonAsymmetry_matter_satisfies_continuity (attempt 1)
04:16:16 sol:BookProof_ChapterBaryonAsymmetry_matterRadiationRatio_eq: DONE
04:16:16 processing sol:BookProof_ChapterBaryonAsymmetry_matter_satisfies_continuity (attempt 1)
04:16:16 sol:BookProof_ChapterBaryonAsymmetry_matter_satisfies_continuity: FAIL (theorem not published yet)
04:16:16 processing sol:BookProof_ChapterBaryonAsymmetry_radiation_satisfies_continuity (attempt 1)
04:16:16 sol:BookProof_ChapterBaryonAsymmetry_radiation_satisfies_continuity: FAIL (theorem not published yet)
04:16:16 processing sol:BookProof_ChapterMajoranaProp61_gsq_Hsq_comm (attempt 1)
04:16:16 sol:BookProof_ChapterMajoranaProp61_gsq_Hsq_comm: FAIL (theorem not published yet)
04:16:16 processing sol:BookProof_ChapterMajoranaProp61_prop61_mul_star_self (attempt 1)
04:16:16 sol:BookProof_ChapterMajoranaProp61_prop61_mul_star_self: FAIL (theorem not published yet)
04:16:16 processing sol:BookProof_ChapterMajoranaProp61_prop61_star_mul_self (attempt 1)
04:16:16 sol:BookProof_ChapterMajoranaProp61_prop61_star_mul_self: FAIL (theorem not published yet)
04:16:16 processing sol:BookProof_ChapterMajoranaProp76_LinearIsometryEquiv_isNote4Unitary (attempt 1)
04:16:16 sol:BookProof_ChapterMajoranaProp76_LinearIsometryEquiv_isNote4Unitary: FAIL (theorem not published yet)
04:16:16 processing sol:BookProof_ChapterMajoranaProp76_note4_comp (attempt 1)
04:16:16 sol:BookProof_ChapterMajoranaProp76_note4_comp: FAIL (theorem not published yet)
04:16:16 processing sol:BookProof_ChapterParityMajoranaQuant_J_annih (attempt 1)
04:16:16 sol:BookProof_ChapterParityMajoranaQuant_J_annih: FAIL (theorem not published yet)
04:16:16 processing sol:BookProof_ChapterParityMajoranaQuant_J_creat (attempt 1)
04:16:16 sol:BookProof_ChapterParityMajoranaQuant_J_creat: FAIL (theorem not published yet)
04:16:16 processing sol:BookProof_ChapterParityMajoranaQuant_J_unitary (attempt 1)
04:16:16 sol:BookProof_ChapterParityMajoranaQuant_J_unitary: FAIL (theorem not published yet)
04:16:16 processing sol:BookProof_ChapterParityMajoranaQuant_J_unitary' (attempt 1)
04:16:16 sol:BookProof_ChapterParityMajoranaQuant_J_unitary': FAIL (theorem not published yet)
04:16:16 processing sol:BookProof_ChapterParityMajoranaQuant_iJ_herm (attempt 1)
04:16:16 sol:BookProof_ChapterParityMajoranaQuant_iJ_herm: FAIL (theorem not published yet)
04:16:16 processing sol:BookProof_ChapterParityMajoranaQuant_iJ_sq (attempt 1)
04:16:16 sol:BookProof_ChapterParityMajoranaQuant_iJ_sq: FAIL (theorem not published yet)
04:16:16 processing sol:BookProof_ChapterParityMajoranaQuant_proj_add (attempt 1)
04:16:16 sol:BookProof_ChapterParityMajoranaQuant_proj_add: FAIL (theorem not published yet)
04:16:16 processing sol:BookProof_ChapterParityMajoranaQuant_stdJ_skew (attempt 1)
04:16:16 sol:BookProof_ChapterParityMajoranaQuant_stdJ_skew: FAIL (theorem not published yet)
04:16:16 processing sol:BookProof_ChapterParityMajoranaQuant_stdJ_sq (attempt 1)
04:16:26 sol:BookProof_ChapterBaryonAsymmetry_matter_satisfies_continuity: DONE
04:16:26 processing sol:BookProof_ChapterBaryonAsymmetry_radiation_satisfies_continuity (attempt 1)
04:16:28 sol:BookProof_ChapterMajoranaProp76_note4_comp: DONE
04:16:28 processing sol:BookProof_ChapterParityMajoranaQuant_J_annih (attempt 1)
04:16:28 sol:BookProof_ChapterParityMajoranaQuant_J_annih: FAIL (theorem not published yet)
04:16:28 processing sol:BookProof_ChapterParityMajoranaQuant_J_creat (attempt 1)
04:16:28 sol:BookProof_ChapterParityMajoranaQuant_J_creat: FAIL (theorem not published yet)
04:16:28 processing sol:BookProof_ChapterParityMajoranaQuant_J_unitary (attempt 1)
04:16:28 sol:BookProof_ChapterParityMajoranaQuant_J_unitary: FAIL (theorem not published yet)
04:16:28 processing sol:BookProof_ChapterParityMajoranaQuant_J_unitary' (attempt 1)
04:16:28 sol:BookProof_ChapterParityMajoranaQuant_J_unitary': FAIL (theorem not published yet)
04:16:28 processing sol:BookProof_ChapterParityMajoranaQuant_iJ_herm (attempt 1)
04:16:28 sol:BookProof_ChapterParityMajoranaQuant_iJ_herm: FAIL (theorem not published yet)
04:16:28 processing sol:BookProof_ChapterParityMajoranaQuant_iJ_sq (attempt 1)
04:16:28 sol:BookProof_ChapterParityMajoranaQuant_iJ_sq: FAIL (theorem not published yet)
04:16:28 processing sol:BookProof_ChapterParityMajoranaQuant_proj_add (attempt 1)
04:17:13 sol:BookProof_ChapterParityMajoranaQuant_J_annih: DONE
04:17:13 processing sol:BookProof_ChapterParityMajoranaQuant_J_creat (attempt 1)
04:17:13 sol:BookProof_ChapterParityMajoranaQuant_J_creat: FAIL (theorem not published yet)
04:17:13 processing sol:BookProof_ChapterParityMajoranaQuant_J_unitary (attempt 1)
04:17:21 sol:BookProof_ChapterBaryonAsymmetry_matter_satisfies_continuity: DONE
04:17:21 processing sol:BookProof_ChapterBaryonAsymmetry_radiation_satisfies_continuity (attempt 1)
04:17:21 sol:BookProof_ChapterBaryonAsymmetry_radiation_satisfies_continuity: FAIL (theorem not published yet)
04:17:21 processing sol:BookProof_ChapterMajoranaProp61_gsq_Hsq_comm (attempt 1)
04:17:21 sol:BookProof_ChapterMajoranaProp61_gsq_Hsq_comm: FAIL (theorem not published yet)
04:17:21 processing sol:BookProof_ChapterMajoranaProp61_prop61_mul_star_self (attempt 1)
04:17:21 sol:BookProof_ChapterMajoranaProp61_prop61_mul_star_self: FAIL (theorem not published yet)
04:17:21 processing sol:BookProof_ChapterMajoranaProp61_prop61_star_mul_self (attempt 1)
04:17:21 sol:BookProof_ChapterMajoranaProp61_prop61_star_mul_self: FAIL (theorem not published yet)
04:17:21 processing sol:BookProof_ChapterMajoranaProp76_LinearIsometryEquiv_isNote4Unitary (attempt 1)
04:17:21 sol:BookProof_ChapterMajoranaProp76_LinearIsometryEquiv_isNote4Unitary: FAIL (theorem not published yet)
04:17:21 processing sol:BookProof_ChapterMajoranaProp76_note4_comp (attempt 1)
04:17:21 sol:BookProof_ChapterMajoranaProp76_note4_comp: FAIL (theorem not published yet)
04:17:21 processing sol:BookProof_ChapterParityMajoranaQuant_J_annih (attempt 1)
04:17:21 sol:BookProof_ChapterParityMajoranaQuant_J_annih: FAIL (theorem not published yet)
04:17:21 processing sol:BookProof_ChapterParityMajoranaQuant_J_creat (attempt 1)
04:17:21 sol:BookProof_ChapterParityMajoranaQuant_J_creat: FAIL (theorem not published yet)
04:17:21 processing sol:BookProof_ChapterParityMajoranaQuant_J_unitary (attempt 1)
04:17:21 sol:BookProof_ChapterParityMajoranaQuant_J_unitary: FAIL (theorem not published yet)
04:17:21 processing sol:BookProof_ChapterParityMajoranaQuant_J_unitary' (attempt 1)
04:17:21 sol:BookProof_ChapterParityMajoranaQuant_J_unitary': FAIL (theorem not published yet)
04:17:21 processing sol:BookProof_ChapterParityMajoranaQuant_iJ_herm (attempt 1)
04:17:21 sol:BookProof_ChapterParityMajoranaQuant_iJ_herm: FAIL (theorem not published yet)
04:17:21 processing sol:BookProof_ChapterParityMajoranaQuant_iJ_sq (attempt 1)
04:17:21 sol:BookProof_ChapterParityMajoranaQuant_iJ_sq: FAIL (theorem not published yet)
04:17:21 processing sol:BookProof_ChapterParityMajoranaQuant_proj_add (attempt 1)
04:17:21 sol:BookProof_ChapterParityMajoranaQuant_proj_add: FAIL (theorem not published yet)
04:17:21 processing sol:BookProof_ChapterParityMajoranaQuant_stdJ_skew (attempt 1)
04:17:21 sol:BookProof_ChapterParityMajoranaQuant_stdJ_skew: FAIL (theorem not published yet)
04:17:21 processing sol:BookProof_ChapterParityMajoranaQuant_stdJ_sq (attempt 1)
04:17:26 sol:BookProof_ChapterParityMajoranaQuant_J_creat: DONE
04:17:26 processing sol:BookProof_ChapterParityMajoranaQuant_J_unitary (attempt 1)
04:17:26 sol:BookProof_ChapterParityMajoranaQuant_J_unitary: FAIL (theorem not published yet)
04:17:26 processing sol:BookProof_ChapterParityMajoranaQuant_J_unitary' (attempt 1)
04:17:26 sol:BookProof_ChapterParityMajoranaQuant_J_unitary': FAIL (theorem not published yet)
04:17:26 processing sol:BookProof_ChapterParityMajoranaQuant_iJ_herm (attempt 1)
04:17:36 sol:BookProof_ChapterParityMajoranaQuant_proj_add: DONE
04:17:36 processing sol:BookProof_ChapterParityMajoranaQuant_stdJ_skew (attempt 1)
04:17:36 sol:BookProof_ChapterParityMajoranaQuant_stdJ_skew: FAIL (theorem not published yet)
04:17:36 processing sol:BookProof_ChapterParityMajoranaQuant_stdJ_sq (attempt 1)
04:17:36 sol:BookProof_ChapterParityMajoranaQuant_stdJ_sq: FAIL (theorem not published yet)
04:17:36 processing sol:BookProof_ChapterSirkGroupTransfer_groupFlow_zero (attempt 1)
04:17:36 sol:BookProof_ChapterSirkGroupTransfer_groupFlow_zero: FAIL (theorem not published yet)
04:17:36 processing sol:BookProof_ChapterSirkGroupTransfer_norm_pow_le_of_le (attempt 1)
04:17:36 sol:BookProof_ChapterSirkGroupTransfer_norm_pow_le_of_le: FAIL (theorem not published yet)
04:17:36 processing sol:BookProof_MajoranaClifford_Qform_apply (attempt 1)
04:17:36 sol:BookProof_MajoranaClifford_Qform_apply: FAIL (theorem not published yet)
04:17:36 processing sol:BookProof_MajoranaClifford_a_add (attempt 1)
04:17:55 sol:BookProof_ChapterParityMajoranaQuant_stdJ_sq: DONE
04:17:55 processing sol:BookProof_ChapterSirkGroupTransfer_groupFlow_zero (attempt 1)
04:17:55 sol:BookProof_ChapterSirkGroupTransfer_groupFlow_zero: FAIL (theorem not published yet)
04:17:55 processing sol:BookProof_ChapterSirkGroupTransfer_norm_pow_le_of_le (attempt 1)
04:17:55 sol:BookProof_ChapterSirkGroupTransfer_norm_pow_le_of_le: FAIL (theorem not published yet)
04:17:55 processing sol:BookProof_MajoranaClifford_Qform_apply (attempt 1)
04:17:55 sol:BookProof_MajoranaClifford_Qform_apply: FAIL (theorem not published yet)
04:17:55 processing sol:BookProof_MajoranaClifford_a_add (attempt 1)
04:18:04 sol:BookProof_ChapterBaryonAsymmetry_radiation_satisfies_continuity: DONE
04:18:04 processing sol:BookProof_ChapterMajoranaProp61_gsq_Hsq_comm (attempt 1)
04:18:04 sol:BookProof_ChapterMajoranaProp61_gsq_Hsq_comm: FAIL (theorem not published yet)
04:18:04 processing sol:BookProof_ChapterMajoranaProp61_prop61_mul_star_self (attempt 1)
04:18:04 sol:BookProof_ChapterMajoranaProp61_prop61_mul_star_self: FAIL (theorem not published yet)
04:18:04 processing sol:BookProof_ChapterMajoranaProp61_prop61_star_mul_self (attempt 1)
04:18:04 sol:BookProof_ChapterMajoranaProp61_prop61_star_mul_self: FAIL (theorem not published yet)
04:18:04 processing sol:BookProof_ChapterMajoranaProp76_LinearIsometryEquiv_isNote4Unitary (attempt 1)
04:18:04 sol:BookProof_ChapterMajoranaProp76_LinearIsometryEquiv_isNote4Unitary: FAIL (theorem not published yet)
04:18:04 processing sol:BookProof_ChapterMajoranaProp76_note4_comp (attempt 1)
04:18:43 sol:BookProof_MajoranaClifford_a_add: DONE
04:18:43 processing sol:BookProof_MajoranaClifford_a_selfAdjoint (attempt 1)
04:18:43 sol:BookProof_MajoranaClifford_a_selfAdjoint: FAIL (theorem not published yet)
04:18:43 processing sol:BookProof_MajoranaClifford_a_smul (attempt 1)
04:19:13 sol:BookProof_ChapterParityMajoranaQuant_J_unitary: DONE
04:19:13 processing sol:BookProof_ChapterParityMajoranaQuant_J_unitary' (attempt 1)
04:19:13 sol:BookProof_ChapterParityMajoranaQuant_J_unitary': FAIL (theorem not published yet)
04:19:13 processing sol:BookProof_ChapterParityMajoranaQuant_iJ_herm (attempt 1)
04:19:13 sol:BookProof_ChapterParityMajoranaQuant_iJ_herm: FAIL (theorem not published yet)
04:19:13 processing sol:BookProof_ChapterParityMajoranaQuant_iJ_sq (attempt 1)
04:19:13 sol:BookProof_ChapterParityMajoranaQuant_iJ_sq: FAIL (theorem not published yet)
04:19:13 processing sol:BookProof_ChapterParityMajoranaQuant_proj_add (attempt 1)
04:19:21 sol:BookProof_ChapterParityMajoranaQuant_stdJ_sq: DONE
04:19:21 processing sol:BookProof_ChapterSirkGroupTransfer_groupFlow_zero (attempt 1)
04:19:21 sol:BookProof_ChapterSirkGroupTransfer_groupFlow_zero: FAIL (theorem not published yet)
04:19:21 processing sol:BookProof_ChapterSirkGroupTransfer_norm_pow_le_of_le (attempt 1)
04:19:21 sol:BookProof_ChapterSirkGroupTransfer_norm_pow_le_of_le: FAIL (theorem not published yet)
04:19:21 processing sol:BookProof_MajoranaClifford_Qform_apply (attempt 1)
04:19:21 sol:BookProof_MajoranaClifford_Qform_apply: FAIL (theorem not published yet)
04:19:21 processing sol:BookProof_MajoranaClifford_a_add (attempt 1)
04:19:21 sol:BookProof_MajoranaClifford_a_add: FAIL (theorem not published yet)
04:19:21 processing sol:BookProof_MajoranaClifford_a_selfAdjoint (attempt 1)
04:19:21 sol:BookProof_MajoranaClifford_a_selfAdjoint: FAIL (theorem not published yet)
04:19:21 processing sol:BookProof_MajoranaClifford_a_smul (attempt 1)
04:19:21 sol:BookProof_MajoranaClifford_a_smul: FAIL (theorem not published yet)
04:19:21 processing sol:BookProof_MajoranaClifford_a_zero (attempt 1)
04:19:21 sol:BookProof_MajoranaClifford_a_zero: FAIL (theorem not published yet)
04:19:21 processing sol:BookProof_MajoranaClifford_polar_Qform (attempt 1)
04:19:21 sol:BookProof_MajoranaClifford_polar_Qform: FAIL (theorem not published yet)
04:19:21 processing sol:BookProof_MajoranaClifford_reverse_antihom (attempt 1)
04:19:23 sol:BookProof_ChapterMajoranaProp76_note4_comp: DONE
04:19:23 processing sol:BookProof_ChapterParityMajoranaQuant_J_annih (attempt 1)
04:19:24 sol:BookProof_MajoranaClifford_a_add: DONE
04:19:24 processing sol:BookProof_MajoranaClifford_a_selfAdjoint (attempt 1)
04:19:24 sol:BookProof_MajoranaClifford_a_selfAdjoint: FAIL (theorem not published yet)
04:19:24 processing sol:BookProof_MajoranaClifford_a_smul (attempt 1)
04:19:24 sol:BookProof_MajoranaClifford_a_smul: FAIL (theorem not published yet)
04:19:24 processing sol:BookProof_MajoranaClifford_a_zero (attempt 1)
04:19:24 sol:BookProof_MajoranaClifford_a_zero: FAIL (theorem not published yet)
04:19:24 processing sol:BookProof_MajoranaClifford_polar_Qform (attempt 1)
04:19:24 sol:BookProof_MajoranaClifford_polar_Qform: FAIL (theorem not published yet)
04:19:24 processing sol:BookProof_MajoranaClifford_reverse_antihom (attempt 1)
04:19:24 sol:BookProof_MajoranaClifford_reverse_antihom: FAIL (theorem not published yet)
04:19:24 processing sol:BookProof_MajoranaClifford_reverse_involutive (attempt 1)
04:19:24 sol:BookProof_MajoranaClifford_reverse_involutive: FAIL (theorem not published yet)
04:19:24 processing sol:BookProof_YangMillsBianchi_bianchi (attempt 1)
04:19:24 sol:BookProof_YangMillsBianchi_bianchi: FAIL (theorem not published yet)
04:19:24 processing sol:BookProof_YangMillsBianchi_bianchi_cyclic (attempt 1)
04:19:37 sol:BookProof_ChapterParityMajoranaQuant_iJ_herm: DONE
04:19:37 processing sol:BookProof_ChapterParityMajoranaQuant_iJ_sq (attempt 1)
04:19:51 sol:BookProof_MajoranaClifford_a_smul: DONE
04:19:51 processing sol:BookProof_MajoranaClifford_a_zero (attempt 1)
04:19:51 sol:BookProof_MajoranaClifford_a_zero: FAIL (theorem not published yet)
04:19:51 processing sol:BookProof_MajoranaClifford_polar_Qform (attempt 1)
04:20:52 sol:BookProof_ChapterParityMajoranaQuant_proj_add: DONE
04:20:52 processing sol:BookProof_ChapterParityMajoranaQuant_stdJ_skew (attempt 1)
04:20:52 sol:BookProof_ChapterParityMajoranaQuant_stdJ_skew: FAIL (theorem not published yet)
04:20:52 processing sol:BookProof_ChapterParityMajoranaQuant_stdJ_sq (attempt 1)
04:21:01 sol:BookProof_MajoranaClifford_reverse_antihom: DONE
04:21:01 processing sol:BookProof_MajoranaClifford_reverse_involutive (attempt 1)
04:21:03 sol:BookProof_ChapterParityMajoranaQuant_J_annih: DONE
04:21:03 processing sol:BookProof_ChapterParityMajoranaQuant_J_creat (attempt 1)
04:21:03 sol:BookProof_ChapterParityMajoranaQuant_J_creat: FAIL (theorem not published yet)
04:21:03 processing sol:BookProof_ChapterParityMajoranaQuant_J_unitary (attempt 1)
04:21:03 sol:BookProof_ChapterParityMajoranaQuant_J_unitary: FAIL (theorem not published yet)
04:21:03 processing sol:BookProof_ChapterParityMajoranaQuant_J_unitary' (attempt 1)
04:21:03 sol:BookProof_ChapterParityMajoranaQuant_J_unitary': FAIL (theorem not published yet)
04:21:03 processing sol:BookProof_ChapterParityMajoranaQuant_iJ_herm (attempt 1)
04:21:03 sol:BookProof_ChapterParityMajoranaQuant_iJ_herm: FAIL (theorem not published yet)
04:21:03 processing sol:BookProof_ChapterParityMajoranaQuant_iJ_sq (attempt 1)
04:21:03 sol:BookProof_ChapterParityMajoranaQuant_iJ_sq: FAIL (theorem not published yet)
04:21:03 processing sol:BookProof_ChapterParityMajoranaQuant_proj_add (attempt 1)
04:21:03 sol:BookProof_ChapterParityMajoranaQuant_proj_add: FAIL (theorem not published yet)
04:21:03 processing sol:BookProof_ChapterParityMajoranaQuant_stdJ_skew (attempt 1)
04:21:04 sol:BookProof_YangMillsBianchi_bianchi_cyclic: DONE
04:21:04 processing sol:BookProof_YangMillsBianchi_fieldStrength_antisymm (attempt 1)
04:21:04 sol:BookProof_YangMillsBianchi_fieldStrength_antisymm: FAIL (theorem not published yet)
04:21:04 processing sol:BookProof_YangMillsSU3_structureConstant_formula (attempt 1)
04:21:04 sol:BookProof_YangMillsSU3_structureConstant_formula: FAIL (theorem not published yet)
04:21:04 processing sol:BookProof_YangMillsSU3_structureConstant_jacobi (attempt 1)
04:21:04 sol:BookProof_YangMillsSU3_structureConstant_jacobi: FAIL (theorem not published yet)
04:21:04 processing sol:BookProof_ChapterBaryonAsymmetry_matterRadiationRatio_strictMonoOn (attempt 1)
04:21:04 sol:BookProof_ChapterBaryonAsymmetry_matterRadiationRatio_strictMonoOn: FAIL (theorem not published yet)
04:21:04 processing sol:BookProof_ChapterBaryonAsymmetry_matterRadiationRatio_tendsto_atTop (attempt 1)
04:21:27 sol:BookProof_ChapterParityMajoranaQuant_iJ_sq: DONE
04:21:27 processing sol:BookProof_ChapterParityMajoranaQuant_proj_add (attempt 1)
04:21:27 sol:BookProof_ChapterParityMajoranaQuant_proj_add: FAIL (theorem not published yet)
04:21:27 processing sol:BookProof_ChapterParityMajoranaQuant_stdJ_skew (attempt 1)
04:21:41 sol:BookProof_MajoranaClifford_polar_Qform: DONE
04:21:41 processing sol:BookProof_MajoranaClifford_reverse_antihom (attempt 1)
04:21:41 sol:BookProof_MajoranaClifford_reverse_antihom: FAIL (theorem not published yet)
04:21:41 processing sol:BookProof_MajoranaClifford_reverse_involutive (attempt 1)
04:21:41 sol:BookProof_MajoranaClifford_reverse_involutive: FAIL (theorem not published yet)
04:21:41 processing sol:BookProof_YangMillsBianchi_bianchi (attempt 1)
04:21:41 sol:BookProof_YangMillsBianchi_bianchi: FAIL (theorem not published yet)
04:21:41 processing sol:BookProof_YangMillsBianchi_bianchi_cyclic (attempt 1)
04:21:41 sol:BookProof_YangMillsBianchi_bianchi_cyclic: FAIL (theorem not published yet)
04:21:41 processing sol:BookProof_YangMillsBianchi_fieldStrength_antisymm (attempt 1)
04:21:41 sol:BookProof_YangMillsBianchi_fieldStrength_antisymm: FAIL (theorem not published yet)
04:21:41 processing sol:BookProof_YangMillsSU3_structureConstant_formula (attempt 1)
04:22:10 sol:BookProof_ChapterParityMajoranaQuant_stdJ_skew: DONE
04:22:11 processing sol:BookProof_ChapterParityMajoranaQuant_stdJ_sq (attempt 1)
04:22:11 sol:BookProof_ChapterParityMajoranaQuant_stdJ_sq: FAIL (theorem not published yet)
04:22:11 processing sol:BookProof_ChapterSirkGroupTransfer_groupFlow_zero (attempt 1)
04:22:11 sol:BookProof_ChapterSirkGroupTransfer_groupFlow_zero: FAIL (theorem not published yet)
04:22:11 processing sol:BookProof_ChapterSirkGroupTransfer_norm_pow_le_of_le (attempt 1)
04:22:11 sol:BookProof_ChapterSirkGroupTransfer_norm_pow_le_of_le: FAIL (theorem not published yet)
04:22:11 processing sol:BookProof_MajoranaClifford_Qform_apply (attempt 1)
04:22:21 sol:BookProof_ChapterParityMajoranaQuant_stdJ_sq: DONE
04:22:21 processing sol:BookProof_ChapterSirkGroupTransfer_groupFlow_zero (attempt 1)
04:22:21 sol:BookProof_ChapterSirkGroupTransfer_groupFlow_zero: FAIL (theorem not published yet)
04:22:21 processing sol:BookProof_ChapterSirkGroupTransfer_norm_pow_le_of_le (attempt 1)
04:22:21 sol:BookProof_ChapterSirkGroupTransfer_norm_pow_le_of_le: FAIL (theorem not published yet)
04:22:21 processing sol:BookProof_MajoranaClifford_Qform_apply (attempt 1)
04:22:21 sol:BookProof_MajoranaClifford_Qform_apply: FAIL (theorem not published yet)
04:22:21 processing sol:BookProof_MajoranaClifford_a_add (attempt 1)
04:22:21 sol:BookProof_MajoranaClifford_a_add: FAIL (theorem not published yet)
04:22:21 processing sol:BookProof_MajoranaClifford_a_selfAdjoint (attempt 1)
04:22:21 sol:BookProof_MajoranaClifford_a_selfAdjoint: FAIL (theorem not published yet)
04:22:21 processing sol:BookProof_MajoranaClifford_a_smul (attempt 1)
04:22:21 sol:BookProof_MajoranaClifford_a_smul: FAIL (theorem not published yet)
04:22:21 processing sol:BookProof_MajoranaClifford_a_zero (attempt 1)
04:22:21 sol:BookProof_MajoranaClifford_a_zero: FAIL (theorem not published yet)
04:22:21 processing sol:BookProof_MajoranaClifford_polar_Qform (attempt 1)
04:22:21 sol:BookProof_MajoranaClifford_polar_Qform: FAIL (theorem not published yet)
04:22:21 processing sol:BookProof_MajoranaClifford_reverse_antihom (attempt 1)
04:22:21 sol:BookProof_MajoranaClifford_reverse_antihom: FAIL (theorem not published yet)
04:22:21 processing sol:BookProof_MajoranaClifford_reverse_involutive (attempt 1)
04:22:29 sol:BookProof_MajoranaClifford_reverse_involutive: DONE
04:22:29 processing sol:BookProof_YangMillsBianchi_bianchi (attempt 1)
04:22:49 sol:BookProof_YangMillsSU3_structureConstant_formula: DONE
04:22:49 processing sol:BookProof_YangMillsSU3_structureConstant_jacobi (attempt 1)
04:22:53 sol:BookProof_YangMillsSU3_structureConstant_jacobi: FAIL (local compile failed: /home/leo/prove2me_workspace/Solutions/Sol_BookProof_YangMillsSU3_structureConstant_jacobi.lean:48:8: error: `simp` made no prog)
04:22:53 processing sol:BookProof_ChapterBaryonAsymmetry_matterRadiationRatio_strictMonoOn (attempt 1)
04:22:53 sol:BookProof_ChapterBaryonAsymmetry_matterRadiationRatio_tendsto_atTop: DONE
04:22:53 processing sol:BookProof_ChapterMajoranaProp61_prop61_isUnit (attempt 1)
04:22:53 sol:BookProof_ChapterMajoranaProp61_prop61_isUnit: FAIL (theorem not published yet)
04:22:53 processing sol:BookProof_ChapterMajoranaProp76_fourierTransform_isNote4Unitary (attempt 1)
04:22:53 sol:BookProof_ChapterMajoranaProp76_fourierTransform_isNote4Unitary: FAIL (theorem not published yet)
04:22:53 processing sol:BookProof_ChapterMajoranaProp76_note4_conj (attempt 1)
04:22:53 sol:BookProof_ChapterMajoranaProp76_note4_conj: FAIL (theorem not published yet)
04:22:53 processing sol:BookProof_ChapterParityMajoranaQuant_annihProj_herm (attempt 1)
04:22:53 sol:BookProof_ChapterParityMajoranaQuant_annihProj_herm: FAIL (theorem not published yet)
04:22:53 processing sol:BookProof_ChapterParityMajoranaQuant_creatProj_herm (attempt 1)
04:22:53 sol:BookProof_ChapterParityMajoranaQuant_creatProj_herm: FAIL (theorem not published yet)
04:22:53 processing sol:BookProof_ChapterParityMajoranaQuant_annihProj_idem (attempt 1)
04:22:53 sol:BookProof_ChapterParityMajoranaQuant_annihProj_idem: FAIL (theorem not published yet)
04:22:53 processing sol:BookProof_ChapterParityMajoranaQuant_annih_creat_zero (attempt 1)
04:22:53 sol:BookProof_ChapterParityMajoranaQuant_annih_creat_zero: FAIL (theorem not published yet)
04:22:53 processing sol:BookProof_ChapterParityMajoranaQuant_creatProj_idem (attempt 1)
04:22:53 sol:BookProof_ChapterParityMajoranaQuant_creatProj_idem: FAIL (theorem not published yet)
04:22:53 processing sol:BookProof_ChapterParityMajoranaQuant_creat_annih_zero (attempt 1)
04:22:56 sol:BookProof_ChapterParityMajoranaQuant_stdJ_skew: DONE
04:22:56 processing sol:BookProof_ChapterParityMajoranaQuant_stdJ_sq (attempt 1)
04:22:56 sol:BookProof_ChapterParityMajoranaQuant_stdJ_sq: FAIL (theorem not published yet)
04:22:56 processing sol:BookProof_ChapterSirkGroupTransfer_groupFlow_zero (attempt 1)
04:22:56 sol:BookProof_ChapterSirkGroupTransfer_groupFlow_zero: FAIL (theorem not published yet)
04:22:56 processing sol:BookProof_ChapterSirkGroupTransfer_norm_pow_le_of_le (attempt 1)
04:22:56 sol:BookProof_ChapterSirkGroupTransfer_norm_pow_le_of_le: FAIL (theorem not published yet)
04:22:56 processing sol:BookProof_MajoranaClifford_Qform_apply (attempt 1)
04:22:56 sol:BookProof_MajoranaClifford_Qform_apply: FAIL (theorem not published yet)
04:22:56 processing sol:BookProof_MajoranaClifford_a_add (attempt 1)
04:22:56 sol:BookProof_MajoranaClifford_a_add: FAIL (theorem not published yet)
04:22:56 processing sol:BookProof_MajoranaClifford_a_selfAdjoint (attempt 1)
04:22:56 sol:BookProof_MajoranaClifford_a_selfAdjoint: FAIL (theorem not published yet)
04:22:56 processing sol:BookProof_MajoranaClifford_a_smul (attempt 1)
04:22:56 sol:BookProof_MajoranaClifford_a_smul: FAIL (theorem not published yet)
04:22:56 processing sol:BookProof_MajoranaClifford_a_zero (attempt 1)
04:22:56 sol:BookProof_MajoranaClifford_a_zero: FAIL (theorem not published yet)
04:22:56 processing sol:BookProof_MajoranaClifford_polar_Qform (attempt 1)
04:22:56 sol:BookProof_MajoranaClifford_polar_Qform: FAIL (theorem not published yet)
04:22:56 processing sol:BookProof_MajoranaClifford_reverse_antihom (attempt 1)
04:22:56 sol:BookProof_MajoranaClifford_reverse_antihom: FAIL (theorem not published yet)
04:22:56 processing sol:BookProof_MajoranaClifford_reverse_involutive (attempt 1)
04:22:56 sol:BookProof_MajoranaClifford_reverse_involutive: FAIL (theorem not published yet)
04:22:56 processing sol:BookProof_YangMillsBianchi_bianchi (attempt 1)
04:23:39 sol:BookProof_MajoranaClifford_Qform_apply: DONE
04:23:39 processing sol:BookProof_MajoranaClifford_a_add (attempt 1)
04:23:50 sol:BookProof_MajoranaClifford_reverse_involutive: DONE
04:23:50 processing sol:BookProof_YangMillsBianchi_bianchi (attempt 1)
04:23:50 sol:BookProof_YangMillsBianchi_bianchi: FAIL (theorem not published yet)
04:23:50 processing sol:BookProof_YangMillsBianchi_bianchi_cyclic (attempt 1)
04:23:50 sol:BookProof_YangMillsBianchi_bianchi_cyclic: FAIL (theorem not published yet)
04:23:50 processing sol:BookProof_YangMillsBianchi_fieldStrength_antisymm (attempt 1)
04:23:50 sol:BookProof_YangMillsBianchi_fieldStrength_antisymm: FAIL (theorem not published yet)
04:23:50 processing sol:BookProof_YangMillsSU3_structureConstant_formula (attempt 1)
04:23:50 sol:BookProof_YangMillsSU3_structureConstant_formula: FAIL (theorem not published yet)
04:23:50 processing sol:BookProof_YangMillsSU3_structureConstant_jacobi (attempt 1)
04:23:50 sol:BookProof_YangMillsSU3_structureConstant_jacobi: FAIL (theorem not published yet)
04:23:50 processing sol:BookProof_ChapterBaryonAsymmetry_matterRadiationRatio_strictMonoOn (attempt 1)
04:23:50 sol:BookProof_ChapterBaryonAsymmetry_matterRadiationRatio_strictMonoOn: FAIL (theorem not published yet)
04:23:50 processing sol:BookProof_ChapterBaryonAsymmetry_matterRadiationRatio_tendsto_atTop (attempt 1)
04:23:50 sol:BookProof_ChapterBaryonAsymmetry_matterRadiationRatio_tendsto_atTop: FAIL (theorem not published yet)
04:23:50 processing sol:BookProof_ChapterMajoranaProp61_prop61_isUnit (attempt 1)
04:23:50 sol:BookProof_ChapterMajoranaProp61_prop61_isUnit: FAIL (theorem not published yet)
04:23:50 processing sol:BookProof_ChapterMajoranaProp76_fourierTransform_isNote4Unitary (attempt 1)
04:23:59 sol:BookProof_YangMillsBianchi_bianchi: DONE
04:23:59 processing sol:BookProof_YangMillsBianchi_bianchi_cyclic (attempt 1)
04:23:59 sol:BookProof_YangMillsBianchi_bianchi_cyclic: FAIL (theorem not published yet)
04:23:59 processing sol:BookProof_YangMillsBianchi_fieldStrength_antisymm (attempt 1)
04:23:59 sol:BookProof_YangMillsBianchi_fieldStrength_antisymm: FAIL (theorem not published yet)
04:23:59 processing sol:BookProof_YangMillsSU3_structureConstant_formula (attempt 1)
04:23:59 sol:BookProof_YangMillsSU3_structureConstant_formula: FAIL (theorem not published yet)
04:23:59 processing sol:BookProof_YangMillsSU3_structureConstant_jacobi (attempt 1)
04:23:59 sol:BookProof_YangMillsSU3_structureConstant_jacobi: FAIL (theorem not published yet)
04:23:59 processing sol:BookProof_ChapterBaryonAsymmetry_matterRadiationRatio_strictMonoOn (attempt 1)
04:23:59 sol:BookProof_ChapterBaryonAsymmetry_matterRadiationRatio_strictMonoOn: FAIL (theorem not published yet)
04:23:59 processing sol:BookProof_ChapterBaryonAsymmetry_matterRadiationRatio_tendsto_atTop (attempt 1)
04:24:22 sol:BookProof_ChapterBaryonAsymmetry_matterRadiationRatio_strictMonoOn: DONE
04:24:22 processing sol:BookProof_ChapterBaryonAsymmetry_matterRadiationRatio_tendsto_atTop (attempt 1)
04:24:22 sol:BookProof_ChapterBaryonAsymmetry_matterRadiationRatio_tendsto_atTop: FAIL (theorem not published yet)
04:24:22 processing sol:BookProof_ChapterMajoranaProp61_prop61_isUnit (attempt 1)
04:24:22 sol:BookProof_ChapterMajoranaProp61_prop61_isUnit: FAIL (theorem not published yet)
04:24:22 processing sol:BookProof_ChapterMajoranaProp76_fourierTransform_isNote4Unitary (attempt 1)
04:24:22 sol:BookProof_ChapterMajoranaProp76_fourierTransform_isNote4Unitary: FAIL (theorem not published yet)
04:24:22 processing sol:BookProof_ChapterMajoranaProp76_note4_conj (attempt 1)
04:24:36 sol:BookProof_YangMillsBianchi_bianchi: DONE
04:24:36 processing sol:BookProof_YangMillsBianchi_bianchi_cyclic (attempt 1)
04:24:44 sol:BookProof_ChapterParityMajoranaQuant_creat_annih_zero: DONE
04:24:44 processing sol:BookProof_ChapterSirkGroupTransfer_norm_pow_sub_pow_le (attempt 1)
04:24:44 sol:BookProof_ChapterSirkGroupTransfer_norm_pow_sub_pow_le: FAIL (theorem not published yet)
04:24:44 processing sol:BookProof_MajoranaClifford_a_sq (attempt 1)
04:24:44 sol:BookProof_MajoranaClifford_a_sq: FAIL (theorem not published yet)
04:24:44 processing sol:BookProof_MajoranaClifford_a_map_selfAdjoint (attempt 1)
04:24:44 sol:BookProof_MajoranaClifford_a_map_selfAdjoint: FAIL (theorem not published yet)
04:24:44 processing sol:BookProof_MajoranaClifford_car (attempt 1)
04:24:44 sol:BookProof_MajoranaClifford_car: FAIL (theorem not published yet)
04:24:44 processing sol:BookProof_YangMillsBianchi_bianchi_fieldStrength (attempt 1)
04:24:44 sol:BookProof_YangMillsBianchi_bianchi_fieldStrength: FAIL (theorem not published yet)
04:24:44 processing sol:BookProof_YangMillsSU3_structureConstant_antisymm_rotate (attempt 1)
04:24:44 sol:BookProof_YangMillsSU3_structureConstant_antisymm_rotate: FAIL (theorem not published yet)
04:24:44 processing sol:BookProof_YangMillsSU3_structureConstant_antisymm_swap (attempt 1)
04:24:44 sol:BookProof_YangMillsSU3_structureConstant_antisymm_swap: FAIL (theorem not published yet)
04:24:44 processing sol:BookProof_ChapterMajoranaProp76_energyTransform_unitary (attempt 1)
04:24:51 sol:BookProof_MajoranaClifford_a_add: DONE
04:24:51 processing sol:BookProof_MajoranaClifford_a_selfAdjoint (attempt 1)
04:25:10 sol:BookProof_ChapterBaryonAsymmetry_matterRadiationRatio_tendsto_atTop: DONE
04:25:10 processing sol:BookProof_ChapterMajoranaProp61_prop61_isUnit (attempt 1)
04:25:10 sol:BookProof_ChapterMajoranaProp61_prop61_isUnit: FAIL (theorem not published yet)
04:25:10 processing sol:BookProof_ChapterMajoranaProp76_fourierTransform_isNote4Unitary (attempt 1)
04:25:10 sol:BookProof_ChapterMajoranaProp76_fourierTransform_isNote4Unitary: FAIL (theorem not published yet)
04:25:10 processing sol:BookProof_ChapterMajoranaProp76_note4_conj (attempt 1)
04:25:44 sol:BookProof_ChapterMajoranaProp76_fourierTransform_isNote4Unitary: DONE
04:25:44 processing sol:BookProof_ChapterMajoranaProp76_note4_conj (attempt 1)
04:25:44 sol:BookProof_ChapterMajoranaProp76_note4_conj: FAIL (theorem not published yet)
04:25:44 processing sol:BookProof_ChapterParityMajoranaQuant_annihProj_herm (attempt 1)
04:25:44 sol:BookProof_ChapterParityMajoranaQuant_annihProj_herm: FAIL (theorem not published yet)
04:25:44 processing sol:BookProof_ChapterParityMajoranaQuant_creatProj_herm (attempt 1)
04:25:44 sol:BookProof_ChapterParityMajoranaQuant_creatProj_herm: FAIL (theorem not published yet)
04:25:44 processing sol:BookProof_ChapterParityMajoranaQuant_annihProj_idem (attempt 1)
04:25:44 sol:BookProof_ChapterParityMajoranaQuant_annihProj_idem: FAIL (theorem not published yet)
04:25:44 processing sol:BookProof_ChapterParityMajoranaQuant_annih_creat_zero (attempt 1)
04:25:44 sol:BookProof_ChapterParityMajoranaQuant_annih_creat_zero: FAIL (theorem not published yet)
04:25:44 processing sol:BookProof_ChapterParityMajoranaQuant_creatProj_idem (attempt 1)
04:25:44 sol:BookProof_ChapterParityMajoranaQuant_creatProj_idem: FAIL (theorem not published yet)
04:25:44 processing sol:BookProof_ChapterParityMajoranaQuant_creat_annih_zero (attempt 1)
04:25:44 sol:BookProof_ChapterParityMajoranaQuant_creat_annih_zero: FAIL (theorem not published yet)
04:25:44 processing sol:BookProof_ChapterSirkGroupTransfer_norm_pow_sub_pow_le (attempt 1)
04:25:44 sol:BookProof_ChapterSirkGroupTransfer_norm_pow_sub_pow_le: FAIL (theorem not published yet)
04:25:44 processing sol:BookProof_MajoranaClifford_a_sq (attempt 1)
04:25:47 sol:BookProof_MajoranaClifford_a_sq: FAIL (local compile failed: /home/leo/prove2me_workspace/Solutions/Sol_BookProof_MajoranaClifford_a_sq.lean:22:97: error: unsolved goals
V : Type u_1
inst✝¹)
04:25:47 processing sol:BookProof_MajoranaClifford_a_map_selfAdjoint (attempt 1)
04:25:47 sol:BookProof_MajoranaClifford_a_map_selfAdjoint: FAIL (theorem not published yet)
04:25:47 processing sol:BookProof_MajoranaClifford_car (attempt 1)
04:26:12 sol:BookProof_ChapterMajoranaProp76_note4_conj: DONE
04:26:12 processing sol:BookProof_ChapterParityMajoranaQuant_annihProj_herm (attempt 1)
04:26:12 sol:BookProof_ChapterParityMajoranaQuant_annihProj_herm: FAIL (theorem not published yet)
04:26:12 processing sol:BookProof_ChapterParityMajoranaQuant_creatProj_herm (attempt 1)
04:26:15 sol:BookProof_YangMillsBianchi_bianchi_cyclic: DONE
04:26:15 processing sol:BookProof_YangMillsBianchi_fieldStrength_antisymm (attempt 1)
04:26:23 sol:BookProof_YangMillsBianchi_fieldStrength_antisymm: FAIL (local compile failed: /home/leo/prove2me_workspace/Solutions/Sol_BookProof_YangMillsBianchi_fieldStrength_antisymm.lean:26:9: error(lean.synthInstance)
04:26:23 processing sol:BookProof_YangMillsSU3_structureConstant_formula (attempt 1)
04:26:23 sol:BookProof_ChapterMajoranaProp76_energyTransform_unitary: DONE
04:26:23 processing sol:BookProof_ChapterSirkGroupTransfer_norm_exp_sub_exp_le (attempt 1)
04:26:30 sol:BookProof_MajoranaClifford_a_selfAdjoint: DONE
04:26:30 processing sol:BookProof_MajoranaClifford_a_smul (attempt 1)
04:26:30 sol:BookProof_MajoranaClifford_a_smul: FAIL (theorem not published yet)
04:26:30 processing sol:BookProof_MajoranaClifford_a_zero (attempt 1)
04:26:59 sol:BookProof_ChapterMajoranaProp76_note4_conj: DONE
04:26:59 processing sol:BookProof_ChapterParityMajoranaQuant_annihProj_herm (attempt 1)
04:26:59 sol:BookProof_ChapterParityMajoranaQuant_annihProj_herm: FAIL (theorem not published yet)
04:26:59 processing sol:BookProof_ChapterParityMajoranaQuant_creatProj_herm (attempt 1)
04:26:59 sol:BookProof_ChapterParityMajoranaQuant_creatProj_herm: FAIL (theorem not published yet)
04:26:59 processing sol:BookProof_ChapterParityMajoranaQuant_annihProj_idem (attempt 1)
04:27:05 sol:BookProof_ChapterSirkGroupTransfer_norm_exp_sub_exp_le: FAIL (verdict FAILED: unknown import: Theorems.Thm_BookProof_ChapterSirkGroupTransfer_norm_pow_le_of_le. No such theorem exists in this Lean environment (ma)
04:27:05 processing sol:BookProof_MajoranaClifford_a_anticomm_of_orthogonal (attempt 1)
04:27:16 sol:BookProof_MajoranaClifford_car: DONE
04:27:16 processing sol:BookProof_YangMillsBianchi_bianchi_fieldStrength (attempt 1)
04:27:41 sol:BookProof_MajoranaClifford_a_zero: DONE
04:27:41 processing sol:BookProof_MajoranaClifford_polar_Qform (attempt 1)
04:27:41 sol:BookProof_MajoranaClifford_polar_Qform: FAIL (theorem not published yet)
04:27:41 processing sol:BookProof_MajoranaClifford_reverse_antihom (attempt 1)
04:27:41 sol:BookProof_MajoranaClifford_reverse_antihom: FAIL (theorem not published yet)
04:27:41 processing sol:BookProof_MajoranaClifford_reverse_involutive (attempt 1)
04:27:41 sol:BookProof_MajoranaClifford_reverse_involutive: FAIL (theorem not published yet)
04:27:41 processing sol:BookProof_YangMillsBianchi_bianchi (attempt 1)
04:27:41 sol:BookProof_YangMillsBianchi_bianchi: FAIL (theorem not published yet)
04:27:41 processing sol:BookProof_YangMillsBianchi_bianchi_cyclic (attempt 1)
04:27:41 sol:BookProof_YangMillsBianchi_bianchi_cyclic: FAIL (theorem not published yet)
04:27:41 processing sol:BookProof_YangMillsBianchi_fieldStrength_antisymm (attempt 1)
04:27:41 sol:BookProof_YangMillsBianchi_fieldStrength_antisymm: FAIL (theorem not published yet)
04:27:41 processing sol:BookProof_YangMillsSU3_structureConstant_formula (attempt 1)
04:27:41 sol:BookProof_YangMillsSU3_structureConstant_formula: FAIL (theorem not published yet)
04:27:41 processing sol:BookProof_YangMillsSU3_structureConstant_jacobi (attempt 1)
04:27:41 sol:BookProof_YangMillsSU3_structureConstant_jacobi: FAIL (theorem not published yet)
04:27:41 processing sol:BookProof_ChapterBaryonAsymmetry_matterRadiationRatio_strictMonoOn (attempt 1)
04:27:41 sol:BookProof_ChapterBaryonAsymmetry_matterRadiationRatio_strictMonoOn: FAIL (theorem not published yet)
04:27:41 processing sol:BookProof_ChapterBaryonAsymmetry_matterRadiationRatio_tendsto_atTop (attempt 1)
04:27:56 sol:BookProof_ChapterParityMajoranaQuant_creatProj_herm: DONE
04:27:56 processing sol:BookProof_ChapterParityMajoranaQuant_annihProj_idem (attempt 1)
04:28:07 sol:BookProof_YangMillsSU3_structureConstant_formula: DONE
04:28:07 processing sol:BookProof_YangMillsSU3_structureConstant_jacobi (attempt 1)
04:28:07 sol:BookProof_YangMillsSU3_structureConstant_jacobi: FAIL (theorem not published yet)
04:28:07 processing sol:BookProof_ChapterBaryonAsymmetry_matterRadiationRatio_strictMonoOn (attempt 1)
04:28:07 sol:BookProof_ChapterBaryonAsymmetry_matterRadiationRatio_strictMonoOn: FAIL (theorem not published yet)
04:28:07 processing sol:BookProof_ChapterBaryonAsymmetry_matterRadiationRatio_tendsto_atTop (attempt 1)
04:28:07 sol:BookProof_ChapterBaryonAsymmetry_matterRadiationRatio_tendsto_atTop: FAIL (theorem not published yet)
04:28:07 processing sol:BookProof_ChapterMajoranaProp61_prop61_isUnit (attempt 1)
04:28:07 sol:BookProof_ChapterMajoranaProp61_prop61_isUnit: FAIL (theorem not published yet)
04:28:07 processing sol:BookProof_ChapterMajoranaProp76_fourierTransform_isNote4Unitary (attempt 1)
04:28:11 sol:BookProof_ChapterMajoranaProp76_fourierTransform_isNote4Unitary: FAIL (local compile failed: /home/leo/prove2me_workspace/Solutions/Sol_BookProof_ChapterMajoranaProp76_fourierTransform_isNote4Unitary.lean:2:0: error: obje)
04:28:11 processing sol:BookProof_ChapterMajoranaProp76_note4_conj (attempt 1)
04:28:15 sol:BookProof_ChapterMajoranaProp76_note4_conj: FAIL (local compile failed: /home/leo/prove2me_workspace/Solutions/Sol_BookProof_ChapterMajoranaProp76_note4_conj.lean:2:0: error: object file '/home/leo/pr)
04:28:15 processing sol:BookProof_ChapterParityMajoranaQuant_annihProj_herm (attempt 1)
04:28:22 sol:BookProof_ChapterParityMajoranaQuant_annihProj_idem: DONE
04:28:22 processing sol:BookProof_ChapterParityMajoranaQuant_annih_creat_zero (attempt 1)
04:28:22 sol:BookProof_ChapterParityMajoranaQuant_annih_creat_zero: FAIL (theorem not published yet)
04:28:22 processing sol:BookProof_ChapterParityMajoranaQuant_creatProj_idem (attempt 1)
04:28:22 sol:BookProof_ChapterParityMajoranaQuant_creatProj_idem: FAIL (theorem not published yet)
04:28:22 processing sol:BookProof_ChapterParityMajoranaQuant_creat_annih_zero (attempt 1)
04:28:22 sol:BookProof_ChapterParityMajoranaQuant_creat_annih_zero: FAIL (theorem not published yet)
04:28:22 processing sol:BookProof_ChapterSirkGroupTransfer_norm_pow_sub_pow_le (attempt 1)
04:28:22 sol:BookProof_ChapterSirkGroupTransfer_norm_pow_sub_pow_le: FAIL (theorem not published yet)
04:28:22 processing sol:BookProof_MajoranaClifford_a_sq (attempt 1)
04:28:22 sol:BookProof_MajoranaClifford_a_sq: FAIL (theorem not published yet)
04:28:22 processing sol:BookProof_MajoranaClifford_a_map_selfAdjoint (attempt 1)
04:28:22 sol:BookProof_MajoranaClifford_a_map_selfAdjoint: FAIL (theorem not published yet)
04:28:22 processing sol:BookProof_MajoranaClifford_car (attempt 1)
04:28:22 sol:BookProof_MajoranaClifford_car: FAIL (theorem not published yet)
04:28:22 processing sol:BookProof_YangMillsBianchi_bianchi_fieldStrength (attempt 1)
04:28:37 sol:BookProof_MajoranaClifford_a_anticomm_of_orthogonal: DONE
04:28:37 processing sol:BookProof_YangMillsSU3_structureConstant_totally_antisymmetric (attempt 1)
04:28:47 sol:BookProof_YangMillsBianchi_bianchi_fieldStrength: DONE
04:28:47 processing sol:BookProof_YangMillsSU3_structureConstant_antisymm_rotate (attempt 1)
04:28:47 sol:BookProof_YangMillsSU3_structureConstant_antisymm_rotate: FAIL (theorem not published yet)
04:28:47 processing sol:BookProof_YangMillsSU3_structureConstant_antisymm_swap (attempt 1)
04:28:47 sol:BookProof_YangMillsSU3_structureConstant_antisymm_swap: FAIL (theorem not published yet)
04:28:47 processing sol:BookProof_ChapterMajoranaProp76_energyTransform_unitary (attempt 1)
04:29:10 sol:BookProof_ChapterBaryonAsymmetry_matterRadiationRatio_tendsto_atTop: DONE
04:29:10 processing sol:BookProof_ChapterMajoranaProp61_prop61_isUnit (attempt 1)
04:29:36 sol:BookProof_ChapterParityMajoranaQuant_annihProj_idem: DONE
04:29:36 processing sol:BookProof_ChapterParityMajoranaQuant_annih_creat_zero (attempt 1)
04:29:43 sol:BookProof_YangMillsBianchi_bianchi_fieldStrength: DONE
04:29:43 processing sol:BookProof_YangMillsSU3_structureConstant_antisymm_rotate (attempt 1)
04:29:45 sol:BookProof_ChapterMajoranaProp61_prop61_isUnit: FAIL (verdict FAILED: unknown import: Theorems.Thm_BookProof_ChapterMajoranaProp61_prop61_star_mul_self. No such theorem exists in this Lean environment (ma)
04:29:46 processing sol:BookProof_ChapterMajoranaProp76_fourierTransform_isNote4Unitary (attempt 1)
04:29:46 sol:BookProof_ChapterMajoranaProp76_fourierTransform_isNote4Unitary: FAIL (theorem not published yet)
04:29:46 processing sol:BookProof_ChapterMajoranaProp76_note4_conj (attempt 1)
04:29:46 sol:BookProof_ChapterMajoranaProp76_note4_conj: FAIL (theorem not published yet)
04:29:46 processing sol:BookProof_ChapterParityMajoranaQuant_annihProj_herm (attempt 1)
04:29:46 sol:BookProof_ChapterParityMajoranaQuant_annihProj_herm: FAIL (theorem not published yet)
04:29:46 processing sol:BookProof_ChapterParityMajoranaQuant_creatProj_herm (attempt 1)
04:29:46 sol:BookProof_ChapterParityMajoranaQuant_creatProj_herm: FAIL (theorem not published yet)
04:29:46 processing sol:BookProof_ChapterParityMajoranaQuant_annihProj_idem (attempt 1)
04:29:46 sol:BookProof_ChapterParityMajoranaQuant_annihProj_herm: DONE
04:29:46 processing sol:BookProof_ChapterParityMajoranaQuant_creatProj_herm (attempt 1)
04:29:46 sol:BookProof_ChapterParityMajoranaQuant_creatProj_herm: FAIL (theorem not published yet)
04:29:46 processing sol:BookProof_ChapterParityMajoranaQuant_annihProj_idem (attempt 1)
04:29:46 sol:BookProof_ChapterParityMajoranaQuant_annihProj_idem: FAIL (theorem not published yet)
04:29:46 processing sol:BookProof_ChapterParityMajoranaQuant_annih_creat_zero (attempt 1)
04:29:46 sol:BookProof_ChapterParityMajoranaQuant_annih_creat_zero: FAIL (theorem not published yet)
04:29:46 processing sol:BookProof_ChapterParityMajoranaQuant_creatProj_idem (attempt 1)
04:29:46 sol:BookProof_ChapterParityMajoranaQuant_creatProj_idem: FAIL (theorem not published yet)
04:29:46 processing sol:BookProof_ChapterParityMajoranaQuant_creat_annih_zero (attempt 1)
04:29:46 sol:BookProof_ChapterParityMajoranaQuant_creat_annih_zero: FAIL (theorem not published yet)
04:29:46 processing sol:BookProof_ChapterSirkGroupTransfer_norm_pow_sub_pow_le (attempt 1)
04:29:46 sol:BookProof_ChapterSirkGroupTransfer_norm_pow_sub_pow_le: FAIL (theorem not published yet)
04:29:46 processing sol:BookProof_MajoranaClifford_a_sq (attempt 1)
04:29:46 sol:BookProof_MajoranaClifford_a_sq: FAIL (theorem not published yet)
04:29:46 processing sol:BookProof_MajoranaClifford_a_map_selfAdjoint (attempt 1)
04:30:19 sol:BookProof_ChapterMajoranaProp76_energyTransform_unitary: DONE
04:30:19 processing sol:BookProof_ChapterSirkGroupTransfer_norm_exp_sub_exp_le (attempt 1)
04:30:19 sol:BookProof_ChapterSirkGroupTransfer_norm_exp_sub_exp_le: FAIL (theorem not published yet)
04:30:19 processing sol:BookProof_MajoranaClifford_a_anticomm_of_orthogonal (attempt 1)
04:30:20 sol:BookProof_YangMillsSU3_structureConstant_totally_antisymmetric: DONE
04:30:20 processing sol:BookProof_ChapterMajoranaProp76_energyMomentum_unitary (attempt 1)
04:30:43 sol:BookProof_ChapterParityMajoranaQuant_annih_creat_zero: DONE
04:30:43 processing sol:BookProof_ChapterParityMajoranaQuant_creatProj_idem (attempt 1)
04:31:15 sol:BookProof_ChapterParityMajoranaQuant_annihProj_idem: DONE
04:31:15 processing sol:BookProof_ChapterParityMajoranaQuant_annih_creat_zero (attempt 1)
04:31:15 sol:BookProof_ChapterParityMajoranaQuant_annih_creat_zero: FAIL (theorem not published yet)
04:31:15 processing sol:BookProof_ChapterParityMajoranaQuant_creatProj_idem (attempt 1)
04:31:15 sol:BookProof_ChapterParityMajoranaQuant_creatProj_idem: FAIL (theorem not published yet)
04:31:15 processing sol:BookProof_ChapterParityMajoranaQuant_creat_annih_zero (attempt 1)
04:31:15 sol:BookProof_ChapterParityMajoranaQuant_creat_annih_zero: FAIL (theorem not published yet)
04:31:15 processing sol:BookProof_ChapterSirkGroupTransfer_norm_pow_sub_pow_le (attempt 1)
04:31:15 sol:BookProof_ChapterSirkGroupTransfer_norm_pow_sub_pow_le: FAIL (theorem not published yet)
04:31:15 processing sol:BookProof_MajoranaClifford_a_sq (attempt 1)
04:31:22 sol:BookProof_YangMillsSU3_structureConstant_antisymm_rotate: DONE
04:31:22 processing sol:BookProof_YangMillsSU3_structureConstant_antisymm_swap (attempt 1)
04:31:23 sol:BookProof_MajoranaClifford_a_sq: FAIL (local compile failed: /home/leo/prove2me_workspace/Solutions/Sol_BookProof_MajoranaClifford_a_sq.lean:22:97: error: unsolved goals
V : Type u_1
inst✝¹)
04:31:23 processing sol:BookProof_MajoranaClifford_a_map_selfAdjoint (attempt 1)
04:31:23 sol:BookProof_MajoranaClifford_a_map_selfAdjoint: FAIL (theorem not published yet)
04:31:23 processing sol:BookProof_MajoranaClifford_car (attempt 1)
04:31:23 sol:BookProof_MajoranaClifford_car: FAIL (theorem not published yet)
04:31:23 processing sol:BookProof_YangMillsBianchi_bianchi_fieldStrength (attempt 1)
04:31:23 sol:BookProof_YangMillsBianchi_bianchi_fieldStrength: FAIL (theorem not published yet)
04:31:23 processing sol:BookProof_YangMillsSU3_structureConstant_antisymm_rotate (attempt 1)
04:31:26 sol:BookProof_MajoranaClifford_a_map_selfAdjoint: DONE
04:31:26 processing sol:BookProof_MajoranaClifford_car (attempt 1)
04:31:26 sol:BookProof_MajoranaClifford_car: FAIL (theorem not published yet)
04:31:26 processing sol:BookProof_YangMillsBianchi_bianchi_fieldStrength (attempt 1)
04:31:26 sol:BookProof_YangMillsBianchi_bianchi_fieldStrength: FAIL (theorem not published yet)
04:31:26 processing sol:BookProof_YangMillsSU3_structureConstant_antisymm_rotate (attempt 1)
04:31:26 sol:BookProof_YangMillsSU3_structureConstant_antisymm_rotate: FAIL (theorem not published yet)
04:31:26 processing sol:BookProof_YangMillsSU3_structureConstant_antisymm_swap (attempt 1)
04:31:26 sol:BookProof_YangMillsSU3_structureConstant_antisymm_swap: FAIL (theorem not published yet)
04:31:26 processing sol:BookProof_ChapterMajoranaProp76_energyTransform_unitary (attempt 1)
04:31:37 sol:BookProof_MajoranaClifford_a_anticomm_of_orthogonal: DONE
04:31:37 processing sol:BookProof_YangMillsSU3_structureConstant_totally_antisymmetric (attempt 1)
04:31:37 sol:BookProof_YangMillsSU3_structureConstant_totally_antisymmetric: FAIL (theorem not published yet)
04:31:37 processing sol:BookProof_ChapterMajoranaProp76_energyMomentum_unitary (attempt 1)
04:31:37 sol:BookProof_ChapterMajoranaProp76_energyMomentum_unitary: FAIL (theorem not published yet)
04:31:37 processing sol:BookProof_ChapterMajoranaProp76_energyTransform_fourier_unitary (attempt 1)
04:31:37 sol:BookProof_ChapterMajoranaProp76_energyTransform_fourier_unitary: FAIL (theorem not published yet)
04:31:37 processing sol:BookProof_ChapterSirkGroupTransfer_norm_groupFlow_sub_le (attempt 1)
04:31:37 sol:BookProof_ChapterSirkGroupTransfer_norm_groupFlow_sub_le: FAIL (theorem not published yet)
04:31:37 processing sol:BookProof_MajoranaClifford_a_anticomm_skew (attempt 1)
04:31:37 sol:BookProof_MajoranaClifford_a_anticomm_skew: FAIL (theorem not published yet)
04:31:37 processing sol:BookProof_ChapterSirkGroupTransfer_groupFlow_transfer_uniform_on_interval (attempt 1)
04:31:50 sol:BookProof_ChapterMajoranaProp76_energyMomentum_unitary: DONE
04:31:50 processing sol:BookProof_ChapterMajoranaProp76_energyTransform_fourier_unitary (attempt 1)
04:31:50 sol:BookProof_ChapterMajoranaProp76_energyTransform_fourier_unitary: FAIL (theorem not published yet)
04:31:50 processing sol:BookProof_ChapterSirkGroupTransfer_norm_groupFlow_sub_le (attempt 1)
04:31:50 sol:BookProof_ChapterSirkGroupTransfer_norm_groupFlow_sub_le: FAIL (theorem not published yet)
04:31:50 processing sol:BookProof_MajoranaClifford_a_anticomm_skew (attempt 1)
04:31:50 sol:BookProof_MajoranaClifford_a_anticomm_skew: FAIL (theorem not published yet)
04:31:50 processing sol:BookProof_ChapterSirkGroupTransfer_groupFlow_transfer_uniform_on_interval (attempt 1)
04:32:23 sol:BookProof_ChapterParityMajoranaQuant_creatProj_idem: DONE
04:32:23 processing sol:BookProof_ChapterParityMajoranaQuant_creat_annih_zero (attempt 1)
04:32:47 sol:BookProof_YangMillsSU3_structureConstant_antisymm_rotate: DONE
04:32:47 processing sol:BookProof_YangMillsSU3_structureConstant_antisymm_swap (attempt 1)
04:32:47 sol:BookProof_YangMillsSU3_structureConstant_antisymm_swap: FAIL (theorem not published yet)
04:32:47 processing sol:BookProof_ChapterMajoranaProp76_energyTransform_unitary (attempt 1)
04:32:47 sol:BookProof_ChapterMajoranaProp76_energyTransform_unitary: FAIL (theorem not published yet)
04:32:47 processing sol:BookProof_ChapterSirkGroupTransfer_norm_exp_sub_exp_le (attempt 1)
04:32:47 sol:BookProof_ChapterSirkGroupTransfer_norm_exp_sub_exp_le: FAIL (theorem not published yet)
04:32:47 processing sol:BookProof_MajoranaClifford_a_anticomm_of_orthogonal (attempt 1)
04:32:48 sol:BookProof_YangMillsSU3_structureConstant_antisymm_swap: DONE
04:32:48 processing sol:BookProof_ChapterMajoranaProp76_energyTransform_unitary (attempt 1)
04:32:48 sol:BookProof_ChapterMajoranaProp76_energyTransform_unitary: FAIL (theorem not published yet)
04:32:48 processing sol:BookProof_ChapterSirkGroupTransfer_norm_exp_sub_exp_le (attempt 1)
04:32:48 sol:BookProof_ChapterSirkGroupTransfer_norm_exp_sub_exp_le: FAIL (theorem not published yet)
04:32:48 processing sol:BookProof_MajoranaClifford_a_anticomm_of_orthogonal (attempt 1)
04:32:48 sol:BookProof_MajoranaClifford_a_anticomm_of_orthogonal: FAIL (theorem not published yet)
04:32:48 processing sol:BookProof_YangMillsSU3_structureConstant_totally_antisymmetric (attempt 1)
04:32:48 sol:BookProof_YangMillsSU3_structureConstant_totally_antisymmetric: FAIL (theorem not published yet)
04:32:48 processing sol:BookProof_ChapterMajoranaProp76_energyMomentum_unitary (attempt 1)
04:32:48 sol:BookProof_ChapterMajoranaProp76_energyMomentum_unitary: FAIL (theorem not published yet)
04:32:48 processing sol:BookProof_ChapterMajoranaProp76_energyTransform_fourier_unitary (attempt 1)
04:32:48 sol:BookProof_ChapterMajoranaProp76_energyTransform_fourier_unitary: FAIL (theorem not published yet)
04:32:48 processing sol:BookProof_ChapterSirkGroupTransfer_norm_groupFlow_sub_le (attempt 1)
04:33:00 sol:BookProof_ChapterSirkGroupTransfer_groupFlow_transfer_uniform_on_interval: DONE
04:33:00 summary: 222 done, 100 pending, 0 failed
04:33:00 sol:BookProof_ChapterMajoranaProp76_energyTransform_unitary: DONE
04:33:00 processing sol:BookProof_ChapterSirkGroupTransfer_norm_exp_sub_exp_le (attempt 1)
04:33:00 sol:BookProof_ChapterSirkGroupTransfer_norm_exp_sub_exp_le: FAIL (theorem not published yet)
04:33:00 processing sol:BookProof_MajoranaClifford_a_anticomm_of_orthogonal (attempt 1)
04:33:00 sol:BookProof_MajoranaClifford_a_anticomm_of_orthogonal: FAIL (theorem not published yet)
04:33:00 processing sol:BookProof_YangMillsSU3_structureConstant_totally_antisymmetric (attempt 1)
04:33:00 sol:BookProof_YangMillsSU3_structureConstant_totally_antisymmetric: FAIL (theorem not published yet)
04:33:00 processing sol:BookProof_ChapterMajoranaProp76_energyMomentum_unitary (attempt 1)
04:33:00 sol:BookProof_ChapterMajoranaProp76_energyMomentum_unitary: FAIL (theorem not published yet)
04:33:00 processing sol:BookProof_ChapterMajoranaProp76_energyTransform_fourier_unitary (attempt 1)
04:33:00 sol:BookProof_ChapterMajoranaProp76_energyTransform_fourier_unitary: FAIL (theorem not published yet)
04:33:00 processing sol:BookProof_ChapterSirkGroupTransfer_norm_groupFlow_sub_le (attempt 1)
04:33:00 sol:BookProof_ChapterSirkGroupTransfer_norm_groupFlow_sub_le: FAIL (theorem not published yet)
04:33:00 processing sol:BookProof_MajoranaClifford_a_anticomm_skew (attempt 1)
04:33:00 sol:BookProof_MajoranaClifford_a_anticomm_skew: FAIL (theorem not published yet)
04:33:00 processing sol:BookProof_ChapterSirkGroupTransfer_groupFlow_transfer_uniform_on_interval (attempt 1)
04:33:09 sol:BookProof_ChapterSirkGroupTransfer_groupFlow_transfer_uniform_on_interval: DONE
04:33:09 summary: 220 done, 102 pending, 0 failed
04:33:41 sol:BookProof_ChapterParityMajoranaQuant_creat_annih_zero: DONE
04:33:41 processing sol:BookProof_ChapterSirkGroupTransfer_norm_pow_sub_pow_le (attempt 1)
04:33:41 sol:BookProof_ChapterSirkGroupTransfer_norm_pow_sub_pow_le: FAIL (theorem not published yet)
04:33:41 processing sol:BookProof_MajoranaClifford_a_sq (attempt 1)
04:33:44 sol:BookProof_MajoranaClifford_a_sq: FAIL (local compile failed: /home/leo/prove2me_workspace/Solutions/Sol_BookProof_MajoranaClifford_a_sq.lean:22:97: error: unsolved goals
V : Type u_1
inst✝¹)
04:33:44 processing sol:BookProof_MajoranaClifford_a_map_selfAdjoint (attempt 1)
04:33:44 sol:BookProof_MajoranaClifford_a_map_selfAdjoint: FAIL (theorem not published yet)
04:33:44 processing sol:BookProof_MajoranaClifford_car (attempt 1)
04:33:44 sol:BookProof_MajoranaClifford_car: FAIL (theorem not published yet)
04:33:44 processing sol:BookProof_YangMillsBianchi_bianchi_fieldStrength (attempt 1)
04:33:44 sol:BookProof_YangMillsBianchi_bianchi_fieldStrength: FAIL (theorem not published yet)
04:33:44 processing sol:BookProof_YangMillsSU3_structureConstant_antisymm_rotate (attempt 1)
04:33:44 sol:BookProof_YangMillsSU3_structureConstant_antisymm_rotate: FAIL (theorem not published yet)
04:33:44 processing sol:BookProof_YangMillsSU3_structureConstant_antisymm_swap (attempt 1)
04:33:44 sol:BookProof_YangMillsSU3_structureConstant_antisymm_swap: FAIL (theorem not published yet)
04:33:44 processing sol:BookProof_ChapterMajoranaProp76_energyTransform_unitary (attempt 1)
04:33:44 sol:BookProof_ChapterMajoranaProp76_energyTransform_unitary: FAIL (theorem not published yet)
04:33:44 processing sol:BookProof_ChapterSirkGroupTransfer_norm_exp_sub_exp_le (attempt 1)
04:33:44 sol:BookProof_ChapterSirkGroupTransfer_norm_exp_sub_exp_le: FAIL (theorem not published yet)
04:33:44 processing sol:BookProof_MajoranaClifford_a_anticomm_of_orthogonal (attempt 1)
04:34:17 sol:BookProof_MajoranaClifford_a_anticomm_of_orthogonal: DONE
04:34:17 processing sol:BookProof_YangMillsSU3_structureConstant_totally_antisymmetric (attempt 1)
04:34:17 sol:BookProof_YangMillsSU3_structureConstant_totally_antisymmetric: FAIL (theorem not published yet)
04:34:17 processing sol:BookProof_ChapterMajoranaProp76_energyMomentum_unitary (attempt 1)
04:34:18 sol:BookProof_ChapterSirkGroupTransfer_norm_groupFlow_sub_le: DONE
04:34:18 processing sol:BookProof_MajoranaClifford_a_anticomm_skew (attempt 1)
04:34:18 sol:BookProof_MajoranaClifford_a_anticomm_skew: FAIL (theorem not published yet)
04:34:18 processing sol:BookProof_ChapterSirkGroupTransfer_groupFlow_transfer_uniform_on_interval (attempt 1)
04:34:18 sol:BookProof_ChapterSirkGroupTransfer_groupFlow_transfer_uniform_on_interval: FAIL (theorem not published yet)
04:34:18 summary: 225 done, 97 pending, 0 failed
04:34:40 sol:BookProof_ChapterSirkGroupTransfer_groupFlow_transfer_uniform_on_interval: DONE
04:34:40 summary: 227 done, 95 pending, 0 failed
04:34:52 sol:BookProof_MajoranaClifford_a_anticomm_of_orthogonal: DONE
04:34:52 processing sol:BookProof_YangMillsSU3_structureConstant_totally_antisymmetric (attempt 1)
04:34:52 sol:BookProof_YangMillsSU3_structureConstant_totally_antisymmetric: FAIL (theorem not published yet)
04:34:52 processing sol:BookProof_ChapterMajoranaProp76_energyMomentum_unitary (attempt 1)
04:34:52 sol:BookProof_ChapterMajoranaProp76_energyMomentum_unitary: FAIL (theorem not published yet)
04:34:52 processing sol:BookProof_ChapterMajoranaProp76_energyTransform_fourier_unitary (attempt 1)
04:34:52 sol:BookProof_ChapterMajoranaProp76_energyTransform_fourier_unitary: FAIL (theorem not published yet)
04:34:52 processing sol:BookProof_ChapterSirkGroupTransfer_norm_groupFlow_sub_le (attempt 1)
04:34:52 sol:BookProof_ChapterSirkGroupTransfer_norm_groupFlow_sub_le: FAIL (theorem not published yet)
04:34:52 processing sol:BookProof_MajoranaClifford_a_anticomm_skew (attempt 1)
04:34:52 sol:BookProof_MajoranaClifford_a_anticomm_skew: FAIL (theorem not published yet)
04:34:52 processing sol:BookProof_ChapterSirkGroupTransfer_groupFlow_transfer_uniform_on_interval (attempt 1)
04:35:35 sol:BookProof_ChapterMajoranaProp76_energyMomentum_unitary: DONE
04:35:35 processing sol:BookProof_ChapterMajoranaProp76_energyTransform_fourier_unitary (attempt 1)
04:36:05 sol:BookProof_ChapterSirkGroupTransfer_groupFlow_transfer_uniform_on_interval: DONE
04:36:05 summary: 232 done, 90 pending, 0 failed
04:37:07 sol:BookProof_ChapterMajoranaProp76_energyTransform_fourier_unitary: DONE
04:37:07 processing sol:BookProof_ChapterSirkGroupTransfer_norm_groupFlow_sub_le (attempt 1)
04:38:47 sol:BookProof_ChapterSirkGroupTransfer_norm_groupFlow_sub_le: DONE
04:38:47 processing sol:BookProof_MajoranaClifford_a_anticomm_skew (attempt 1)
04:40:05 sol:BookProof_MajoranaClifford_a_anticomm_skew: DONE
04:40:05 processing sol:BookProof_ChapterSirkGroupTransfer_groupFlow_transfer_uniform_on_interval (attempt 1)
04:40:05 sol:BookProof_ChapterSirkGroupTransfer_groupFlow_transfer_uniform_on_interval: FAIL (theorem not published yet)
04:40:05 summary: 237 done, 85 pending, 0 failed
04:56:56 processing def:ChapterMajoranaProp61 (attempt 2)
04:56:56 processing def:ChapterMajoranaProp61 (attempt 2)
04:57:12 def:ChapterMajoranaProp61: DONE
04:57:12 def:ChapterMajoranaProp61: DONE
04:57:12 processing def:ChapterMajoranaProp76 (attempt 2)
04:57:12 processing def:ChapterMajoranaProp76 (attempt 2)
04:57:20 def:ChapterMajoranaProp76: FAIL (submit-definition rejected: {"error": "A theorem or definition with name \"ChapterMajoranaProp76\" already exists"})
04:57:20 def:ChapterMajoranaProp76: FAIL (submit-definition rejected: {"error": "A theorem or definition with name \"ChapterMajoranaProp76\" already exists"})
04:57:20 processing def:ChapterYangMillsSU3 (attempt 2)
04:57:20 processing def:ChapterYangMillsSU3 (attempt 2)
04:57:36 def:ChapterYangMillsSU3: FAIL (submit-definition rejected: {"error": "A theorem or definition with name \"ChapterYangMillsSU3\" already exists"})
04:57:36 def:ChapterYangMillsSU3: FAIL (submit-definition rejected: {"error": "A theorem or definition with name \"ChapterYangMillsSU3\" already exists"})
04:57:36 processing thm:BookProof_ChapterBaryonAsymmetry_matterRadiationRatio_eq (attempt 2)
04:57:36 processing thm:BookProof_ChapterBaryonAsymmetry_matterRadiationRatio_eq (attempt 2)
04:57:52 thm:BookProof_ChapterBaryonAsymmetry_matterRadiationRatio_eq: REUSING existing BookProof.ChapterBaryonAsymmetry.matterRadiationRatio_eq (Proved) d3bb639c-b414-4c11-82cb-b5672a3fb56e
04:57:52 thm:BookProof_ChapterBaryonAsymmetry_matterRadiationRatio_eq: REUSING existing BookProof.ChapterBaryonAsymmetry.matterRadiationRatio_eq (Proved) d3bb639c-b414-4c11-82cb-b5672a3fb56e
04:57:52 thm:BookProof_ChapterBaryonAsymmetry_matterRadiationRatio_eq: DONE
04:57:52 thm:BookProof_ChapterBaryonAsymmetry_matterRadiationRatio_eq: DONE
04:57:52 processing thm:BookProof_ChapterMajoranaProp61_gsq_Hsq_comm (attempt 2)
04:57:52 processing thm:BookProof_ChapterMajoranaProp61_gsq_Hsq_comm (attempt 2)
04:57:56 thm:BookProof_ChapterMajoranaProp61_gsq_Hsq_comm: FAIL (cannot split formal_statement from /home/leo/prove2me_workspace/Theorems/Thm_BookProof_ChapterMajoranaProp61_gsq_Hsq_comm.lean)
04:57:56 thm:BookProof_ChapterMajoranaProp61_gsq_Hsq_comm: FAIL (cannot split formal_statement from /home/leo/prove2me_workspace/Theorems/Thm_BookProof_ChapterMajoranaProp61_gsq_Hsq_comm.lean)
04:57:56 processing thm:BookProof_ChapterMajoranaProp61_prop61_mul_star_self (attempt 2)
04:57:56 processing thm:BookProof_ChapterMajoranaProp61_prop61_mul_star_self (attempt 2)
04:57:59 thm:BookProof_ChapterMajoranaProp61_prop61_mul_star_self: FAIL (cannot split formal_statement from /home/leo/prove2me_workspace/Theorems/Thm_BookProof_ChapterMajoranaProp61_prop61_mul_star_self.lean)
04:57:59 thm:BookProof_ChapterMajoranaProp61_prop61_mul_star_self: FAIL (cannot split formal_statement from /home/leo/prove2me_workspace/Theorems/Thm_BookProof_ChapterMajoranaProp61_prop61_mul_star_self.lean)
04:57:59 processing thm:BookProof_ChapterMajoranaProp61_prop61_star_mul_self (attempt 2)
04:57:59 processing thm:BookProof_ChapterMajoranaProp61_prop61_star_mul_self (attempt 2)
04:58:02 thm:BookProof_ChapterMajoranaProp61_prop61_star_mul_self: FAIL (cannot split formal_statement from /home/leo/prove2me_workspace/Theorems/Thm_BookProof_ChapterMajoranaProp61_prop61_star_mul_self.lean)
04:58:02 thm:BookProof_ChapterMajoranaProp61_prop61_star_mul_self: FAIL (cannot split formal_statement from /home/leo/prove2me_workspace/Theorems/Thm_BookProof_ChapterMajoranaProp61_prop61_star_mul_self.lean)
04:58:02 processing thm:BookProof_ChapterMajoranaProp76_LinearIsometryEquiv_isNote4Unitary (attempt 2)
04:58:02 processing thm:BookProof_ChapterMajoranaProp76_LinearIsometryEquiv_isNote4Unitary (attempt 2)
04:58:14 thm:BookProof_ChapterMajoranaProp76_LinearIsometryEquiv_isNote4Unitary: FAIL (local compile failed: /home/leo/prove2me_workspace/Theorems/Thm_BookProof_ChapterMajoranaProp76_LinearIsometryEquiv_isNote4Unitary.lean:5:5: error: un)
04:58:14 thm:BookProof_ChapterMajoranaProp76_LinearIsometryEquiv_isNote4Unitary: FAIL (local compile failed: /home/leo/prove2me_workspace/Theorems/Thm_BookProof_ChapterMajoranaProp76_LinearIsometryEquiv_isNote4Unitary.lean:5:5: error: un)
04:58:14 processing thm:BookProof_ChapterParityMajoranaQuant_J_creat (attempt 2)
04:58:14 processing thm:BookProof_ChapterParityMajoranaQuant_J_creat (attempt 2)
04:58:29 thm:BookProof_ChapterParityMajoranaQuant_J_creat: REUSING existing BookProof.ChapterParityMajoranaQuant.J_creat (Proved) e5eebd91-c675-4c93-af80-1e781cea95d9
04:58:29 thm:BookProof_ChapterParityMajoranaQuant_J_creat: REUSING existing BookProof.ChapterParityMajoranaQuant.J_creat (Proved) e5eebd91-c675-4c93-af80-1e781cea95d9
04:58:29 thm:BookProof_ChapterParityMajoranaQuant_J_creat: DONE
04:58:29 thm:BookProof_ChapterParityMajoranaQuant_J_creat: DONE
04:58:29 processing thm:BookProof_ChapterParityMajoranaQuant_J_unitary (attempt 2)
04:58:29 processing thm:BookProof_ChapterParityMajoranaQuant_J_unitary (attempt 2)
04:58:45 thm:BookProof_ChapterParityMajoranaQuant_J_unitary: REUSING existing BookProof.ChapterParityMajoranaQuant.J_unitary (Proved) 4b165178-c95d-4507-a971-f423d429ed47
04:58:45 thm:BookProof_ChapterParityMajoranaQuant_J_unitary: REUSING existing BookProof.ChapterParityMajoranaQuant.J_unitary (Proved) 4b165178-c95d-4507-a971-f423d429ed47
04:58:45 thm:BookProof_ChapterParityMajoranaQuant_J_unitary: DONE
04:58:45 thm:BookProof_ChapterParityMajoranaQuant_J_unitary: DONE
04:58:45 processing thm:BookProof_ChapterParityMajoranaQuant_J_unitary' (attempt 2)
04:58:45 processing thm:BookProof_ChapterParityMajoranaQuant_J_unitary' (attempt 2)
04:58:53 thm:BookProof_ChapterParityMajoranaQuant_J_unitary': FAIL (submit-problem rejected: {"jobs": [], "errors": ["theorem_name must be a valid Lean identifier (identifier segments separated by '.' for namespaces)"])
04:58:53 thm:BookProof_ChapterParityMajoranaQuant_J_unitary': FAIL (submit-problem rejected: {"jobs": [], "errors": ["theorem_name must be a valid Lean identifier (identifier segments separated by '.' for namespaces)"])
04:58:53 processing thm:BookProof_ChapterParityMajoranaQuant_iJ_herm (attempt 2)
04:58:53 processing thm:BookProof_ChapterParityMajoranaQuant_iJ_herm (attempt 2)
04:59:08 thm:BookProof_ChapterParityMajoranaQuant_iJ_herm: REUSING existing BookProof.ChapterParityMajoranaQuant.iJ_herm (Proved) 238bb0ac-019a-4c82-99fc-3e477e08ff06
04:59:08 thm:BookProof_ChapterParityMajoranaQuant_iJ_herm: REUSING existing BookProof.ChapterParityMajoranaQuant.iJ_herm (Proved) 238bb0ac-019a-4c82-99fc-3e477e08ff06
04:59:08 thm:BookProof_ChapterParityMajoranaQuant_iJ_herm: DONE
04:59:08 thm:BookProof_ChapterParityMajoranaQuant_iJ_herm: DONE
04:59:08 processing thm:BookProof_ChapterParityMajoranaQuant_iJ_sq (attempt 2)
04:59:08 processing thm:BookProof_ChapterParityMajoranaQuant_iJ_sq (attempt 2)
04:59:24 thm:BookProof_ChapterParityMajoranaQuant_iJ_sq: REUSING existing BookProof.ChapterParityMajoranaQuant.iJ_sq (Proved) 53c99e93-2eb4-4b20-bb70-2ae88707759e
04:59:24 thm:BookProof_ChapterParityMajoranaQuant_iJ_sq: REUSING existing BookProof.ChapterParityMajoranaQuant.iJ_sq (Proved) 53c99e93-2eb4-4b20-bb70-2ae88707759e
04:59:24 thm:BookProof_ChapterParityMajoranaQuant_iJ_sq: DONE
04:59:24 thm:BookProof_ChapterParityMajoranaQuant_iJ_sq: DONE
04:59:24 processing thm:BookProof_ChapterParityMajoranaQuant_proj_add (attempt 2)
04:59:24 processing thm:BookProof_ChapterParityMajoranaQuant_proj_add (attempt 2)
04:59:40 thm:BookProof_ChapterParityMajoranaQuant_proj_add: REUSING existing BookProof.ChapterParityMajoranaQuant.proj_add (Proved) aae7294d-954d-4c7e-a48b-965fd6453b71
04:59:40 thm:BookProof_ChapterParityMajoranaQuant_proj_add: REUSING existing BookProof.ChapterParityMajoranaQuant.proj_add (Proved) aae7294d-954d-4c7e-a48b-965fd6453b71
04:59:40 thm:BookProof_ChapterParityMajoranaQuant_proj_add: DONE
04:59:40 thm:BookProof_ChapterParityMajoranaQuant_proj_add: DONE
04:59:40 processing thm:BookProof_ChapterParityMajoranaQuant_stdJ_sq (attempt 2)
04:59:40 processing thm:BookProof_ChapterParityMajoranaQuant_stdJ_sq (attempt 2)
04:59:56 thm:BookProof_ChapterParityMajoranaQuant_stdJ_sq: REUSING existing BookProof.ChapterParityMajoranaQuant.stdJ_sq (Proved) c8ea5e34-73a1-4f5d-97dc-cc5a2b6540d4
04:59:56 thm:BookProof_ChapterParityMajoranaQuant_stdJ_sq: REUSING existing BookProof.ChapterParityMajoranaQuant.stdJ_sq (Proved) c8ea5e34-73a1-4f5d-97dc-cc5a2b6540d4
04:59:56 thm:BookProof_ChapterParityMajoranaQuant_stdJ_sq: DONE
04:59:56 thm:BookProof_ChapterParityMajoranaQuant_stdJ_sq: DONE
04:59:56 processing thm:BookProof_ChapterSirkGroupTransfer_groupFlow_zero (attempt 2)
04:59:56 processing thm:BookProof_ChapterSirkGroupTransfer_groupFlow_zero (attempt 2)
04:59:59 thm:BookProof_ChapterSirkGroupTransfer_groupFlow_zero: FAIL (cannot split formal_statement from /home/leo/prove2me_workspace/Theorems/Thm_BookProof_ChapterSirkGroupTransfer_groupFlow_zero.lean)
04:59:59 thm:BookProof_ChapterSirkGroupTransfer_groupFlow_zero: FAIL (cannot split formal_statement from /home/leo/prove2me_workspace/Theorems/Thm_BookProof_ChapterSirkGroupTransfer_groupFlow_zero.lean)
04:59:59 processing thm:BookProof_ChapterSirkGroupTransfer_norm_pow_le_of_le (attempt 2)
04:59:59 processing thm:BookProof_ChapterSirkGroupTransfer_norm_pow_le_of_le (attempt 2)
05:00:02 thm:BookProof_ChapterSirkGroupTransfer_norm_pow_le_of_le: FAIL (cannot split formal_statement from /home/leo/prove2me_workspace/Theorems/Thm_BookProof_ChapterSirkGroupTransfer_norm_pow_le_of_le.lean)
05:00:02 thm:BookProof_ChapterSirkGroupTransfer_norm_pow_le_of_le: FAIL (cannot split formal_statement from /home/leo/prove2me_workspace/Theorems/Thm_BookProof_ChapterSirkGroupTransfer_norm_pow_le_of_le.lean)
05:00:02 processing thm:BookProof_MajoranaClifford_a_smul (attempt 2)
05:00:02 processing thm:BookProof_MajoranaClifford_a_smul (attempt 2)
05:00:18 thm:BookProof_MajoranaClifford_a_smul: REUSING existing BookProof.MajoranaClifford.a_smul (Proved) 17a8119f-b38f-4f82-bad2-8bb271fe3ac7
05:00:18 thm:BookProof_MajoranaClifford_a_smul: REUSING existing BookProof.MajoranaClifford.a_smul (Proved) 17a8119f-b38f-4f82-bad2-8bb271fe3ac7
05:00:18 thm:BookProof_MajoranaClifford_a_smul: DONE
05:00:18 thm:BookProof_MajoranaClifford_a_smul: DONE
05:00:18 processing thm:BookProof_MajoranaClifford_polar_Qform (attempt 2)
05:00:18 processing thm:BookProof_MajoranaClifford_polar_Qform (attempt 2)
05:01:35 processing def:ChapterMajoranaProp76 (attempt 3)
05:01:45 def:ChapterMajoranaProp76: FAIL (submit-definition rejected: {"error": "A theorem or definition with name \"ChapterMajoranaProp76\" already exists"})
05:01:45 processing def:ChapterYangMillsSU3 (attempt 3)
05:02:02 def:ChapterYangMillsSU3: FAIL (submit-definition rejected: {"error": "A theorem or definition with name \"ChapterYangMillsSU3\" already exists"})
05:02:02 processing thm:BookProof_ChapterMajoranaProp61_gsq_Hsq_comm (attempt 3)
05:02:05 thm:BookProof_ChapterMajoranaProp61_gsq_Hsq_comm: FAIL (cannot split formal_statement from /home/leo/prove2me_workspace/Theorems/Thm_BookProof_ChapterMajoranaProp61_gsq_Hsq_comm.lean)
05:02:05 processing thm:BookProof_ChapterMajoranaProp61_prop61_mul_star_self (attempt 3)
05:02:08 thm:BookProof_ChapterMajoranaProp61_prop61_mul_star_self: FAIL (cannot split formal_statement from /home/leo/prove2me_workspace/Theorems/Thm_BookProof_ChapterMajoranaProp61_prop61_mul_star_self.lean)
05:02:08 processing thm:BookProof_ChapterMajoranaProp61_prop61_star_mul_self (attempt 3)
05:02:12 thm:BookProof_ChapterMajoranaProp61_prop61_star_mul_self: FAIL (cannot split formal_statement from /home/leo/prove2me_workspace/Theorems/Thm_BookProof_ChapterMajoranaProp61_prop61_star_mul_self.lean)
05:02:12 processing thm:BookProof_ChapterMajoranaProp76_LinearIsometryEquiv_isNote4Unitary (attempt 3)
05:02:23 thm:BookProof_ChapterMajoranaProp76_LinearIsometryEquiv_isNote4Unitary: FAIL (local compile failed: /home/leo/prove2me_workspace/Theorems/Thm_BookProof_ChapterMajoranaProp76_LinearIsometryEquiv_isNote4Unitary.lean:5:5: error: un)
05:02:23 processing thm:BookProof_ChapterParityMajoranaQuant_J_unitary' (attempt 3)
05:02:32 thm:BookProof_ChapterParityMajoranaQuant_J_unitary': FAIL (submit-problem rejected: {"jobs": [], "errors": ["theorem_name must be a valid Lean identifier (identifier segments separated by '.' for namespaces)"])
05:02:32 processing thm:BookProof_ChapterSirkGroupTransfer_groupFlow_zero (attempt 3)
05:02:35 thm:BookProof_ChapterSirkGroupTransfer_groupFlow_zero: FAIL (cannot split formal_statement from /home/leo/prove2me_workspace/Theorems/Thm_BookProof_ChapterSirkGroupTransfer_groupFlow_zero.lean)
05:02:35 processing thm:BookProof_ChapterSirkGroupTransfer_norm_pow_le_of_le (attempt 3)
05:02:38 thm:BookProof_ChapterSirkGroupTransfer_norm_pow_le_of_le: FAIL (cannot split formal_statement from /home/leo/prove2me_workspace/Theorems/Thm_BookProof_ChapterSirkGroupTransfer_norm_pow_le_of_le.lean)
05:02:38 processing thm:BookProof_MajoranaClifford_polar_Qform (attempt 2)
05:02:54 thm:BookProof_MajoranaClifford_polar_Qform: REUSING existing BookProof.MajoranaClifford.polar_Qform (Proved) c9f48e56-b2f0-42c9-9829-490a7b2a67f9
05:02:54 thm:BookProof_MajoranaClifford_polar_Qform: DONE
05:02:54 processing thm:BookProof_MajoranaClifford_reverse_antihom (attempt 2)
05:03:11 thm:BookProof_MajoranaClifford_reverse_antihom: REUSING existing BookProof.MajoranaClifford.reverse_antihom (Proved) 2ac033d0-4a7b-4b4a-bc41-b11a6b9a2d9e
05:03:11 thm:BookProof_MajoranaClifford_reverse_antihom: DONE
05:03:11 processing thm:BookProof_MajoranaClifford_reverse_involutive (attempt 2)
05:03:30 thm:BookProof_MajoranaClifford_reverse_involutive: REUSING existing BookProof.MajoranaClifford.reverse_involutive (Proved) a226d3bb-2015-4853-8141-5b08a0fff755
05:03:30 thm:BookProof_MajoranaClifford_reverse_involutive: DONE
05:03:30 processing thm:BookProof_YangMillsBianchi_bianchi (attempt 2)
05:03:45 thm:BookProof_YangMillsBianchi_bianchi: REUSING existing BookProof.YangMillsBianchi.bianchi (Proved) b48de2ae-fab4-4495-8fa9-c49c4a448e50
05:03:45 thm:BookProof_YangMillsBianchi_bianchi: DONE
05:03:45 processing thm:BookProof_YangMillsBianchi_bianchi_cyclic (attempt 2)
05:04:04 thm:BookProof_YangMillsBianchi_bianchi_cyclic: REUSING existing BookProof.YangMillsBianchi.bianchi_cyclic (Proved) 857cbf1b-b175-4d8e-8dd2-bbcd556f1877
05:04:04 thm:BookProof_YangMillsBianchi_bianchi_cyclic: DONE
05:04:04 processing thm:BookProof_YangMillsBianchi_fieldStrength_antisymm (attempt 2)
05:04:22 thm:BookProof_YangMillsBianchi_fieldStrength_antisymm: REUSING existing BookProof.YangMillsBianchi.fieldStrength_antisymm (Open) 4dd1b5aa-3ff4-4142-9376-a882ead1cd08
05:04:22 thm:BookProof_YangMillsBianchi_fieldStrength_antisymm: DONE
05:04:22 processing thm:BookProof_YangMillsSU3_structureConstant_formula (attempt 2)
05:04:39 thm:BookProof_YangMillsSU3_structureConstant_formula: REUSING existing BookProof.YangMillsSU3.structureConstant_formula (Proved) 8408375f-dcdf-424c-ae96-42d43bab9cda
05:04:39 thm:BookProof_YangMillsSU3_structureConstant_formula: DONE
05:04:39 processing thm:BookProof_YangMillsSU3_structureConstant_jacobi (attempt 2)
05:04:48 thm:BookProof_YangMillsSU3_structureConstant_jacobi: REUSING existing BookProof.YangMillsSU3.structureConstant_jacobi (Open) dd2c01e2-c325-4320-91d1-8a821514ede5
05:04:48 thm:BookProof_YangMillsSU3_structureConstant_jacobi: DONE
05:04:48 processing thm:BookProof_ChapterBaryonAsymmetry_matterRadiationRatio_strictMonoOn (attempt 2)
05:05:06 thm:BookProof_ChapterBaryonAsymmetry_matterRadiationRatio_strictMonoOn: REUSING existing BookProof.ChapterBaryonAsymmetry.matterRadiationRatio_strictMonoOn (Proved) d511ef14-f03a-4654-a606-3c2e9808fffc
05:05:06 thm:BookProof_ChapterBaryonAsymmetry_matterRadiationRatio_strictMonoOn: DONE
05:05:06 processing thm:BookProof_ChapterMajoranaProp76_fourierTransform_isNote4Unitary (attempt 2)
05:05:25 thm:BookProof_ChapterMajoranaProp76_fourierTransform_isNote4Unitary: REUSING existing BookProof.ChapterMajoranaProp76.fourierTransform_isNote4Unitary (Open) 2cdf5458-531e-46ef-a4e3-e76ff33a66c8
05:05:25 thm:BookProof_ChapterMajoranaProp76_fourierTransform_isNote4Unitary: DONE
05:05:25 processing thm:BookProof_ChapterMajoranaProp76_note4_conj (attempt 2)
05:05:44 thm:BookProof_ChapterMajoranaProp76_note4_conj: REUSING existing BookProof.ChapterMajoranaProp76.note4_conj (Open) 1d96d635-0969-4ced-9029-f3cf12ca18fd
05:05:44 thm:BookProof_ChapterMajoranaProp76_note4_conj: DONE
05:05:44 processing thm:BookProof_ChapterParityMajoranaQuant_annihProj_herm (attempt 2)
05:06:02 thm:BookProof_ChapterParityMajoranaQuant_annihProj_herm: REUSING existing BookProof.ChapterParityMajoranaQuant.annihProj_herm (Proved) 86f9c6ca-d5c2-4f61-b10d-d4bb848a1b9f
05:06:02 thm:BookProof_ChapterParityMajoranaQuant_annihProj_herm: DONE
05:06:02 processing thm:BookProof_ChapterParityMajoranaQuant_creatProj_herm (attempt 2)
05:06:18 thm:BookProof_ChapterParityMajoranaQuant_creatProj_herm: REUSING existing BookProof.ChapterParityMajoranaQuant.creatProj_herm (Proved) d8904318-11ef-4d9c-b6ab-ae5a72969b6d
05:06:18 thm:BookProof_ChapterParityMajoranaQuant_creatProj_herm: DONE
05:06:18 processing thm:BookProof_ChapterParityMajoranaQuant_annih_creat_zero (attempt 2)
05:06:36 thm:BookProof_ChapterParityMajoranaQuant_annih_creat_zero: REUSING existing BookProof.ChapterParityMajoranaQuant.annih_creat_zero (Proved) 11ffbca7-4477-4ede-9035-a79364178ca9
05:06:36 thm:BookProof_ChapterParityMajoranaQuant_annih_creat_zero: DONE
05:06:36 processing thm:BookProof_ChapterParityMajoranaQuant_creatProj_idem (attempt 2)
05:06:55 thm:BookProof_ChapterParityMajoranaQuant_creatProj_idem: REUSING existing BookProof.ChapterParityMajoranaQuant.creatProj_idem (Proved) db439cac-29e7-4854-b54a-5035b6e5b128
05:06:55 thm:BookProof_ChapterParityMajoranaQuant_creatProj_idem: DONE
05:06:55 processing thm:BookProof_ChapterParityMajoranaQuant_creat_annih_zero (attempt 2)
05:07:14 thm:BookProof_ChapterParityMajoranaQuant_creat_annih_zero: REUSING existing BookProof.ChapterParityMajoranaQuant.creat_annih_zero (Proved) 85b1fc04-2b8b-4f72-b94d-3e9ef78edb2f
05:07:14 thm:BookProof_ChapterParityMajoranaQuant_creat_annih_zero: DONE
05:07:14 processing thm:BookProof_ChapterSirkGroupTransfer_norm_pow_sub_pow_le (attempt 2)
05:07:19 thm:BookProof_ChapterSirkGroupTransfer_norm_pow_sub_pow_le: FAIL (cannot split formal_statement from /home/leo/prove2me_workspace/Theorems/Thm_BookProof_ChapterSirkGroupTransfer_norm_pow_sub_pow_le.lean)
05:07:19 processing thm:BookProof_MajoranaClifford_a_map_selfAdjoint (attempt 2)
05:07:37 thm:BookProof_MajoranaClifford_a_map_selfAdjoint: REUSING existing BookProof.MajoranaClifford.a_map_selfAdjoint (Proved) 31f7fd4e-e16a-4eab-8076-4b86df14b80c
05:07:37 thm:BookProof_MajoranaClifford_a_map_selfAdjoint: DONE
05:07:37 processing thm:BookProof_MajoranaClifford_car (attempt 2)
05:07:53 thm:BookProof_MajoranaClifford_car: REUSING existing BookProof.MajoranaClifford.car (Proved) 6861db93-4d5b-46db-9e8d-8a8cc0a8bace
05:07:53 thm:BookProof_MajoranaClifford_car: DONE
05:07:53 processing thm:BookProof_YangMillsBianchi_bianchi_fieldStrength (attempt 2)
05:08:09 thm:BookProof_YangMillsBianchi_bianchi_fieldStrength: REUSING existing BookProof.YangMillsBianchi.bianchi_fieldStrength (Proved) a9b6b934-c7a9-4f7a-9031-95120af1a2c2
05:08:09 thm:BookProof_YangMillsBianchi_bianchi_fieldStrength: DONE
05:08:09 processing thm:BookProof_YangMillsSU3_structureConstant_antisymm_swap (attempt 2)
05:08:41 thm:BookProof_YangMillsSU3_structureConstant_antisymm_swap: FAIL (submit-problem rejected: {"jobs": [], "errors": ["A theorem with theorem_name \"BookProof.YangMillsSU3.structureConstant_antisymm_swap\" already exist)
05:08:41 processing thm:BookProof_ChapterMajoranaProp76_energyTransform_unitary (attempt 2)
05:09:11 thm:BookProof_ChapterMajoranaProp76_energyTransform_unitary: FAIL (submit-problem rejected: {"jobs": [], "errors": ["A theorem with theorem_name \"BookProof.ChapterMajoranaProp76.energyTransform_unitary\" already exis)
05:09:11 processing thm:BookProof_ChapterSirkGroupTransfer_norm_exp_sub_exp_le (attempt 2)
05:09:30 thm:BookProof_ChapterSirkGroupTransfer_norm_exp_sub_exp_le: REUSING existing BookProof.ChapterSirkGroupTransfer.norm_exp_sub_exp_le (Open) 273fe1c3-4d47-4bda-ac72-98bb554d5a51
05:09:30 thm:BookProof_ChapterSirkGroupTransfer_norm_exp_sub_exp_le: DONE
05:09:30 processing thm:BookProof_YangMillsSU3_structureConstant_totally_antisymmetric (attempt 2)
05:09:51 thm:BookProof_YangMillsSU3_structureConstant_totally_antisymmetric: REUSING existing BookProof.YangMillsSU3.structureConstant_totally_antisymmetric (Proved) c0082dd5-63b2-4da9-bc4b-25465d8db921
05:09:51 thm:BookProof_YangMillsSU3_structureConstant_totally_antisymmetric: DONE
05:09:51 processing thm:BookProof_ChapterSirkGroupTransfer_groupFlow_transfer_uniform_on_interval (attempt 2)
05:10:20 thm:BookProof_ChapterSirkGroupTransfer_groupFlow_transfer_uniform_on_interval: DONE
05:10:20 processing sol:BookProof_ChapterBaryonAsymmetry_matterRadiationRatio_eq (attempt 2)
05:10:20 sol:BookProof_ChapterBaryonAsymmetry_matterRadiationRatio_eq: DONE
05:10:20 processing sol:BookProof_ChapterMajoranaProp61_gsq_Hsq_comm (attempt 2)
05:10:20 sol:BookProof_ChapterMajoranaProp61_gsq_Hsq_comm: FAIL (theorem not published yet)
05:10:20 processing sol:BookProof_ChapterMajoranaProp61_prop61_mul_star_self (attempt 2)
05:10:20 sol:BookProof_ChapterMajoranaProp61_prop61_mul_star_self: FAIL (theorem not published yet)
05:10:20 processing sol:BookProof_ChapterMajoranaProp61_prop61_star_mul_self (attempt 2)
05:10:20 sol:BookProof_ChapterMajoranaProp61_prop61_star_mul_self: FAIL (theorem not published yet)
05:10:20 processing sol:BookProof_ChapterMajoranaProp76_LinearIsometryEquiv_isNote4Unitary (attempt 2)
05:10:20 sol:BookProof_ChapterMajoranaProp76_LinearIsometryEquiv_isNote4Unitary: FAIL (theorem not published yet)
05:10:20 processing sol:BookProof_ChapterParityMajoranaQuant_J_creat (attempt 2)
05:10:20 sol:BookProof_ChapterParityMajoranaQuant_J_creat: DONE
05:10:20 processing sol:BookProof_ChapterParityMajoranaQuant_J_unitary (attempt 2)
05:10:20 sol:BookProof_ChapterParityMajoranaQuant_J_unitary: DONE
05:10:20 processing sol:BookProof_ChapterParityMajoranaQuant_J_unitary' (attempt 2)
05:10:20 sol:BookProof_ChapterParityMajoranaQuant_J_unitary': FAIL (theorem not published yet)
05:10:20 processing sol:BookProof_ChapterParityMajoranaQuant_iJ_herm (attempt 2)
05:10:20 sol:BookProof_ChapterParityMajoranaQuant_iJ_herm: DONE
05:10:20 processing sol:BookProof_ChapterParityMajoranaQuant_iJ_sq (attempt 2)
05:10:20 sol:BookProof_ChapterParityMajoranaQuant_iJ_sq: DONE
05:10:20 processing sol:BookProof_ChapterParityMajoranaQuant_proj_add (attempt 2)
05:10:20 sol:BookProof_ChapterParityMajoranaQuant_proj_add: DONE
05:10:20 processing sol:BookProof_ChapterParityMajoranaQuant_stdJ_sq (attempt 2)
05:10:20 sol:BookProof_ChapterParityMajoranaQuant_stdJ_sq: DONE
05:10:20 processing sol:BookProof_ChapterSirkGroupTransfer_groupFlow_zero (attempt 2)
05:10:20 sol:BookProof_ChapterSirkGroupTransfer_groupFlow_zero: FAIL (theorem not published yet)
05:10:20 processing sol:BookProof_ChapterSirkGroupTransfer_norm_pow_le_of_le (attempt 2)
05:10:20 sol:BookProof_ChapterSirkGroupTransfer_norm_pow_le_of_le: FAIL (theorem not published yet)
05:10:20 processing sol:BookProof_MajoranaClifford_a_smul (attempt 2)
05:10:20 sol:BookProof_MajoranaClifford_a_smul: DONE
05:10:20 processing sol:BookProof_MajoranaClifford_polar_Qform (attempt 2)
05:10:20 sol:BookProof_MajoranaClifford_polar_Qform: DONE
05:10:20 processing sol:BookProof_MajoranaClifford_reverse_antihom (attempt 2)
05:10:20 sol:BookProof_MajoranaClifford_reverse_antihom: DONE
05:10:20 processing sol:BookProof_MajoranaClifford_reverse_involutive (attempt 2)
05:10:20 sol:BookProof_MajoranaClifford_reverse_involutive: DONE
05:10:20 processing sol:BookProof_YangMillsBianchi_bianchi (attempt 2)
05:10:20 sol:BookProof_YangMillsBianchi_bianchi: DONE
05:10:20 processing sol:BookProof_YangMillsBianchi_bianchi_cyclic (attempt 2)
05:10:20 sol:BookProof_YangMillsBianchi_bianchi_cyclic: DONE
05:10:20 processing sol:BookProof_YangMillsBianchi_fieldStrength_antisymm (attempt 2)
05:10:26 sol:BookProof_YangMillsBianchi_fieldStrength_antisymm: FAIL (local compile failed: /home/leo/prove2me_workspace/Solutions/Sol_BookProof_YangMillsBianchi_fieldStrength_antisymm.lean:26:9: error(lean.synthInstance)
05:10:26 processing sol:BookProof_YangMillsSU3_structureConstant_formula (attempt 2)
05:10:26 sol:BookProof_YangMillsSU3_structureConstant_formula: DONE
05:10:26 processing sol:BookProof_YangMillsSU3_structureConstant_jacobi (attempt 2)
05:10:33 sol:BookProof_YangMillsSU3_structureConstant_jacobi: FAIL (local compile failed: /home/leo/prove2me_workspace/Solutions/Sol_BookProof_YangMillsSU3_structureConstant_jacobi.lean:47:65: error: Ambiguous term
  s)
05:10:33 processing sol:BookProof_ChapterBaryonAsymmetry_matterRadiationRatio_strictMonoOn (attempt 2)
05:10:33 sol:BookProof_ChapterBaryonAsymmetry_matterRadiationRatio_strictMonoOn: DONE
05:10:33 processing sol:BookProof_ChapterMajoranaProp61_prop61_isUnit (attempt 2)
05:11:12 sol:BookProof_ChapterMajoranaProp61_prop61_isUnit: FAIL (verdict FAILED: unknown import: Theorems.Thm_BookProof_ChapterMajoranaProp61_prop61_star_mul_self. No such theorem exists in this Lean environment (ma)
05:11:12 processing sol:BookProof_ChapterMajoranaProp76_fourierTransform_isNote4Unitary (attempt 2)
05:11:14 sol:BookProof_ChapterMajoranaProp76_fourierTransform_isNote4Unitary: FAIL (local compile failed: /home/leo/prove2me_workspace/Solutions/Sol_BookProof_ChapterMajoranaProp76_fourierTransform_isNote4Unitary.lean:2:0: error: obje)
05:11:14 processing sol:BookProof_ChapterMajoranaProp76_note4_conj (attempt 2)
05:11:17 sol:BookProof_ChapterMajoranaProp76_note4_conj: FAIL (local compile failed: /home/leo/prove2me_workspace/Solutions/Sol_BookProof_ChapterMajoranaProp76_note4_conj.lean:2:0: error: object file '/home/leo/pr)
05:11:17 processing sol:BookProof_ChapterParityMajoranaQuant_annihProj_herm (attempt 2)
05:11:17 sol:BookProof_ChapterParityMajoranaQuant_annihProj_herm: DONE
05:11:17 processing sol:BookProof_ChapterParityMajoranaQuant_creatProj_herm (attempt 2)
05:11:17 sol:BookProof_ChapterParityMajoranaQuant_creatProj_herm: DONE
05:11:17 processing sol:BookProof_ChapterParityMajoranaQuant_annih_creat_zero (attempt 2)
05:11:17 sol:BookProof_ChapterParityMajoranaQuant_annih_creat_zero: DONE
05:11:17 processing sol:BookProof_ChapterParityMajoranaQuant_creatProj_idem (attempt 2)
05:11:17 sol:BookProof_ChapterParityMajoranaQuant_creatProj_idem: DONE
05:11:17 processing sol:BookProof_ChapterParityMajoranaQuant_creat_annih_zero (attempt 2)
05:11:17 sol:BookProof_ChapterParityMajoranaQuant_creat_annih_zero: DONE
05:11:17 processing sol:BookProof_ChapterSirkGroupTransfer_norm_pow_sub_pow_le (attempt 2)
05:11:17 sol:BookProof_ChapterSirkGroupTransfer_norm_pow_sub_pow_le: FAIL (theorem not published yet)
05:11:17 processing sol:BookProof_MajoranaClifford_a_sq (attempt 2)
05:11:23 sol:BookProof_MajoranaClifford_a_sq: FAIL (local compile failed: /home/leo/prove2me_workspace/Solutions/Sol_BookProof_MajoranaClifford_a_sq.lean:22:97: error: unsolved goals
V : Type u_1
inst✝¹)
05:11:23 processing sol:BookProof_MajoranaClifford_a_map_selfAdjoint (attempt 2)
05:11:23 sol:BookProof_MajoranaClifford_a_map_selfAdjoint: DONE
05:11:23 processing sol:BookProof_MajoranaClifford_car (attempt 2)
05:11:23 sol:BookProof_MajoranaClifford_car: DONE
05:11:23 processing sol:BookProof_YangMillsBianchi_bianchi_fieldStrength (attempt 2)
05:11:23 sol:BookProof_YangMillsBianchi_bianchi_fieldStrength: DONE
05:11:23 processing sol:BookProof_YangMillsSU3_structureConstant_antisymm_swap (attempt 2)
05:11:23 sol:BookProof_YangMillsSU3_structureConstant_antisymm_swap: FAIL (theorem not published yet)
05:11:23 processing sol:BookProof_ChapterMajoranaProp76_energyTransform_unitary (attempt 2)
05:11:23 sol:BookProof_ChapterMajoranaProp76_energyTransform_unitary: FAIL (theorem not published yet)
05:11:23 processing sol:BookProof_ChapterSirkGroupTransfer_norm_exp_sub_exp_le (attempt 2)
05:12:01 sol:BookProof_ChapterSirkGroupTransfer_norm_exp_sub_exp_le: FAIL (verdict FAILED: unknown import: Theorems.Thm_BookProof_ChapterSirkGroupTransfer_norm_pow_le_of_le. No such theorem exists in this Lean environment (ma)
05:12:01 processing sol:BookProof_YangMillsSU3_structureConstant_totally_antisymmetric (attempt 2)
05:12:01 sol:BookProof_YangMillsSU3_structureConstant_totally_antisymmetric: DONE
05:12:01 processing sol:BookProof_ChapterSirkGroupTransfer_groupFlow_transfer_uniform_on_interval (attempt 2)
05:13:34 sol:BookProof_ChapterSirkGroupTransfer_groupFlow_transfer_uniform_on_interval: DONE
05:13:34 summary: 293 done, 29 pending, 0 failed
05:14:04 processing def:ChapterMajoranaProp76 (attempt 4)
05:14:15 def:ChapterMajoranaProp76: FAIL (submit-definition rejected: {"error": "A theorem or definition with name \"ChapterMajoranaProp76\" already exists"})
05:14:15 processing def:ChapterYangMillsSU3 (attempt 4)
05:14:34 def:ChapterYangMillsSU3: FAIL (submit-definition rejected: {"error": "A theorem or definition with name \"ChapterYangMillsSU3\" already exists"})
05:14:34 processing thm:BookProof_ChapterMajoranaProp61_gsq_Hsq_comm (attempt 4)
05:14:39 thm:BookProof_ChapterMajoranaProp61_gsq_Hsq_comm: FAIL (cannot split formal_statement from /home/leo/prove2me_workspace/Theorems/Thm_BookProof_ChapterMajoranaProp61_gsq_Hsq_comm.lean)
05:14:39 processing thm:BookProof_ChapterMajoranaProp61_prop61_mul_star_self (attempt 4)
05:14:45 thm:BookProof_ChapterMajoranaProp61_prop61_mul_star_self: FAIL (cannot split formal_statement from /home/leo/prove2me_workspace/Theorems/Thm_BookProof_ChapterMajoranaProp61_prop61_mul_star_self.lean)
05:14:45 processing thm:BookProof_ChapterMajoranaProp61_prop61_star_mul_self (attempt 4)
05:14:49 thm:BookProof_ChapterMajoranaProp61_prop61_star_mul_self: FAIL (cannot split formal_statement from /home/leo/prove2me_workspace/Theorems/Thm_BookProof_ChapterMajoranaProp61_prop61_star_mul_self.lean)
05:14:49 processing thm:BookProof_ChapterMajoranaProp76_LinearIsometryEquiv_isNote4Unitary (attempt 4)
05:15:01 thm:BookProof_ChapterMajoranaProp76_LinearIsometryEquiv_isNote4Unitary: FAIL (local compile failed: /home/leo/prove2me_workspace/Theorems/Thm_BookProof_ChapterMajoranaProp76_LinearIsometryEquiv_isNote4Unitary.lean:5:5: error: un)
05:15:01 processing thm:BookProof_ChapterParityMajoranaQuant_J_unitary' (attempt 4)
05:15:09 thm:BookProof_ChapterParityMajoranaQuant_J_unitary': FAIL (submit-problem rejected: {"jobs": [], "errors": ["theorem_name must be a valid Lean identifier (identifier segments separated by '.' for namespaces)"])
05:15:09 processing thm:BookProof_ChapterSirkGroupTransfer_groupFlow_zero (attempt 4)
05:15:12 thm:BookProof_ChapterSirkGroupTransfer_groupFlow_zero: FAIL (cannot split formal_statement from /home/leo/prove2me_workspace/Theorems/Thm_BookProof_ChapterSirkGroupTransfer_groupFlow_zero.lean)
05:15:12 processing thm:BookProof_ChapterSirkGroupTransfer_norm_pow_le_of_le (attempt 4)
05:15:15 thm:BookProof_ChapterSirkGroupTransfer_norm_pow_le_of_le: FAIL (cannot split formal_statement from /home/leo/prove2me_workspace/Theorems/Thm_BookProof_ChapterSirkGroupTransfer_norm_pow_le_of_le.lean)
05:15:15 processing thm:BookProof_ChapterSirkGroupTransfer_norm_pow_sub_pow_le (attempt 3)
05:15:19 thm:BookProof_ChapterSirkGroupTransfer_norm_pow_sub_pow_le: FAIL (cannot split formal_statement from /home/leo/prove2me_workspace/Theorems/Thm_BookProof_ChapterSirkGroupTransfer_norm_pow_sub_pow_le.lean)
05:15:19 processing thm:BookProof_YangMillsSU3_structureConstant_antisymm_swap (attempt 3)
05:15:35 thm:BookProof_YangMillsSU3_structureConstant_antisymm_swap: REUSING existing BookProof.YangMillsSU3.structureConstant_antisymm_swap (Proved) b38a983c-7e44-4642-bfc9-4de6775e475f
05:15:35 thm:BookProof_YangMillsSU3_structureConstant_antisymm_swap: DONE
05:15:35 processing thm:BookProof_ChapterMajoranaProp76_energyTransform_unitary (attempt 3)
05:15:51 thm:BookProof_ChapterMajoranaProp76_energyTransform_unitary: REUSING existing BookProof.ChapterMajoranaProp76.energyTransform_unitary (Open) 8036f21d-dd9a-40e4-bcc2-09731bc29c60
05:15:51 thm:BookProof_ChapterMajoranaProp76_energyTransform_unitary: DONE
05:15:51 processing sol:BookProof_ChapterMajoranaProp61_gsq_Hsq_comm (attempt 3)
05:15:51 sol:BookProof_ChapterMajoranaProp61_gsq_Hsq_comm: FAIL (theorem not published yet)
05:15:51 processing sol:BookProof_ChapterMajoranaProp61_prop61_mul_star_self (attempt 3)
05:15:51 sol:BookProof_ChapterMajoranaProp61_prop61_mul_star_self: FAIL (theorem not published yet)
05:15:51 processing sol:BookProof_ChapterMajoranaProp61_prop61_star_mul_self (attempt 3)
05:15:51 sol:BookProof_ChapterMajoranaProp61_prop61_star_mul_self: FAIL (theorem not published yet)
05:15:51 processing sol:BookProof_ChapterMajoranaProp76_LinearIsometryEquiv_isNote4Unitary (attempt 3)
05:15:51 sol:BookProof_ChapterMajoranaProp76_LinearIsometryEquiv_isNote4Unitary: FAIL (theorem not published yet)
05:15:51 processing sol:BookProof_ChapterParityMajoranaQuant_J_unitary' (attempt 3)
05:15:51 sol:BookProof_ChapterParityMajoranaQuant_J_unitary': FAIL (theorem not published yet)
05:15:51 processing sol:BookProof_ChapterSirkGroupTransfer_groupFlow_zero (attempt 3)
05:15:51 sol:BookProof_ChapterSirkGroupTransfer_groupFlow_zero: FAIL (theorem not published yet)
05:15:51 processing sol:BookProof_ChapterSirkGroupTransfer_norm_pow_le_of_le (attempt 3)
05:15:51 sol:BookProof_ChapterSirkGroupTransfer_norm_pow_le_of_le: FAIL (theorem not published yet)
05:15:51 processing sol:BookProof_YangMillsBianchi_fieldStrength_antisymm (attempt 3)
05:15:54 sol:BookProof_YangMillsBianchi_fieldStrength_antisymm: FAIL (local compile failed: /home/leo/prove2me_workspace/Solutions/Sol_BookProof_YangMillsBianchi_fieldStrength_antisymm.lean:26:9: error(lean.synthInstance)
05:15:54 processing sol:BookProof_YangMillsSU3_structureConstant_jacobi (attempt 3)
05:15:58 sol:BookProof_YangMillsSU3_structureConstant_jacobi: FAIL (local compile failed: /home/leo/prove2me_workspace/Solutions/Sol_BookProof_YangMillsSU3_structureConstant_jacobi.lean:47:65: error: Ambiguous term
  s)
05:15:58 processing sol:BookProof_ChapterMajoranaProp61_prop61_isUnit (attempt 3)
05:16:34 sol:BookProof_ChapterMajoranaProp61_prop61_isUnit: FAIL (verdict FAILED: unknown import: Theorems.Thm_BookProof_ChapterMajoranaProp61_prop61_star_mul_self. No such theorem exists in this Lean environment (ma)
05:16:34 processing sol:BookProof_ChapterMajoranaProp76_fourierTransform_isNote4Unitary (attempt 3)
05:16:36 sol:BookProof_ChapterMajoranaProp76_fourierTransform_isNote4Unitary: FAIL (local compile failed: /home/leo/prove2me_workspace/Solutions/Sol_BookProof_ChapterMajoranaProp76_fourierTransform_isNote4Unitary.lean:2:0: error: obje)
05:16:36 processing sol:BookProof_ChapterMajoranaProp76_note4_conj (attempt 3)
05:16:38 sol:BookProof_ChapterMajoranaProp76_note4_conj: FAIL (local compile failed: /home/leo/prove2me_workspace/Solutions/Sol_BookProof_ChapterMajoranaProp76_note4_conj.lean:2:0: error: object file '/home/leo/pr)
05:16:38 processing sol:BookProof_ChapterSirkGroupTransfer_norm_pow_sub_pow_le (attempt 3)
05:16:38 sol:BookProof_ChapterSirkGroupTransfer_norm_pow_sub_pow_le: FAIL (theorem not published yet)
05:16:38 processing sol:BookProof_MajoranaClifford_a_sq (attempt 3)
05:16:41 sol:BookProof_MajoranaClifford_a_sq: FAIL (local compile failed: /home/leo/prove2me_workspace/Solutions/Sol_BookProof_MajoranaClifford_a_sq.lean:22:97: error: unsolved goals
V : Type u_1
inst✝¹)
05:16:41 processing sol:BookProof_YangMillsSU3_structureConstant_antisymm_swap (attempt 3)
05:16:41 sol:BookProof_YangMillsSU3_structureConstant_antisymm_swap: DONE
05:16:41 processing sol:BookProof_ChapterMajoranaProp76_energyTransform_unitary (attempt 3)
05:17:59 sol:BookProof_ChapterMajoranaProp76_energyTransform_unitary: DONE
05:17:59 processing sol:BookProof_ChapterSirkGroupTransfer_norm_exp_sub_exp_le (attempt 3)
05:18:25 sol:BookProof_ChapterSirkGroupTransfer_norm_exp_sub_exp_le: FAIL (verdict FAILED: unknown import: Theorems.Thm_BookProof_ChapterSirkGroupTransfer_norm_pow_le_of_le. No such theorem exists in this Lean environment (ma)
05:18:25 summary: 297 done, 25 pending, 0 failed
05:18:55 processing def:ChapterMajoranaProp76 (attempt 5)
05:19:04 def:ChapterMajoranaProp76: FAIL (submit-definition rejected: {"error": "A theorem or definition with name \"ChapterMajoranaProp76\" already exists"})
05:19:04 processing def:ChapterYangMillsSU3 (attempt 5)
05:19:20 def:ChapterYangMillsSU3: FAIL (submit-definition rejected: {"error": "A theorem or definition with name \"ChapterYangMillsSU3\" already exists"})
05:19:20 processing thm:BookProof_ChapterMajoranaProp61_gsq_Hsq_comm (attempt 5)
05:19:23 thm:BookProof_ChapterMajoranaProp61_gsq_Hsq_comm: FAIL (cannot split formal_statement from /home/leo/prove2me_workspace/Theorems/Thm_BookProof_ChapterMajoranaProp61_gsq_Hsq_comm.lean)
05:19:23 processing thm:BookProof_ChapterMajoranaProp61_prop61_mul_star_self (attempt 5)
05:19:27 thm:BookProof_ChapterMajoranaProp61_prop61_mul_star_self: FAIL (cannot split formal_statement from /home/leo/prove2me_workspace/Theorems/Thm_BookProof_ChapterMajoranaProp61_prop61_mul_star_self.lean)
05:19:27 processing thm:BookProof_ChapterMajoranaProp61_prop61_star_mul_self (attempt 5)
05:19:30 thm:BookProof_ChapterMajoranaProp61_prop61_star_mul_self: FAIL (cannot split formal_statement from /home/leo/prove2me_workspace/Theorems/Thm_BookProof_ChapterMajoranaProp61_prop61_star_mul_self.lean)
05:19:30 processing thm:BookProof_ChapterMajoranaProp76_LinearIsometryEquiv_isNote4Unitary (attempt 5)
05:19:42 thm:BookProof_ChapterMajoranaProp76_LinearIsometryEquiv_isNote4Unitary: FAIL (local compile failed: /home/leo/prove2me_workspace/Theorems/Thm_BookProof_ChapterMajoranaProp76_LinearIsometryEquiv_isNote4Unitary.lean:5:5: error: un)
05:19:42 processing thm:BookProof_ChapterParityMajoranaQuant_J_unitary' (attempt 5)
05:19:50 thm:BookProof_ChapterParityMajoranaQuant_J_unitary': FAIL (submit-problem rejected: {"jobs": [], "errors": ["theorem_name must be a valid Lean identifier (identifier segments separated by '.' for namespaces)"])
05:19:50 processing thm:BookProof_ChapterSirkGroupTransfer_groupFlow_zero (attempt 5)
05:19:53 thm:BookProof_ChapterSirkGroupTransfer_groupFlow_zero: FAIL (cannot split formal_statement from /home/leo/prove2me_workspace/Theorems/Thm_BookProof_ChapterSirkGroupTransfer_groupFlow_zero.lean)
05:19:53 processing thm:BookProof_ChapterSirkGroupTransfer_norm_pow_le_of_le (attempt 5)
05:19:57 thm:BookProof_ChapterSirkGroupTransfer_norm_pow_le_of_le: FAIL (cannot split formal_statement from /home/leo/prove2me_workspace/Theorems/Thm_BookProof_ChapterSirkGroupTransfer_norm_pow_le_of_le.lean)
05:19:57 processing thm:BookProof_ChapterSirkGroupTransfer_norm_pow_sub_pow_le (attempt 4)
05:20:00 thm:BookProof_ChapterSirkGroupTransfer_norm_pow_sub_pow_le: FAIL (cannot split formal_statement from /home/leo/prove2me_workspace/Theorems/Thm_BookProof_ChapterSirkGroupTransfer_norm_pow_sub_pow_le.lean)
05:20:00 processing sol:BookProof_ChapterMajoranaProp61_gsq_Hsq_comm (attempt 4)
05:20:00 sol:BookProof_ChapterMajoranaProp61_gsq_Hsq_comm: FAIL (theorem not published yet)
05:20:00 processing sol:BookProof_ChapterMajoranaProp61_prop61_mul_star_self (attempt 4)
05:20:00 sol:BookProof_ChapterMajoranaProp61_prop61_mul_star_self: FAIL (theorem not published yet)
05:20:00 processing sol:BookProof_ChapterMajoranaProp61_prop61_star_mul_self (attempt 4)
05:20:00 sol:BookProof_ChapterMajoranaProp61_prop61_star_mul_self: FAIL (theorem not published yet)
05:20:00 processing sol:BookProof_ChapterMajoranaProp76_LinearIsometryEquiv_isNote4Unitary (attempt 4)
05:20:00 sol:BookProof_ChapterMajoranaProp76_LinearIsometryEquiv_isNote4Unitary: FAIL (theorem not published yet)
05:20:00 processing sol:BookProof_ChapterParityMajoranaQuant_J_unitary' (attempt 4)
05:20:00 sol:BookProof_ChapterParityMajoranaQuant_J_unitary': FAIL (theorem not published yet)
05:20:00 processing sol:BookProof_ChapterSirkGroupTransfer_groupFlow_zero (attempt 4)
05:20:00 sol:BookProof_ChapterSirkGroupTransfer_groupFlow_zero: FAIL (theorem not published yet)
05:20:00 processing sol:BookProof_ChapterSirkGroupTransfer_norm_pow_le_of_le (attempt 4)
05:20:00 sol:BookProof_ChapterSirkGroupTransfer_norm_pow_le_of_le: FAIL (theorem not published yet)
05:20:00 processing sol:BookProof_YangMillsBianchi_fieldStrength_antisymm (attempt 4)
05:20:03 sol:BookProof_YangMillsBianchi_fieldStrength_antisymm: FAIL (local compile failed: /home/leo/prove2me_workspace/Solutions/Sol_BookProof_YangMillsBianchi_fieldStrength_antisymm.lean:26:9: error(lean.synthInstance)
05:20:03 processing sol:BookProof_YangMillsSU3_structureConstant_jacobi (attempt 4)
05:20:08 sol:BookProof_YangMillsSU3_structureConstant_jacobi: FAIL (local compile failed: /home/leo/prove2me_workspace/Solutions/Sol_BookProof_YangMillsSU3_structureConstant_jacobi.lean:47:65: error: Ambiguous term
  s)
05:20:08 processing sol:BookProof_ChapterMajoranaProp61_prop61_isUnit (attempt 4)
05:20:44 sol:BookProof_ChapterMajoranaProp61_prop61_isUnit: FAIL (verdict FAILED: unknown import: Theorems.Thm_BookProof_ChapterMajoranaProp61_prop61_star_mul_self. No such theorem exists in this Lean environment (ma)
05:20:44 processing sol:BookProof_ChapterMajoranaProp76_fourierTransform_isNote4Unitary (attempt 4)
05:20:45 sol:BookProof_ChapterMajoranaProp76_fourierTransform_isNote4Unitary: FAIL (local compile failed: /home/leo/prove2me_workspace/Solutions/Sol_BookProof_ChapterMajoranaProp76_fourierTransform_isNote4Unitary.lean:2:0: error: obje)
05:20:45 processing sol:BookProof_ChapterMajoranaProp76_note4_conj (attempt 4)
05:20:46 sol:BookProof_ChapterMajoranaProp76_note4_conj: FAIL (local compile failed: /home/leo/prove2me_workspace/Solutions/Sol_BookProof_ChapterMajoranaProp76_note4_conj.lean:2:0: error: object file '/home/leo/pr)
05:20:46 processing sol:BookProof_ChapterSirkGroupTransfer_norm_pow_sub_pow_le (attempt 4)
05:20:46 sol:BookProof_ChapterSirkGroupTransfer_norm_pow_sub_pow_le: FAIL (theorem not published yet)
05:20:46 processing sol:BookProof_MajoranaClifford_a_sq (attempt 4)
05:20:50 sol:BookProof_MajoranaClifford_a_sq: FAIL (local compile failed: /home/leo/prove2me_workspace/Solutions/Sol_BookProof_MajoranaClifford_a_sq.lean:22:97: error: unsolved goals
V : Type u_1
inst✝¹)
05:20:50 processing sol:BookProof_ChapterSirkGroupTransfer_norm_exp_sub_exp_le (attempt 4)
05:21:26 sol:BookProof_ChapterSirkGroupTransfer_norm_exp_sub_exp_le: FAIL (verdict FAILED: unknown import: Theorems.Thm_BookProof_ChapterSirkGroupTransfer_norm_pow_le_of_le. No such theorem exists in this Lean environment (ma)
05:21:26 summary: 297 done, 25 pending, 0 failed
05:21:56 processing thm:BookProof_ChapterSirkGroupTransfer_norm_pow_sub_pow_le (attempt 5)
05:22:00 thm:BookProof_ChapterSirkGroupTransfer_norm_pow_sub_pow_le: FAIL (cannot split formal_statement from /home/leo/prove2me_workspace/Theorems/Thm_BookProof_ChapterSirkGroupTransfer_norm_pow_sub_pow_le.lean)
05:22:00 processing sol:BookProof_ChapterMajoranaProp61_gsq_Hsq_comm (attempt 5)
05:22:00 sol:BookProof_ChapterMajoranaProp61_gsq_Hsq_comm: FAIL (theorem not published yet)
05:22:00 processing sol:BookProof_ChapterMajoranaProp61_prop61_mul_star_self (attempt 5)
05:22:00 sol:BookProof_ChapterMajoranaProp61_prop61_mul_star_self: FAIL (theorem not published yet)
05:22:00 processing sol:BookProof_ChapterMajoranaProp61_prop61_star_mul_self (attempt 5)
05:22:00 sol:BookProof_ChapterMajoranaProp61_prop61_star_mul_self: FAIL (theorem not published yet)
05:22:00 processing sol:BookProof_ChapterMajoranaProp76_LinearIsometryEquiv_isNote4Unitary (attempt 5)
05:22:00 sol:BookProof_ChapterMajoranaProp76_LinearIsometryEquiv_isNote4Unitary: FAIL (theorem not published yet)
05:22:00 processing sol:BookProof_ChapterParityMajoranaQuant_J_unitary' (attempt 5)
05:22:00 sol:BookProof_ChapterParityMajoranaQuant_J_unitary': FAIL (theorem not published yet)
05:22:00 processing sol:BookProof_ChapterSirkGroupTransfer_groupFlow_zero (attempt 5)
05:22:00 sol:BookProof_ChapterSirkGroupTransfer_groupFlow_zero: FAIL (theorem not published yet)
05:22:00 processing sol:BookProof_ChapterSirkGroupTransfer_norm_pow_le_of_le (attempt 5)
05:22:00 sol:BookProof_ChapterSirkGroupTransfer_norm_pow_le_of_le: FAIL (theorem not published yet)
05:22:00 processing sol:BookProof_YangMillsBianchi_fieldStrength_antisymm (attempt 5)
05:22:03 sol:BookProof_YangMillsBianchi_fieldStrength_antisymm: FAIL (local compile failed: /home/leo/prove2me_workspace/Solutions/Sol_BookProof_YangMillsBianchi_fieldStrength_antisymm.lean:26:9: error(lean.synthInstance)
05:22:03 processing sol:BookProof_YangMillsSU3_structureConstant_jacobi (attempt 5)
05:22:08 sol:BookProof_YangMillsSU3_structureConstant_jacobi: FAIL (local compile failed: /home/leo/prove2me_workspace/Solutions/Sol_BookProof_YangMillsSU3_structureConstant_jacobi.lean:47:65: error: Ambiguous term
  s)
05:22:08 processing sol:BookProof_ChapterMajoranaProp61_prop61_isUnit (attempt 5)
05:22:44 sol:BookProof_ChapterMajoranaProp61_prop61_isUnit: FAIL (verdict FAILED: unknown import: Theorems.Thm_BookProof_ChapterMajoranaProp61_prop61_star_mul_self. No such theorem exists in this Lean environment (ma)
05:22:44 processing sol:BookProof_ChapterMajoranaProp76_fourierTransform_isNote4Unitary (attempt 5)
05:22:45 sol:BookProof_ChapterMajoranaProp76_fourierTransform_isNote4Unitary: FAIL (local compile failed: /home/leo/prove2me_workspace/Solutions/Sol_BookProof_ChapterMajoranaProp76_fourierTransform_isNote4Unitary.lean:2:0: error: obje)
05:22:45 processing sol:BookProof_ChapterMajoranaProp76_note4_conj (attempt 5)
05:22:47 sol:BookProof_ChapterMajoranaProp76_note4_conj: FAIL (local compile failed: /home/leo/prove2me_workspace/Solutions/Sol_BookProof_ChapterMajoranaProp76_note4_conj.lean:2:0: error: object file '/home/leo/pr)
05:22:47 processing sol:BookProof_ChapterSirkGroupTransfer_norm_pow_sub_pow_le (attempt 5)
05:22:47 sol:BookProof_ChapterSirkGroupTransfer_norm_pow_sub_pow_le: FAIL (theorem not published yet)
05:22:47 processing sol:BookProof_MajoranaClifford_a_sq (attempt 5)
05:22:50 sol:BookProof_MajoranaClifford_a_sq: FAIL (local compile failed: /home/leo/prove2me_workspace/Solutions/Sol_BookProof_MajoranaClifford_a_sq.lean:22:97: error: unsolved goals
V : Type u_1
inst✝¹)
05:22:50 processing sol:BookProof_ChapterSirkGroupTransfer_norm_exp_sub_exp_le (attempt 5)
05:23:15 sol:BookProof_ChapterSirkGroupTransfer_norm_exp_sub_exp_le: FAIL (verdict FAILED: unknown import: Theorems.Thm_BookProof_ChapterSirkGroupTransfer_norm_pow_le_of_le. No such theorem exists in this Lean environment (ma)
05:23:15 summary: 297 done, 16 pending, 9 failed
05:23:45 summary: 297 done, 0 pending, 25 failed
05:28:13 processing thm:BookProof_ChapterMajoranaProp61_gsq_Hsq_comm (attempt 1)
05:28:13 processing thm:BookProof_ChapterMajoranaProp61_gsq_Hsq_comm (attempt 1)
05:28:46 thm:BookProof_ChapterMajoranaProp61_gsq_Hsq_comm: DONE
05:28:46 thm:BookProof_ChapterMajoranaProp61_gsq_Hsq_comm: DONE
05:28:46 processing thm:BookProof_ChapterSirkGroupTransfer_groupFlow_zero (attempt 1)
05:28:46 processing thm:BookProof_ChapterSirkGroupTransfer_groupFlow_zero (attempt 1)
05:29:20 thm:BookProof_ChapterSirkGroupTransfer_groupFlow_zero: DONE
05:29:20 thm:BookProof_ChapterSirkGroupTransfer_groupFlow_zero: DONE
05:29:20 processing thm:BookProof_ChapterSirkGroupTransfer_norm_pow_le_of_le (attempt 1)
05:29:20 processing thm:BookProof_ChapterSirkGroupTransfer_norm_pow_le_of_le (attempt 1)
05:29:53 thm:BookProof_ChapterSirkGroupTransfer_norm_pow_le_of_le: DONE
05:29:53 thm:BookProof_ChapterSirkGroupTransfer_norm_pow_le_of_le: DONE
05:29:53 summary: 300 done, 0 pending, 22 failed
05:29:53 summary: 300 done, 0 pending, 22 failed
07:09:24 processing thm:BookProof_ChapterMajoranaProp61_prop61_mul_star_self (attempt 1)
07:09:24 processing thm:BookProof_ChapterMajoranaProp61_prop61_mul_star_self (attempt 1)
07:09:28 thm:BookProof_ChapterMajoranaProp61_prop61_mul_star_self: FAIL (cannot split formal_statement from /home/leo/prove2me_workspace/Theorems/Thm_BookProof_ChapterMajoranaProp61_prop61_mul_star_self.lean)
07:09:28 thm:BookProof_ChapterMajoranaProp61_prop61_mul_star_self: FAIL (cannot split formal_statement from /home/leo/prove2me_workspace/Theorems/Thm_BookProof_ChapterMajoranaProp61_prop61_mul_star_self.lean)
07:09:28 processing thm:BookProof_ChapterMajoranaProp61_prop61_star_mul_self (attempt 1)
07:09:28 processing thm:BookProof_ChapterMajoranaProp61_prop61_star_mul_self (attempt 1)
07:09:31 thm:BookProof_ChapterMajoranaProp61_prop61_star_mul_self: FAIL (cannot split formal_statement from /home/leo/prove2me_workspace/Theorems/Thm_BookProof_ChapterMajoranaProp61_prop61_star_mul_self.lean)
07:09:31 thm:BookProof_ChapterMajoranaProp61_prop61_star_mul_self: FAIL (cannot split formal_statement from /home/leo/prove2me_workspace/Theorems/Thm_BookProof_ChapterMajoranaProp61_prop61_star_mul_self.lean)
07:09:31 processing thm:BookProof_ChapterMajoranaProp76_LinearIsometryEquiv_isNote4Unitary (attempt 1)
07:09:31 processing thm:BookProof_ChapterMajoranaProp76_LinearIsometryEquiv_isNote4Unitary (attempt 1)
07:09:46 thm:BookProof_ChapterMajoranaProp76_LinearIsometryEquiv_isNote4Unitary: FAIL (local compile failed: /home/leo/prove2me_workspace/Theorems/Thm_BookProof_ChapterMajoranaProp76_LinearIsometryEquiv_isNote4Unitary.lean:5:5: error: un)
07:09:46 thm:BookProof_ChapterMajoranaProp76_LinearIsometryEquiv_isNote4Unitary: FAIL (local compile failed: /home/leo/prove2me_workspace/Theorems/Thm_BookProof_ChapterMajoranaProp76_LinearIsometryEquiv_isNote4Unitary.lean:5:5: error: un)
07:09:46 processing thm:BookProof_ChapterParityMajoranaQuant_J_unitary' (attempt 1)
07:09:46 processing thm:BookProof_ChapterParityMajoranaQuant_J_unitary' (attempt 1)
07:09:58 thm:BookProof_ChapterParityMajoranaQuant_J_unitary': FAIL (submit-problem rejected: {"jobs": [], "errors": ["theorem_name must be a valid Lean identifier (identifier segments separated by '.' for namespaces)"])
07:09:58 thm:BookProof_ChapterParityMajoranaQuant_J_unitary': FAIL (submit-problem rejected: {"jobs": [], "errors": ["theorem_name must be a valid Lean identifier (identifier segments separated by '.' for namespaces)"])
07:09:58 summary: 300 done, 4 pending, 18 failed
07:09:58 summary: 300 done, 4 pending, 18 failed
07:43:17 processing thm:BookProof_ChapterMajoranaProp61_prop61_mul_star_self (attempt 2)
07:43:18 thm:BookProof_ChapterMajoranaProp61_prop61_mul_star_self: FAIL (local compile failed: no such file or directory (error code: 4294967294)
  file: /home/leo/prove2me_workspace/Theorems/Thm_BookProof_ChapterMajoranaPr)
07:43:18 processing thm:BookProof_ChapterMajoranaProp61_prop61_star_mul_self (attempt 2)
07:43:18 thm:BookProof_ChapterMajoranaProp61_prop61_star_mul_self: FAIL (local compile failed: no such file or directory (error code: 4294967294)
  file: /home/leo/prove2me_workspace/Theorems/Thm_BookProof_ChapterMajoranaPr)
07:43:18 processing thm:BookProof_ChapterMajoranaProp76_LinearIsometryEquiv_isNote4Unitary (attempt 2)
07:43:28 thm:BookProof_ChapterMajoranaProp76_LinearIsometryEquiv_isNote4Unitary: FAIL (local compile failed: no such file or directory (error code: 4294967294)
  file: /home/leo/prove2me_workspace/Theorems/Thm_BookProof_ChapterMajoranaPr)
07:43:28 processing thm:BookProof_ChapterParityMajoranaQuant_J_unitary' (attempt 2)
07:43:29 thm:BookProof_ChapterParityMajoranaQuant_J_unitary': FAIL (local compile failed: no such file or directory (error code: 4294967294)
  file: /home/leo/prove2me_workspace/Theorems/Thm_BookProof_ChapterParityMajo)
07:43:29 summary: 300 done, 4 pending, 18 failed
07:43:29 processing thm:BookProof_ChapterMajoranaProp61_prop61_mul_star_self (attempt 3)
07:43:29 thm:BookProof_ChapterMajoranaProp61_prop61_mul_star_self: FAIL (local compile failed: no such file or directory (error code: 4294967294)
  file: /home/leo/prove2me_workspace/Theorems/Thm_BookProof_ChapterMajoranaPr)
07:43:29 processing thm:BookProof_ChapterMajoranaProp61_prop61_star_mul_self (attempt 3)
07:43:30 thm:BookProof_ChapterMajoranaProp61_prop61_star_mul_self: FAIL (local compile failed: no such file or directory (error code: 4294967294)
  file: /home/leo/prove2me_workspace/Theorems/Thm_BookProof_ChapterMajoranaPr)
07:43:30 processing thm:BookProof_ChapterMajoranaProp76_LinearIsometryEquiv_isNote4Unitary (attempt 3)
07:43:38 processing thm:BookProof_ChapterMajoranaProp61_prop61_mul_star_self (attempt 4)
07:43:39 thm:BookProof_ChapterMajoranaProp61_prop61_mul_star_self: FAIL (local compile failed: no such file or directory (error code: 4294967294)
  file: /home/leo/prove2me_workspace/Theorems/Thm_BookProof_ChapterMajoranaPr)
07:43:39 processing thm:BookProof_ChapterMajoranaProp61_prop61_star_mul_self (attempt 4)
07:43:39 thm:BookProof_ChapterMajoranaProp76_LinearIsometryEquiv_isNote4Unitary: FAIL (local compile failed: no such file or directory (error code: 4294967294)
  file: /home/leo/prove2me_workspace/Theorems/Thm_BookProof_ChapterMajoranaPr)
07:43:39 processing thm:BookProof_ChapterParityMajoranaQuant_J_unitary' (attempt 3)
07:43:40 thm:BookProof_ChapterMajoranaProp61_prop61_star_mul_self: FAIL (local compile failed: no such file or directory (error code: 4294967294)
  file: /home/leo/prove2me_workspace/Theorems/Thm_BookProof_ChapterMajoranaPr)
07:43:40 processing thm:BookProof_ChapterMajoranaProp76_LinearIsometryEquiv_isNote4Unitary (attempt 3)
07:43:40 thm:BookProof_ChapterParityMajoranaQuant_J_unitary': FAIL (local compile failed: no such file or directory (error code: 4294967294)
  file: /home/leo/prove2me_workspace/Theorems/Thm_BookProof_ChapterParityMajo)
07:43:40 summary: 300 done, 4 pending, 18 failed
07:43:45 processing thm:BookProof_ChapterMajoranaProp61_prop61_mul_star_self (attempt 4)
07:43:46 thm:BookProof_ChapterMajoranaProp61_prop61_mul_star_self: FAIL (local compile failed: no such file or directory (error code: 4294967294)
  file: /home/leo/prove2me_workspace/Theorems/Thm_BookProof_ChapterMajoranaPr)
07:43:46 processing thm:BookProof_ChapterMajoranaProp61_prop61_star_mul_self (attempt 4)
07:43:46 thm:BookProof_ChapterMajoranaProp61_prop61_star_mul_self: FAIL (local compile failed: no such file or directory (error code: 4294967294)
  file: /home/leo/prove2me_workspace/Theorems/Thm_BookProof_ChapterMajoranaPr)
07:43:46 processing thm:BookProof_ChapterMajoranaProp76_LinearIsometryEquiv_isNote4Unitary (attempt 4)
07:43:50 thm:BookProof_ChapterMajoranaProp76_LinearIsometryEquiv_isNote4Unitary: FAIL (local compile failed: no such file or directory (error code: 4294967294)
  file: /home/leo/prove2me_workspace/Theorems/Thm_BookProof_ChapterMajoranaPr)
07:43:50 processing thm:BookProof_ChapterParityMajoranaQuant_J_unitary' (attempt 3)
07:43:50 thm:BookProof_ChapterParityMajoranaQuant_J_unitary': FAIL (local compile failed: no such file or directory (error code: 4294967294)
  file: /home/leo/prove2me_workspace/Theorems/Thm_BookProof_ChapterParityMajo)
07:43:50 summary: 300 done, 4 pending, 18 failed
07:43:54 processing thm:BookProof_ChapterMajoranaProp61_prop61_mul_star_self (attempt 5)
07:43:55 thm:BookProof_ChapterMajoranaProp61_prop61_mul_star_self: FAIL (local compile failed: no such file or directory (error code: 4294967294)
  file: /home/leo/prove2me_workspace/Theorems/Thm_BookProof_ChapterMajoranaPr)
07:43:55 processing thm:BookProof_ChapterMajoranaProp61_prop61_star_mul_self (attempt 5)
07:43:56 thm:BookProof_ChapterMajoranaProp76_LinearIsometryEquiv_isNote4Unitary: FAIL (local compile failed: no such file or directory (error code: 4294967294)
  file: /home/leo/prove2me_workspace/Theorems/Thm_BookProof_ChapterMajoranaPr)
07:43:56 processing thm:BookProof_ChapterParityMajoranaQuant_J_unitary' (attempt 4)
07:43:56 thm:BookProof_ChapterMajoranaProp61_prop61_star_mul_self: FAIL (local compile failed: no such file or directory (error code: 4294967294)
  file: /home/leo/prove2me_workspace/Theorems/Thm_BookProof_ChapterMajoranaPr)
07:43:56 thm:BookProof_ChapterParityMajoranaQuant_J_unitary': FAIL (local compile failed: no such file or directory (error code: 4294967294)
  file: /home/leo/prove2me_workspace/Theorems/Thm_BookProof_ChapterParityMajo)
07:43:56 summary: 300 done, 4 pending, 18 failed
07:44:23 processing thm:BookProof_ChapterMajoranaProp61_prop61_mul_star_self (attempt 5)
07:44:24 thm:BookProof_ChapterMajoranaProp61_prop61_mul_star_self: FAIL (local compile failed: no such file or directory (error code: 4294967294)
  file: /home/leo/prove2me_workspace/Theorems/Thm_BookProof_ChapterMajoranaPr)
07:44:24 processing thm:BookProof_ChapterMajoranaProp61_prop61_star_mul_self (attempt 5)
07:44:24 thm:BookProof_ChapterMajoranaProp61_prop61_star_mul_self: FAIL (local compile failed: no such file or directory (error code: 4294967294)
  file: /home/leo/prove2me_workspace/Theorems/Thm_BookProof_ChapterMajoranaPr)
07:44:24 processing thm:BookProof_ChapterMajoranaProp76_LinearIsometryEquiv_isNote4Unitary (attempt 5)
07:44:30 processing thm:BookProof_ChapterMajoranaProp76_LinearIsometryEquiv_isNote4Unitary (attempt 5)
07:44:34 thm:BookProof_ChapterMajoranaProp76_LinearIsometryEquiv_isNote4Unitary: FAIL (local compile failed: no such file or directory (error code: 4294967294)
  file: /home/leo/prove2me_workspace/Theorems/Thm_BookProof_ChapterMajoranaPr)
07:44:34 processing thm:BookProof_ChapterParityMajoranaQuant_J_unitary' (attempt 5)
07:44:35 thm:BookProof_ChapterParityMajoranaQuant_J_unitary': FAIL (local compile failed: no such file or directory (error code: 4294967294)
  file: /home/leo/prove2me_workspace/Theorems/Thm_BookProof_ChapterParityMajo)
07:44:35 summary: 300 done, 4 pending, 18 failed
07:44:37 summary: 300 done, 0 pending, 22 failed
07:44:40 thm:BookProof_ChapterMajoranaProp76_LinearIsometryEquiv_isNote4Unitary: FAIL (local compile failed: no such file or directory (error code: 4294967294)
  file: /home/leo/prove2me_workspace/Theorems/Thm_BookProof_ChapterMajoranaPr)
07:44:40 processing thm:BookProof_ChapterParityMajoranaQuant_J_unitary' (attempt 5)
07:44:40 thm:BookProof_ChapterParityMajoranaQuant_J_unitary': FAIL (local compile failed: no such file or directory (error code: 4294967294)
  file: /home/leo/prove2me_workspace/Theorems/Thm_BookProof_ChapterParityMajo)
07:44:40 summary: 300 done, 2 pending, 20 failed
07:44:48 summary: 300 done, 0 pending, 22 failed
07:49:10 processing thm:BookProof_ChapterMajoranaProp76_LinearIsometryEquiv_isNote4Unitary (attempt 1)
07:49:13 thm:BookProof_ChapterMajoranaProp76_LinearIsometryEquiv_isNote4Unitary: FAIL (local compile failed: /home/leo/prove2me_workspace/Theorems/Thm_BookProof_ChapterMajoranaProp76_LinearIsometryEquiv_isNote4Unitary.lean:5:5: error: un)
07:49:13 processing thm:BookProof_ChapterParityMajoranaQuant_J_unitary' (attempt 1)
07:49:16 processing thm:BookProof_ChapterMajoranaProp76_LinearIsometryEquiv_isNote4Unitary (attempt 2)
07:49:19 thm:BookProof_ChapterMajoranaProp76_LinearIsometryEquiv_isNote4Unitary: FAIL (local compile failed: /home/leo/prove2me_workspace/Theorems/Thm_BookProof_ChapterMajoranaProp76_LinearIsometryEquiv_isNote4Unitary.lean:5:5: error: un)
07:49:19 processing thm:BookProof_ChapterParityMajoranaQuant_J_unitary' (attempt 1)
07:49:21 thm:BookProof_ChapterParityMajoranaQuant_J_unitary': FAIL (submit-problem rejected: {"jobs": [], "errors": ["theorem_name must be a valid Lean identifier (identifier segments separated by '.' for namespaces)"])
07:49:21 processing thm:BookProof_ChapterSirkGroupTransfer_norm_pow_sub_pow_le (attempt 1)
07:49:27 thm:BookProof_ChapterParityMajoranaQuant_J_unitary': FAIL (submit-problem rejected: {"jobs": [], "errors": ["theorem_name must be a valid Lean identifier (identifier segments separated by '.' for namespaces)"])
07:49:27 processing thm:BookProof_ChapterSirkGroupTransfer_norm_pow_sub_pow_le (attempt 1)
07:49:55 thm:BookProof_ChapterSirkGroupTransfer_norm_pow_sub_pow_le: DONE
07:49:55 processing sol:BookProof_ChapterMajoranaProp61_gsq_Hsq_comm (attempt 1)
07:50:00 thm:BookProof_ChapterSirkGroupTransfer_norm_pow_sub_pow_le: FAIL (publish FAILED: A theorem with name "BookProof.ChapterSirkGroupTransfer.norm_pow_sub_pow_le" already exists)
07:50:00 processing sol:BookProof_ChapterMajoranaProp61_gsq_Hsq_comm (attempt 1)
07:51:23 sol:BookProof_ChapterMajoranaProp61_gsq_Hsq_comm: DONE
07:51:23 processing sol:BookProof_ChapterMajoranaProp61_prop61_mul_star_self (attempt 1)
07:51:23 sol:BookProof_ChapterMajoranaProp61_prop61_mul_star_self: FAIL (theorem not published yet)
07:51:23 processing sol:BookProof_ChapterMajoranaProp61_prop61_star_mul_self (attempt 1)
07:51:23 sol:BookProof_ChapterMajoranaProp61_prop61_star_mul_self: FAIL (theorem not published yet)
07:51:23 processing sol:BookProof_ChapterMajoranaProp76_LinearIsometryEquiv_isNote4Unitary (attempt 1)
07:51:23 sol:BookProof_ChapterMajoranaProp76_LinearIsometryEquiv_isNote4Unitary: FAIL (theorem not published yet)
07:51:23 processing sol:BookProof_ChapterParityMajoranaQuant_J_unitary' (attempt 1)
07:51:23 sol:BookProof_ChapterParityMajoranaQuant_J_unitary': FAIL (theorem not published yet)
07:51:23 processing sol:BookProof_ChapterSirkGroupTransfer_groupFlow_zero (attempt 1)
07:51:49 sol:BookProof_ChapterMajoranaProp61_gsq_Hsq_comm: DONE
07:51:49 processing sol:BookProof_ChapterMajoranaProp61_prop61_mul_star_self (attempt 1)
07:51:49 sol:BookProof_ChapterMajoranaProp61_prop61_mul_star_self: FAIL (theorem not published yet)
07:51:49 processing sol:BookProof_ChapterMajoranaProp61_prop61_star_mul_self (attempt 1)
07:51:49 sol:BookProof_ChapterMajoranaProp61_prop61_star_mul_self: FAIL (theorem not published yet)
07:51:49 processing sol:BookProof_ChapterMajoranaProp76_LinearIsometryEquiv_isNote4Unitary (attempt 1)
07:51:49 sol:BookProof_ChapterMajoranaProp76_LinearIsometryEquiv_isNote4Unitary: FAIL (theorem not published yet)
07:51:49 processing sol:BookProof_ChapterParityMajoranaQuant_J_unitary' (attempt 1)
07:51:49 sol:BookProof_ChapterParityMajoranaQuant_J_unitary': FAIL (theorem not published yet)
07:51:49 processing sol:BookProof_ChapterSirkGroupTransfer_groupFlow_zero (attempt 1)
07:53:01 sol:BookProof_ChapterSirkGroupTransfer_groupFlow_zero: DONE
07:53:01 processing sol:BookProof_ChapterSirkGroupTransfer_norm_pow_le_of_le (attempt 1)
07:53:27 sol:BookProof_ChapterSirkGroupTransfer_groupFlow_zero: DONE
07:53:27 processing sol:BookProof_ChapterSirkGroupTransfer_norm_pow_le_of_le (attempt 1)
07:54:29 sol:BookProof_ChapterSirkGroupTransfer_norm_pow_le_of_le: DONE
07:54:29 processing sol:BookProof_YangMillsBianchi_fieldStrength_antisymm (attempt 1)
07:54:45 sol:BookProof_ChapterSirkGroupTransfer_norm_pow_le_of_le: DONE
07:54:45 processing sol:BookProof_YangMillsBianchi_fieldStrength_antisymm (attempt 1)
07:55:46 sol:BookProof_YangMillsBianchi_fieldStrength_antisymm: DONE
07:55:46 processing sol:BookProof_YangMillsSU3_structureConstant_jacobi (attempt 1)
07:55:50 sol:BookProof_YangMillsSU3_structureConstant_jacobi: FAIL (local compile failed: /home/leo/prove2me_workspace/Solutions/Sol_BookProof_YangMillsSU3_structureConstant_jacobi.lean:47:65: error: Ambiguous term
  s)
07:55:50 processing sol:BookProof_ChapterMajoranaProp61_prop61_isUnit (attempt 1)
07:56:15 sol:BookProof_ChapterMajoranaProp61_prop61_isUnit: FAIL (verdict FAILED: unknown import: Theorems.Thm_BookProof_ChapterMajoranaProp61_prop61_star_mul_self. No such theorem exists in this Lean environment (ma)
07:56:15 processing sol:BookProof_ChapterMajoranaProp76_fourierTransform_isNote4Unitary (attempt 1)
07:56:16 sol:BookProof_ChapterMajoranaProp76_fourierTransform_isNote4Unitary: FAIL (local compile failed: /home/leo/prove2me_workspace/Solutions/Sol_BookProof_ChapterMajoranaProp76_fourierTransform_isNote4Unitary.lean:2:0: error: obje)
07:56:16 processing sol:BookProof_ChapterMajoranaProp76_note4_conj (attempt 1)
07:56:17 sol:BookProof_ChapterMajoranaProp76_note4_conj: FAIL (local compile failed: /home/leo/prove2me_workspace/Solutions/Sol_BookProof_ChapterMajoranaProp76_note4_conj.lean:2:0: error: object file '/home/leo/pr)
07:56:17 processing sol:BookProof_ChapterSirkGroupTransfer_norm_pow_sub_pow_le (attempt 1)
07:56:23 sol:BookProof_YangMillsBianchi_fieldStrength_antisymm: DONE
07:56:23 processing sol:BookProof_YangMillsSU3_structureConstant_jacobi (attempt 1)
07:56:27 sol:BookProof_YangMillsSU3_structureConstant_jacobi: FAIL (local compile failed: /home/leo/prove2me_workspace/Solutions/Sol_BookProof_YangMillsSU3_structureConstant_jacobi.lean:47:65: error: Ambiguous term
  s)
07:56:27 processing sol:BookProof_ChapterMajoranaProp61_prop61_isUnit (attempt 1)
07:56:52 sol:BookProof_ChapterMajoranaProp61_prop61_isUnit: FAIL (verdict FAILED: unknown import: Theorems.Thm_BookProof_ChapterMajoranaProp61_prop61_star_mul_self. No such theorem exists in this Lean environment (ma)
07:56:52 processing sol:BookProof_ChapterMajoranaProp76_fourierTransform_isNote4Unitary (attempt 1)
07:56:53 sol:BookProof_ChapterMajoranaProp76_fourierTransform_isNote4Unitary: FAIL (local compile failed: /home/leo/prove2me_workspace/Solutions/Sol_BookProof_ChapterMajoranaProp76_fourierTransform_isNote4Unitary.lean:2:0: error: obje)
07:56:53 processing sol:BookProof_ChapterMajoranaProp76_note4_conj (attempt 1)
07:56:54 sol:BookProof_ChapterMajoranaProp76_note4_conj: FAIL (local compile failed: /home/leo/prove2me_workspace/Solutions/Sol_BookProof_ChapterMajoranaProp76_note4_conj.lean:2:0: error: object file '/home/leo/pr)
07:56:54 processing sol:BookProof_ChapterSirkGroupTransfer_norm_pow_sub_pow_le (attempt 1)
07:56:54 sol:BookProof_ChapterSirkGroupTransfer_norm_pow_sub_pow_le: FAIL (theorem not published yet)
07:56:54 processing sol:BookProof_MajoranaClifford_a_sq (attempt 1)
07:56:57 sol:BookProof_MajoranaClifford_a_sq: FAIL (local compile failed: /home/leo/prove2me_workspace/Solutions/Sol_BookProof_MajoranaClifford_a_sq.lean:22:97: error: unsolved goals
V : Type u_1
inst✝¹)
07:56:57 processing sol:BookProof_ChapterSirkGroupTransfer_norm_exp_sub_exp_le (attempt 1)
07:57:45 sol:BookProof_ChapterSirkGroupTransfer_norm_pow_sub_pow_le: DONE
07:57:45 processing sol:BookProof_MajoranaClifford_a_sq (attempt 1)
07:57:48 sol:BookProof_MajoranaClifford_a_sq: FAIL (local compile failed: /home/leo/prove2me_workspace/Solutions/Sol_BookProof_MajoranaClifford_a_sq.lean:26:2: error: No goals to be solved
)
07:57:48 processing sol:BookProof_ChapterSirkGroupTransfer_norm_exp_sub_exp_le (attempt 1)
07:58:16 sol:BookProof_ChapterSirkGroupTransfer_norm_exp_sub_exp_le: DONE
07:58:16 summary: 305 done, 13 pending, 4 failed
07:59:06 sol:BookProof_ChapterSirkGroupTransfer_norm_exp_sub_exp_le: DONE
07:59:06 summary: 307 done, 11 pending, 4 failed
08:00:24 processing thm:BookProof_ChapterMajoranaProp76_LinearIsometryEquiv_isNote4Unitary (attempt 2)
08:00:32 thm:BookProof_ChapterMajoranaProp76_LinearIsometryEquiv_isNote4Unitary: REUSING existing BookProof.ChapterMajoranaProp76.LinearIsometryEquiv.isNote4Unitary (Proved) b3da917e-e1cd-4760-a550-838d8a2b9aaa
08:00:32 thm:BookProof_ChapterMajoranaProp76_LinearIsometryEquiv_isNote4Unitary: DONE
08:00:32 processing thm:BookProof_ChapterParityMajoranaQuant_J_unitary_prime (attempt 1)
08:00:32 thm:BookProof_ChapterParityMajoranaQuant_J_unitary_prime: FAIL (local compile failed: no such file or directory (error code: 4294967294)
  file: /home/leo/prove2me_workspace/Theorems/Thm_BookProof_ChapterParityMajo)
08:00:32 processing sol:BookProof_ChapterMajoranaProp61_prop61_mul_star_self (attempt 2)
08:00:32 sol:BookProof_ChapterMajoranaProp61_prop61_mul_star_self: FAIL (theorem not published yet)
08:00:32 processing sol:BookProof_ChapterMajoranaProp61_prop61_star_mul_self (attempt 2)
08:00:32 sol:BookProof_ChapterMajoranaProp61_prop61_star_mul_self: FAIL (theorem not published yet)
08:00:32 processing sol:BookProof_ChapterMajoranaProp76_LinearIsometryEquiv_isNote4Unitary (attempt 2)
08:00:32 sol:BookProof_ChapterMajoranaProp76_LinearIsometryEquiv_isNote4Unitary: DONE
08:00:32 processing sol:BookProof_ChapterParityMajoranaQuant_J_unitary_prime (attempt 1)
08:00:32 sol:BookProof_ChapterParityMajoranaQuant_J_unitary_prime: FAIL (theorem not published yet)
08:00:32 processing sol:BookProof_YangMillsSU3_structureConstant_jacobi (attempt 2)
08:00:36 sol:BookProof_YangMillsSU3_structureConstant_jacobi: FAIL (local compile failed: /home/leo/prove2me_workspace/Solutions/Sol_BookProof_YangMillsSU3_structureConstant_jacobi.lean:47:65: error: Ambiguous term
  s)
08:00:36 processing sol:BookProof_ChapterMajoranaProp61_prop61_isUnit (attempt 2)
08:01:12 sol:BookProof_ChapterMajoranaProp61_prop61_isUnit: FAIL (verdict FAILED: unknown import: Theorems.Thm_BookProof_ChapterMajoranaProp61_prop61_star_mul_self. No such theorem exists in this Lean environment (ma)
08:01:12 processing sol:BookProof_ChapterMajoranaProp76_fourierTransform_isNote4Unitary (attempt 2)
08:02:30 sol:BookProof_ChapterMajoranaProp76_fourierTransform_isNote4Unitary: DONE
08:02:30 processing sol:BookProof_ChapterMajoranaProp76_note4_conj (attempt 2)
08:03:48 sol:BookProof_ChapterMajoranaProp76_note4_conj: DONE
08:03:48 processing sol:BookProof_MajoranaClifford_a_sq (attempt 2)
08:05:28 processing thm:BookProof_ChapterMajoranaProp61_prop61_mul_star_self (attempt 1)
08:06:02 thm:BookProof_ChapterMajoranaProp61_prop61_mul_star_self: DONE
08:06:02 processing thm:BookProof_ChapterMajoranaProp61_prop61_star_mul_self (attempt 1)
08:08:25 thm:BookProof_ChapterMajoranaProp61_prop61_star_mul_self: DONE
08:08:25 processing thm:BookProof_ChapterParityMajoranaQuant_J_unitary_prime (attempt 2)
08:08:26 thm:BookProof_ChapterParityMajoranaQuant_J_unitary_prime: FAIL (local compile failed: no such file or directory (error code: 4294967294)
  file: /home/leo/prove2me_workspace/Theorems/Thm_BookProof_ChapterParityMajo)
08:08:26 processing sol:BookProof_ChapterMajoranaProp61_prop61_mul_star_self (attempt 3)
08:14:12 processing thm:BookProof_ChapterParityMajoranaQuant_J_unitary_prime (attempt 1)
08:14:13 thm:BookProof_ChapterParityMajoranaQuant_J_unitary_prime: FAIL (local compile failed: no such file or directory (error code: 4294967294)
  file: /home/leo/prove2me_workspace/Theorems/Thm_BookProof_ChapterParityMajo)
08:14:13 processing sol:BookProof_ChapterMajoranaProp61_prop61_mul_star_self (attempt 3)
08:17:43 processing thm:BookProof_ChapterParityMajoranaQuant_J_unitary_prime (attempt 2)
08:17:44 thm:BookProof_ChapterParityMajoranaQuant_J_unitary_prime: FAIL (local compile failed: no such file or directory (error code: 4294967294)
  file: /home/leo/prove2me_workspace/Theorems/Thm_BookProof_ChapterParityMajo)
08:17:44 processing sol:BookProof_ChapterMajoranaProp61_prop61_mul_star_self (attempt 3)
08:19:35 sol:BookProof_ChapterMajoranaProp61_prop61_mul_star_self: DONE
08:19:35 processing sol:BookProof_ChapterMajoranaProp61_prop61_star_mul_self (attempt 3)
08:21:20 processing thm:BookProof_ChapterParityMajoranaQuant_J_unitary_prime (attempt 3)
08:21:21 thm:BookProof_ChapterParityMajoranaQuant_J_unitary_prime: FAIL (local compile failed: no such file or directory (error code: 4294967294)
  file: /home/leo/prove2me_workspace/Theorems/Thm_BookProof_ChapterParityMajo)
08:21:21 processing sol:BookProof_ChapterMajoranaProp61_prop61_star_mul_self (attempt 3)
08:23:14 sol:BookProof_ChapterMajoranaProp61_prop61_star_mul_self: DONE
08:23:14 processing sol:BookProof_ChapterParityMajoranaQuant_J_unitary_prime (attempt 2)
08:23:14 sol:BookProof_ChapterParityMajoranaQuant_J_unitary_prime: FAIL (theorem not published yet)
08:23:14 processing sol:BookProof_YangMillsSU3_structureConstant_jacobi (attempt 3)
08:23:18 sol:BookProof_YangMillsSU3_structureConstant_jacobi: FAIL (local compile failed: /home/leo/prove2me_workspace/Solutions/Sol_BookProof_YangMillsSU3_structureConstant_jacobi.lean:49:8: error: `simp` made no prog)
08:23:18 processing sol:BookProof_ChapterMajoranaProp61_prop61_isUnit (attempt 3)
08:24:46 sol:BookProof_ChapterMajoranaProp61_prop61_isUnit: DONE
08:24:46 processing sol:BookProof_MajoranaClifford_a_sq (attempt 2)
08:26:04 sol:BookProof_MajoranaClifford_a_sq: DONE
08:26:04 summary: 317 done, 3 pending, 2 failed
08:28:51 processing thm:BookProof_ChapterParityMajoranaQuant_J_unitary_prime (attempt 4)
08:28:52 thm:BookProof_ChapterParityMajoranaQuant_J_unitary_prime: FAIL (local compile failed: no such file or directory (error code: 4294967294)
  file: /home/leo/prove2me_workspace/Theorems/Thm_BookProof_ChapterParityMajo)
08:28:52 processing sol:BookProof_ChapterParityMajoranaQuant_J_unitary_prime (attempt 3)
08:28:52 sol:BookProof_ChapterParityMajoranaQuant_J_unitary_prime: FAIL (theorem not published yet)
08:28:52 processing sol:BookProof_YangMillsSU3_structureConstant_jacobi (attempt 4)
08:28:56 sol:BookProof_YangMillsSU3_structureConstant_jacobi: FAIL (local compile failed: /home/leo/prove2me_workspace/Solutions/Sol_BookProof_YangMillsSU3_structureConstant_jacobi.lean:49:19: error: Ambiguous term
  s)
08:28:56 summary: 317 done, 3 pending, 2 failed
08:32:15 processing thm:BookProof_ChapterParityMajoranaQuant_J_unitary_prime (attempt 5)
08:32:16 thm:BookProof_ChapterParityMajoranaQuant_J_unitary_prime: FAIL (local compile failed: no such file or directory (error code: 4294967294)
  file: /home/leo/prove2me_workspace/Theorems/Thm_BookProof_ChapterParityMajo)
08:32:16 processing sol:BookProof_ChapterParityMajoranaQuant_J_unitary_prime (attempt 4)
08:32:16 sol:BookProof_ChapterParityMajoranaQuant_J_unitary_prime: FAIL (theorem not published yet)
08:32:16 processing sol:BookProof_YangMillsSU3_structureConstant_jacobi (attempt 5)
08:32:20 sol:BookProof_YangMillsSU3_structureConstant_jacobi: FAIL (local compile failed: /home/leo/prove2me_workspace/Solutions/Sol_BookProof_YangMillsSU3_structureConstant_jacobi.lean:49:19: error: Ambiguous term
  s)
08:32:20 summary: 317 done, 3 pending, 2 failed
08:35:53 processing sol:BookProof_ChapterParityMajoranaQuant_J_unitary_prime (attempt 5)
08:35:53 sol:BookProof_ChapterParityMajoranaQuant_J_unitary_prime: FAIL (theorem not published yet)
08:35:53 summary: 317 done, 1 pending, 4 failed
09:31:34 summary: 317 done, 0 pending, 5 failed
09:32:41 summary: 317 done, 0 pending, 5 failed
09:33:30 processing thm:BookProof_ChapterParityMajoranaQuant_J_unitary_prime (attempt 1)
09:33:31 thm:BookProof_ChapterParityMajoranaQuant_J_unitary_prime: FAIL (local compile failed: no such file or directory (error code: 4294967294)
  file: /home/leo/prove2me_workspace/Theorems/Thm_BookProof_ChapterParityMajo)
09:33:31 processing sol:BookProof_ChapterParityMajoranaQuant_J_unitary_prime (attempt 1)
09:33:31 sol:BookProof_ChapterParityMajoranaQuant_J_unitary_prime: FAIL (theorem not published yet)
09:33:31 processing sol:BookProof_YangMillsSU3_structureConstant_jacobi (attempt 1)
09:35:32 sol:BookProof_YangMillsSU3_structureConstant_jacobi: DONE
09:35:32 summary: 318 done, 2 pending, 2 failed
09:40:34 processing thm:BookProof_ChapterParityMajoranaQuant_J_unitary_prime (attempt 2)
09:40:35 thm:BookProof_ChapterParityMajoranaQuant_J_unitary_prime: FAIL (local compile failed: no such file or directory (error code: 4294967294)
  file: /home/leo/prove2me_workspace/Theorems/Thm_BookProof_ChapterParityMajo)
09:40:35 processing sol:BookProof_ChapterParityMajoranaQuant_J_unitary_prime (attempt 2)
09:40:35 sol:BookProof_ChapterParityMajoranaQuant_J_unitary_prime: FAIL (theorem not published yet)
09:40:35 summary: 318 done, 2 pending, 2 failed
09:42:01 processing thm:BookProof_ChapterParityMajoranaQuant_J_unitary_prime (attempt 3)
09:42:02 thm:BookProof_ChapterParityMajoranaQuant_J_unitary_prime: FAIL (local compile failed: no such file or directory (error code: 4294967294)
  file: /home/leo/prove2me_workspace/Theorems/Thm_BookProof_ChapterParityMajo)
09:42:02 processing sol:BookProof_ChapterParityMajoranaQuant_J_unitary_prime (attempt 3)
09:42:02 sol:BookProof_ChapterParityMajoranaQuant_J_unitary_prime: FAIL (theorem not published yet)
09:42:02 summary: 318 done, 2 pending, 2 failed
09:44:22 processing thm:BookProof_ChapterParityMajoranaQuant_J_unitary_prime (attempt 1)
09:44:25 thm:BookProof_ChapterParityMajoranaQuant_J_unitary_prime: FAIL (formal_statement does not end with := by sorry)
09:44:25 processing sol:BookProof_ChapterParityMajoranaQuant_J_unitary_prime (attempt 1)
09:44:25 sol:BookProof_ChapterParityMajoranaQuant_J_unitary_prime: FAIL (theorem not published yet)
09:44:25 summary: 318 done, 2 pending, 2 failed
09:45:33 processing thm:BookProof_ChapterParityMajoranaQuant_J_unitary_prime (attempt 2)
09:45:41 thm:BookProof_ChapterParityMajoranaQuant_J_unitary_prime: FAIL (submit-problem rejected: {"jobs": [], "errors": ["theorem_name must be a valid Lean identifier (identifier segments separated by '.' for namespaces)"])
09:45:41 processing sol:BookProof_ChapterParityMajoranaQuant_J_unitary_prime (attempt 2)
09:45:41 sol:BookProof_ChapterParityMajoranaQuant_J_unitary_prime: FAIL (theorem not published yet)
09:45:41 summary: 318 done, 2 pending, 2 failed
09:47:15 processing thm:BookProof_ChapterParityMajoranaQuant_J_unitary_prime (attempt 3)
09:47:23 thm:BookProof_ChapterParityMajoranaQuant_J_unitary_prime: FAIL (submit-problem rejected: {"jobs": [], "errors": ["theorem_name must be a valid Lean identifier (identifier segments separated by '.' for namespaces)"])
09:47:23 processing sol:BookProof_ChapterParityMajoranaQuant_J_unitary_prime (attempt 3)
09:47:23 sol:BookProof_ChapterParityMajoranaQuant_J_unitary_prime: FAIL (theorem not published yet)
09:47:23 summary: 318 done, 2 pending, 2 failed
09:50:11 processing thm:BookProof_ChapterParityMajoranaQuant_J_unitary_prime (attempt 4)
09:50:44 thm:BookProof_ChapterParityMajoranaQuant_J_unitary_prime: FAIL (publish FAILED: formal statement does not compile: line 27: Unknown constant `BookProof.ChapterParityMajoranaQuant.J_unitary_prime`)
09:50:44 processing sol:BookProof_ChapterParityMajoranaQuant_J_unitary_prime (attempt 4)
09:50:44 sol:BookProof_ChapterParityMajoranaQuant_J_unitary_prime: FAIL (theorem not published yet)
09:50:44 summary: 318 done, 2 pending, 2 failed
10:08:01 processing thm:BookProof_ChapterParityMajoranaQuant_J_unitary_prime (attempt 1)
10:08:10 thm:BookProof_ChapterParityMajoranaQuant_J_unitary_prime: FAIL (local compile failed: no such file or directory (error code: 4294967294)
  file: /home/leo/prove2me_workspace/Theorems/Thm_BookProof_ChapterParityMajo)
10:08:10 processing sol:BookProof_ChapterParityMajoranaQuant_J_unitary_prime (attempt 1)
10:08:10 sol:BookProof_ChapterParityMajoranaQuant_J_unitary_prime: FAIL (theorem not published yet)
10:08:10 summary: 318 done, 2 pending, 2 failed
10:08:22 processing thm:BookProof_ChapterParityMajoranaQuant_J_unitary_prime (attempt 2)
10:08:31 thm:BookProof_ChapterParityMajoranaQuant_J_unitary_prime: FAIL (local compile failed: no such file or directory (error code: 4294967294)
  file: /home/leo/prove2me_workspace/Theorems/Thm_BookProof_ChapterParityMajo)
10:08:31 processing sol:BookProof_ChapterParityMajoranaQuant_J_unitary_prime (attempt 2)
10:08:31 sol:BookProof_ChapterParityMajoranaQuant_J_unitary_prime: FAIL (theorem not published yet)
10:08:31 summary: 318 done, 2 pending, 2 failed
10:08:55 processing thm:BookProof_ChapterParityMajoranaQuant_J_unitary_prime (attempt 1)
10:09:05 thm:BookProof_ChapterParityMajoranaQuant_J_unitary_prime: FAIL (local compile failed: no such file or directory (error code: 4294967294)
  file: /home/leo/prove2me_workspace/Theorems/Thm_BookProof_ChapterParityMajo)
10:09:05 processing sol:BookProof_ChapterParityMajoranaQuant_J_unitary_prime (attempt 1)
10:09:05 sol:BookProof_ChapterParityMajoranaQuant_J_unitary_prime: FAIL (theorem not published yet)
10:09:05 summary: 318 done, 2 pending, 2 failed
10:13:35 processing thm:BookProof_ChapterParityMajoranaQuant_J_unitary_prime (attempt 2)
10:13:45 thm:BookProof_ChapterParityMajoranaQuant_J_unitary_prime: FAIL (local compile failed: no such file or directory (error code: 4294967294)
  file: /home/leo/prove2me_workspace/Theorems/Thm_BookProof_ChapterParityMajo)
10:13:45 processing sol:BookProof_ChapterParityMajoranaQuant_J_unitary_prime (attempt 2)
10:13:45 sol:BookProof_ChapterParityMajoranaQuant_J_unitary_prime: FAIL (theorem not published yet)
10:13:45 summary: 318 done, 2 pending, 2 failed
10:14:15 processing thm:BookProof_ChapterParityMajoranaQuant_J_unitary_prime (attempt 1)
10:14:25 thm:BookProof_ChapterParityMajoranaQuant_J_unitary_prime: FAIL (local compile failed: no such file or directory (error code: 4294967294)
  file: /home/leo/prove2me_workspace/Theorems/Thm_BookProof_ChapterParityMajo)
10:14:25 processing sol:BookProof_ChapterParityMajoranaQuant_J_unitary_prime (attempt 3)
10:14:25 sol:BookProof_ChapterParityMajoranaQuant_J_unitary_prime: FAIL (theorem not published yet)
10:14:25 summary: 318 done, 2 pending, 2 failed
10:16:12 processing thm:BookProof_ChapterParityMajoranaQuant_J_unitary_prime (attempt 2)
10:16:22 thm:BookProof_ChapterParityMajoranaQuant_J_unitary_prime: FAIL (local compile failed: no such file or directory (error code: 4294967294)
  file: /home/leo/prove2me_workspace/Theorems/Thm_BookProof_ChapterParityMajo)
10:16:22 processing sol:BookProof_ChapterParityMajoranaQuant_J_unitary_prime (attempt 4)
10:16:22 sol:BookProof_ChapterParityMajoranaQuant_J_unitary_prime: FAIL (theorem not published yet)
10:16:22 summary: 318 done, 2 pending, 2 failed
10:16:42 processing thm:BookProof_ChapterParityMajoranaQuant_J_unitary_prime (attempt 1)
10:16:51 thm:BookProof_ChapterParityMajoranaQuant_J_unitary_prime: FAIL (local compile failed: no such file or directory (error code: 4294967294)
  file: /home/leo/prove2me_workspace/Theorems/Thm_BookProof_ChapterParityMajo)
10:16:51 processing sol:BookProof_ChapterParityMajoranaQuant_J_unitary_prime (attempt 1)
10:16:51 sol:BookProof_ChapterParityMajoranaQuant_J_unitary_prime: FAIL (theorem not published yet)
10:16:52 summary: 318 done, 2 pending, 2 failed
10:17:58 processing thm:BookProof_ChapterParityMajoranaQuant_J_unitary_prime (attempt 2)
10:18:35 processing thm:BookProof_ChapterParityMajoranaQuant_J_unitary_prime (attempt 2)
10:18:41 thm:BookProof_ChapterParityMajoranaQuant_J_unitary_prime: DONE
10:18:41 processing sol:BookProof_ChapterParityMajoranaQuant_J_unitary_prime (attempt 2)
10:18:44 processing sol:BookProof_ChapterParityMajoranaQuant_J_unitary_prime (attempt 2)
10:18:44 thm:BookProof_ChapterParityMajoranaQuant_J_unitary_prime: DONE
10:18:44 processing sol:BookProof_ChapterParityMajoranaQuant_J_unitary_prime (attempt 2)
10:18:58 processing sol:BookProof_ChapterParityMajoranaQuant_J_unitary_prime (attempt 2)
10:19:10 processing sol:BookProof_ChapterParityMajoranaQuant_J_unitary_prime (attempt 2)
10:19:20 processing sol:BookProof_ChapterParityMajoranaQuant_J_unitary_prime (attempt 2)
10:20:16 processing sol:BookProof_ChapterParityMajoranaQuant_J_unitary_prime (attempt 2)
10:20:23 processing sol:BookProof_ChapterParityMajoranaQuant_J_unitary_prime (attempt 2)
10:21:43 processing sol:BookProof_ChapterParityMajoranaQuant_J_unitary_prime (attempt 1)
10:21:52 processing sol:BookProof_ChapterParityMajoranaQuant_J_unitary_prime (attempt 1)
10:22:48 sol:BookProof_ChapterParityMajoranaQuant_J_unitary_prime: DONE
10:22:48 summary: 320 done, 0 pending, 2 failed
10:23:00 sol:BookProof_ChapterParityMajoranaQuant_J_unitary_prime: DONE
10:23:00 summary: 320 done, 0 pending, 2 failed
10:27:57 summary: 320 done, 0 pending, 2 failed
10:30:47 summary: 320 done, 0 pending, 2 failed
11:27:10 summary: 320 done, 0 pending, 2 failed
11:35:24 summary: 320 done, 0 pending, 2 failed
12:03:36 processing def:ChapterSirkDiffusiveDecay (attempt 1)
12:03:37 def:ChapterSirkDiffusiveDecay: FAIL (local compile failed: /home/leo/prove2me_workspace/Definitions/Def_ChapterSirkDiffusiveDecay.lean:1:0: error: object file '/home/leo/prove2me_workspac)
12:03:37 processing def:ChapterSirkEndToEnd (attempt 1)
12:03:39 def:ChapterSirkEndToEnd: FAIL (local compile failed: /home/leo/prove2me_workspace/Definitions/Def_ChapterSirkEndToEnd.lean:1:0: error: object file '/home/leo/prove2me_workspace/.lak)
12:03:39 processing def:ChapterSirkPerSystem (attempt 1)
12:03:40 def:ChapterSirkPerSystem: FAIL (local compile failed: /home/leo/prove2me_workspace/Definitions/Def_ChapterSirkPerSystem.lean:1:0: error: object file '/home/leo/prove2me_workspace/.la)
12:03:40 processing def:ChapterSirkWhitening (attempt 1)
12:03:41 def:ChapterSirkWhitening: FAIL (local compile failed: /home/leo/prove2me_workspace/Definitions/Def_ChapterSirkWhitening.lean:1:0: error: object file '/home/leo/prove2me_workspace/.la)
12:03:41 processing def:ChapterYangMillsHermite (attempt 1)
12:03:42 def:ChapterYangMillsHermite: FAIL (local compile failed: /home/leo/prove2me_workspace/Definitions/Def_ChapterYangMillsHermite.lean:1:0: error: object file '/home/leo/prove2me_workspace/)
12:03:42 processing thm:BookProof_ChapterSirkDiffusiveDecay_hasDerivAt_heatFlow_apply (attempt 1)
12:03:45 thm:BookProof_ChapterSirkDiffusiveDecay_hasDerivAt_heatFlow_apply: FAIL (local compile failed: /home/leo/prove2me_workspace/Theorems/Thm_BookProof_ChapterSirkDiffusiveDecay_hasDerivAt_heatFlow_apply.lean:17:5: error: unknow)
12:03:45 processing thm:BookProof_ChapterSirkDiffusiveDecay_hasDerivAt_heatFlow_normSq (attempt 1)
12:03:48 thm:BookProof_ChapterSirkDiffusiveDecay_hasDerivAt_heatFlow_normSq: FAIL (local compile failed: /home/leo/prove2me_workspace/Theorems/Thm_BookProof_ChapterSirkDiffusiveDecay_hasDerivAt_heatFlow_normSq.lean:17:5: error: unkno)
12:03:48 processing thm:BookProof_ChapterSirkDiffusiveDecay_heatFlow_apply_comm (attempt 1)
12:03:51 thm:BookProof_ChapterSirkDiffusiveDecay_heatFlow_apply_comm: FAIL (local compile failed: /home/leo/prove2me_workspace/Theorems/Thm_BookProof_ChapterSirkDiffusiveDecay_heatFlow_apply_comm.lean:17:5: error: unknown name)
12:03:51 processing thm:BookProof_ChapterSirkDiffusiveDecay_heatFlow_zero (attempt 1)
12:03:54 thm:BookProof_ChapterSirkDiffusiveDecay_heatFlow_zero: FAIL (local compile failed: /home/leo/prove2me_workspace/Theorems/Thm_BookProof_ChapterSirkDiffusiveDecay_heatFlow_zero.lean:17:5: error: unknown namespace )
12:03:54 processing thm:BookProof_ChapterSirkDiffusiveDecay_isCoercive_add_algebraMap (attempt 1)
12:03:58 thm:BookProof_ChapterSirkDiffusiveDecay_isCoercive_add_algebraMap: FAIL (local compile failed: /home/leo/prove2me_workspace/Theorems/Thm_BookProof_ChapterSirkDiffusiveDecay_isCoercive_add_algebraMap.lean:17:5: error: unknow)
12:03:58 processing thm:BookProof_ChapterSirkDiffusiveDecay_isCoercive_compress (attempt 1)
12:04:01 thm:BookProof_ChapterSirkDiffusiveDecay_isCoercive_compress: FAIL (local compile failed: /home/leo/prove2me_workspace/Theorems/Thm_BookProof_ChapterSirkDiffusiveDecay_isCoercive_compress.lean:17:5: error: unknown name)
12:04:01 processing thm:BookProof_ChapterSirkDiffusiveDecay_norm_embedding (attempt 1)
12:04:05 thm:BookProof_ChapterSirkDiffusiveDecay_norm_embedding: FAIL (local compile failed: /home/leo/prove2me_workspace/Theorems/Thm_BookProof_ChapterSirkDiffusiveDecay_norm_embedding.lean:17:5: error: unknown namespace)
12:04:05 processing thm:BookProof_ChapterSirkDiffusiveDecay_norm_heatFlow_apply_le (attempt 1)
12:04:08 thm:BookProof_ChapterSirkDiffusiveDecay_norm_heatFlow_apply_le: FAIL (local compile failed: /home/leo/prove2me_workspace/Theorems/Thm_BookProof_ChapterSirkDiffusiveDecay_norm_heatFlow_apply_le.lean:17:5: error: unknown n)
12:04:08 processing thm:BookProof_ChapterSirkDiffusiveDecay_norm_heatFlow_compress_apply_le (attempt 1)
14:50:29 processing def:ChapterSirkDiffusiveDecay (attempt 2)
14:50:47 def:ChapterSirkDiffusiveDecay: FAIL (publish FAILED: definition does not compile: unknown import: Definitions.Def_ChapterH4. No such definition exists in this Lean environment (mathlib 0d)
14:50:47 processing def:ChapterSirkEndToEnd (attempt 2)
14:51:03 def:ChapterSirkEndToEnd: FAIL (publish FAILED: definition does not compile: unknown import: Definitions.Def_ChapterH4. No such definition exists in this Lean environment (mathlib 0d)
14:51:03 processing def:ChapterSirkPerSystem (attempt 2)
14:51:04 def:ChapterSirkPerSystem: FAIL (local compile failed: /home/leo/prove2me_workspace/Definitions/Def_ChapterSirkPerSystem.lean:1:0: error: object file '/home/leo/prove2me_workspace/.la)
14:51:04 processing def:ChapterSirkWhitening (attempt 2)
14:51:22 def:ChapterSirkWhitening: FAIL (publish FAILED: definition does not compile: unknown import: Definitions.Def_ChapterH4. No such definition exists in this Lean environment (mathlib 0d)
14:51:22 processing def:ChapterYangMillsHermite (attempt 2)
14:51:26 def:ChapterYangMillsHermite: FAIL (local compile failed: /home/leo/prove2me_workspace/Definitions/Def_ChapterYangMillsHermite.lean:94:34: error(lean.unknownIdentifier): Unknown identifi)
14:51:26 processing thm:BookProof_ChapterSirkDiffusiveDecay_hasDerivAt_heatFlow_apply (attempt 1)
14:51:42 thm:BookProof_ChapterSirkDiffusiveDecay_hasDerivAt_heatFlow_apply: FAIL (publish FAILED: formal statement does not compile: unknown import: Definitions.Def_ChapterSirkDiffusiveDecay. No such definition exists in this Lean e)
14:51:42 processing thm:BookProof_ChapterSirkDiffusiveDecay_hasDerivAt_heatFlow_normSq (attempt 1)
14:51:58 thm:BookProof_ChapterSirkDiffusiveDecay_hasDerivAt_heatFlow_normSq: FAIL (publish FAILED: formal statement does not compile: unknown import: Definitions.Def_ChapterSirkDiffusiveDecay. No such definition exists in this Lean e)
14:51:58 processing thm:BookProof_ChapterSirkDiffusiveDecay_heatFlow_apply_comm (attempt 1)
14:52:16 thm:BookProof_ChapterSirkDiffusiveDecay_heatFlow_apply_comm: FAIL (publish FAILED: formal statement does not compile: unknown import: Definitions.Def_ChapterSirkDiffusiveDecay. No such definition exists in this Lean e)
14:52:16 processing thm:BookProof_ChapterSirkDiffusiveDecay_heatFlow_zero (attempt 1)
14:52:32 thm:BookProof_ChapterSirkDiffusiveDecay_heatFlow_zero: FAIL (publish FAILED: formal statement does not compile: unknown import: Definitions.Def_ChapterSirkDiffusiveDecay. No such definition exists in this Lean e)
14:52:32 processing thm:BookProof_ChapterSirkDiffusiveDecay_isCoercive_add_algebraMap (attempt 1)
14:52:49 thm:BookProof_ChapterSirkDiffusiveDecay_isCoercive_add_algebraMap: FAIL (publish FAILED: formal statement does not compile: unknown import: Definitions.Def_ChapterSirkDiffusiveDecay. No such definition exists in this Lean e)
14:52:49 processing thm:BookProof_ChapterSirkDiffusiveDecay_isCoercive_compress (attempt 1)
14:53:06 thm:BookProof_ChapterSirkDiffusiveDecay_isCoercive_compress: FAIL (publish FAILED: formal statement does not compile: unknown import: Definitions.Def_ChapterSirkDiffusiveDecay. No such definition exists in this Lean e)
14:53:06 processing thm:BookProof_ChapterSirkDiffusiveDecay_norm_embedding (attempt 1)
14:53:23 thm:BookProof_ChapterSirkDiffusiveDecay_norm_embedding: FAIL (publish FAILED: formal statement does not compile: unknown import: Definitions.Def_ChapterSirkDiffusiveDecay. No such definition exists in this Lean e)
14:53:23 processing thm:BookProof_ChapterSirkDiffusiveDecay_norm_heatFlow_apply_le (attempt 1)
14:53:40 thm:BookProof_ChapterSirkDiffusiveDecay_norm_heatFlow_apply_le: FAIL (publish FAILED: formal statement does not compile: unknown import: Definitions.Def_ChapterSirkDiffusiveDecay. No such definition exists in this Lean e)
14:53:40 processing thm:BookProof_ChapterSirkDiffusiveDecay_norm_heatFlow_compress_apply_le (attempt 1)
14:53:56 thm:BookProof_ChapterSirkDiffusiveDecay_norm_heatFlow_compress_apply_le: FAIL (publish FAILED: formal statement does not compile: unknown import: Definitions.Def_ChapterSirkDiffusiveDecay. No such definition exists in this Lean e)
14:53:56 processing thm:BookProof_ChapterSirkDiffusiveDecay_norm_heatFlow_le (attempt 1)
14:54:13 thm:BookProof_ChapterSirkDiffusiveDecay_norm_heatFlow_le: FAIL (publish FAILED: formal statement does not compile: unknown import: Definitions.Def_ChapterSirkDiffusiveDecay. No such definition exists in this Lean e)
14:54:13 processing thm:BookProof_ChapterSirkEndToEnd_crouzeix_domain_transfer (attempt 1)
14:54:16 thm:BookProof_ChapterSirkEndToEnd_crouzeix_domain_transfer: FAIL (local compile failed: /home/leo/prove2me_workspace/Theorems/Thm_BookProof_ChapterSirkEndToEnd_crouzeix_domain_transfer.lean:28:10: error: Function exp)
14:54:16 processing thm:BookProof_ChapterSirkEndToEnd_crouzeix_domain_uniform (attempt 1)
14:54:20 thm:BookProof_ChapterSirkEndToEnd_crouzeix_domain_uniform: FAIL (local compile failed: /home/leo/prove2me_workspace/Theorems/Thm_BookProof_ChapterSirkEndToEnd_crouzeix_domain_uniform.lean:28:20: error: Function expe)
14:54:20 processing thm:BookProof_ChapterSirkEndToEnd_norm_sirkApprox_apply_le (attempt 1)
14:54:37 thm:BookProof_ChapterSirkEndToEnd_norm_sirkApprox_apply_le: FAIL (publish FAILED: formal statement does not compile: unknown import: Definitions.Def_ChapterSirkEndToEnd. No such definition exists in this Lean environ)
14:54:37 processing thm:BookProof_ChapterSirkEndToEnd_norm_sirkApprox_apply_le_of_isometry (attempt 1)
14:54:54 thm:BookProof_ChapterSirkEndToEnd_norm_sirkApprox_apply_le_of_isometry: FAIL (publish FAILED: formal statement does not compile: unknown import: Definitions.Def_ChapterSirkEndToEnd. No such definition exists in this Lean environ)
14:54:54 processing thm:BookProof_ChapterSirkEndToEnd_sirkApprox_apply (attempt 1)
14:55:11 thm:BookProof_ChapterSirkEndToEnd_sirkApprox_apply: FAIL (publish FAILED: formal statement does not compile: unknown import: Definitions.Def_ChapterSirkEndToEnd. No such definition exists in this Lean environ)
14:55:11 processing thm:BookProof_ChapterSirkEndToEnd_sirkApprox_id (attempt 1)
14:55:29 thm:BookProof_ChapterSirkEndToEnd_sirkApprox_id: FAIL (publish FAILED: formal statement does not compile: unknown import: Definitions.Def_ChapterSirkEndToEnd. No such definition exists in this Lean environ)
14:55:29 processing thm:BookProof_ChapterSirkEndToEnd_sirkReconstruction_isIdempotent (attempt 1)
14:55:46 thm:BookProof_ChapterSirkEndToEnd_sirkReconstruction_isIdempotent: FAIL (publish FAILED: formal statement does not compile: unknown import: Definitions.Def_ChapterSirkEndToEnd. No such definition exists in this Lean environ)
14:55:46 processing thm:BookProof_ChapterSirkEndToEnd_sirkReconstruction_isSelfAdjoint (attempt 1)
14:56:05 thm:BookProof_ChapterSirkEndToEnd_sirkReconstruction_isSelfAdjoint: FAIL (publish FAILED: formal statement does not compile: unknown import: Definitions.Def_ChapterSirkEndToEnd. No such definition exists in this Lean environ)
14:56:05 processing thm:BookProof_ChapterSirkEndToEnd_sirk_end_to_end (attempt 1)
14:56:08 thm:BookProof_ChapterSirkEndToEnd_sirk_end_to_end: FAIL (local compile failed: /home/leo/prove2me_workspace/Theorems/Thm_BookProof_ChapterSirkEndToEnd_sirk_end_to_end.lean:43:37: error: Function expected at
)
14:56:08 processing thm:BookProof_ChapterSirkEndToEnd_sirk_end_to_end_satisfiable (attempt 1)
14:56:12 thm:BookProof_ChapterSirkEndToEnd_sirk_end_to_end_satisfiable: FAIL (local compile failed: /home/leo/prove2me_workspace/Theorems/Thm_BookProof_ChapterSirkEndToEnd_sirk_end_to_end_satisfiable.lean:33:44: error: Function )
14:56:12 processing thm:BookProof_ChapterSirkEndToEnd_sirk_error_bound_at (attempt 1)
14:56:29 thm:BookProof_ChapterSirkEndToEnd_sirk_error_bound_at: FAIL (publish FAILED: formal statement does not compile: unknown import: Definitions.Def_ChapterSirkEndToEnd. No such definition exists in this Lean environ)
14:56:29 processing thm:BookProof_ChapterSirkEndToEnd_sirk_flow_error_tendsto_zero (attempt 1)
14:56:33 thm:BookProof_ChapterSirkEndToEnd_sirk_flow_error_tendsto_zero: FAIL (local compile failed: /home/leo/prove2me_workspace/Theorems/Thm_BookProof_ChapterSirkEndToEnd_sirk_flow_error_tendsto_zero.lean:31:60: error: Function)
14:56:33 processing thm:BookProof_ChapterSirkEndToEnd_sirk_flow_error_uniform_in_time (attempt 1)
14:56:36 thm:BookProof_ChapterSirkEndToEnd_sirk_flow_error_uniform_in_time: FAIL (local compile failed: /home/leo/prove2me_workspace/Theorems/Thm_BookProof_ChapterSirkEndToEnd_sirk_flow_error_uniform_in_time.lean:32:51: error: Funct)
14:56:36 processing thm:BookProof_ChapterSirkEndToEnd_tendsto_zero_of_le_sirkBound (attempt 1)
14:56:39 thm:BookProof_ChapterSirkEndToEnd_tendsto_zero_of_le_sirkBound: FAIL (local compile failed: /home/leo/prove2me_workspace/Theorems/Thm_BookProof_ChapterSirkEndToEnd_tendsto_zero_of_le_sirkBound.lean:27:47: error: Function)
14:56:39 processing thm:BookProof_ChapterSirkPerSystem_diagKR_sirk_crouzeix_domain (attempt 1)
14:56:40 thm:BookProof_ChapterSirkPerSystem_diagKR_sirk_crouzeix_domain: FAIL (local compile failed: /home/leo/prove2me_workspace/Theorems/Thm_BookProof_ChapterSirkPerSystem_diagKR_sirk_crouzeix_domain.lean:2:0: error: object fil)
14:56:40 processing thm:BookProof_ChapterSirkPerSystem_lagrangian_sirk_crouzeix_domain (attempt 1)
14:56:41 thm:BookProof_ChapterSirkPerSystem_lagrangian_sirk_crouzeix_domain: FAIL (local compile failed: /home/leo/prove2me_workspace/Theorems/Thm_BookProof_ChapterSirkPerSystem_lagrangian_sirk_crouzeix_domain.lean:2:0: error: object)
14:56:41 processing thm:BookProof_ChapterSirkPerSystem_nsDiff_sirk_crouzeix_domain (attempt 1)
14:56:43 thm:BookProof_ChapterSirkPerSystem_nsDiff_sirk_crouzeix_domain: FAIL (local compile failed: /home/leo/prove2me_workspace/Theorems/Thm_BookProof_ChapterSirkPerSystem_nsDiff_sirk_crouzeix_domain.lean:2:0: error: object fil)
14:56:43 processing thm:BookProof_ChapterSirkPerSystem_ns_sirk_crouzeix_domain (attempt 1)
14:56:44 thm:BookProof_ChapterSirkPerSystem_ns_sirk_crouzeix_domain: FAIL (local compile failed: /home/leo/prove2me_workspace/Theorems/Thm_BookProof_ChapterSirkPerSystem_ns_sirk_crouzeix_domain.lean:2:0: error: object file '/)
14:56:44 processing thm:BookProof_ChapterSirkPerSystem_qgR2_shiftInvert_selects (attempt 1)
14:56:45 thm:BookProof_ChapterSirkPerSystem_qgR2_shiftInvert_selects: FAIL (local compile failed: /home/leo/prove2me_workspace/Theorems/Thm_BookProof_ChapterSirkPerSystem_qgR2_shiftInvert_selects.lean:2:0: error: object file ')
14:56:45 processing thm:BookProof_ChapterSirkPerSystem_qgR2_sirk_crouzeix_domain (attempt 1)
14:56:47 thm:BookProof_ChapterSirkPerSystem_qgR2_sirk_crouzeix_domain: FAIL (local compile failed: /home/leo/prove2me_workspace/Theorems/Thm_BookProof_ChapterSirkPerSystem_qgR2_sirk_crouzeix_domain.lean:2:0: error: object file )
14:56:47 processing thm:BookProof_ChapterSirkPerSystem_ym_sirk_crouzeix_domain (attempt 1)
14:56:48 thm:BookProof_ChapterSirkPerSystem_ym_sirk_crouzeix_domain: FAIL (local compile failed: /home/leo/prove2me_workspace/Theorems/Thm_BookProof_ChapterSirkPerSystem_ym_sirk_crouzeix_domain.lean:2:0: error: object file '/)
14:56:48 processing thm:BookProof_ChapterSirkWhitening_adjoint_comp_rangeProj (attempt 1)
14:57:05 thm:BookProof_ChapterSirkWhitening_adjoint_comp_rangeProj: FAIL (publish FAILED: formal statement does not compile: unknown import: Definitions.Def_ChapterSirkWhitening. No such definition exists in this Lean enviro)
14:57:05 processing thm:BookProof_ChapterSirkWhitening_compress_conj_whitening (attempt 1)
14:57:21 thm:BookProof_ChapterSirkWhitening_compress_conj_whitening: FAIL (publish FAILED: formal statement does not compile: unknown import: Definitions.Def_ChapterSirkWhitening. No such definition exists in this Lean enviro)
14:57:21 processing thm:BookProof_ChapterSirkWhitening_compress_reconstruct_eq (attempt 1)
14:57:38 thm:BookProof_ChapterSirkWhitening_compress_reconstruct_eq: FAIL (publish FAILED: formal statement does not compile: unknown import: Definitions.Def_ChapterSirkWhitening. No such definition exists in this Lean enviro)
14:57:38 processing thm:BookProof_ChapterSirkWhitening_embedding_comp_whiteningEquiv (attempt 1)
14:57:55 thm:BookProof_ChapterSirkWhitening_embedding_comp_whiteningEquiv: FAIL (publish FAILED: formal statement does not compile: unknown import: Definitions.Def_ChapterSirkWhitening. No such definition exists in this Lean enviro)
14:57:55 processing thm:BookProof_ChapterSirkWhitening_rangeProj_adjoint (attempt 1)
14:58:11 thm:BookProof_ChapterSirkWhitening_rangeProj_adjoint: FAIL (publish FAILED: formal statement does not compile: unknown import: Definitions.Def_ChapterSirkWhitening. No such definition exists in this Lean enviro)
14:58:11 processing thm:BookProof_ChapterSirkWhitening_rangeProj_apply (attempt 1)
14:58:29 thm:BookProof_ChapterSirkWhitening_rangeProj_apply: FAIL (publish FAILED: formal statement does not compile: unknown import: Definitions.Def_ChapterSirkWhitening. No such definition exists in this Lean enviro)
14:58:29 processing thm:BookProof_ChapterSirkWhitening_rangeProj_comp_embedding (attempt 1)
14:58:47 thm:BookProof_ChapterSirkWhitening_rangeProj_comp_embedding: FAIL (publish FAILED: formal statement does not compile: unknown import: Definitions.Def_ChapterSirkWhitening. No such definition exists in this Lean enviro)
14:58:47 processing thm:BookProof_ChapterSirkWhitening_rangeProj_comp_of_le (attempt 1)
14:59:04 thm:BookProof_ChapterSirkWhitening_rangeProj_comp_of_le: FAIL (publish FAILED: formal statement does not compile: unknown import: Definitions.Def_ChapterSirkWhitening. No such definition exists in this Lean enviro)
14:59:04 processing thm:BookProof_ChapterSirkWhitening_rangeProj_comp_self (attempt 1)
14:59:26 thm:BookProof_ChapterSirkWhitening_rangeProj_comp_self: FAIL (publish FAILED: formal statement does not compile: unknown import: Definitions.Def_ChapterSirkWhitening. No such definition exists in this Lean enviro)
14:59:26 processing thm:BookProof_ChapterSirkWhitening_rangeProj_eq_of_range_eq (attempt 1)
14:59:43 thm:BookProof_ChapterSirkWhitening_rangeProj_eq_of_range_eq: FAIL (publish FAILED: formal statement does not compile: unknown import: Definitions.Def_ChapterSirkWhitening. No such definition exists in this Lean enviro)
14:59:43 processing thm:BookProof_ChapterSirkWhitening_rangeProj_isSelfAdjoint (attempt 1)
14:59:59 thm:BookProof_ChapterSirkWhitening_rangeProj_isSelfAdjoint: FAIL (publish FAILED: formal statement does not compile: unknown import: Definitions.Def_ChapterSirkWhitening. No such definition exists in this Lean enviro)
14:59:59 processing thm:BookProof_ChapterSirkWhitening_sirkApprox_eq_of_range_eq (attempt 1)
15:00:17 thm:BookProof_ChapterSirkWhitening_sirkApprox_eq_of_range_eq: FAIL (publish FAILED: formal statement does not compile: unknown import: Definitions.Def_ChapterSirkWhitening. No such definition exists in this Lean enviro)
15:00:17 processing thm:BookProof_ChapterSirkWhitening_whiteningEquiv_isometry (attempt 1)
15:00:33 thm:BookProof_ChapterSirkWhitening_whiteningEquiv_isometry: FAIL (publish FAILED: formal statement does not compile: unknown import: Definitions.Def_ChapterSirkWhitening. No such definition exists in this Lean enviro)
15:00:33 processing thm:BookProof_ChapterSirkWhitening_whiteningEquiv_left_inverse (attempt 1)
15:00:50 thm:BookProof_ChapterSirkWhitening_whiteningEquiv_left_inverse: FAIL (publish FAILED: formal statement does not compile: unknown import: Definitions.Def_ChapterSirkWhitening. No such definition exists in this Lean enviro)
15:00:50 processing sol:BookProof_ChapterSirkDiffusiveDecay_hasDerivAt_heatFlow_apply (attempt 1)
15:00:50 sol:BookProof_ChapterSirkDiffusiveDecay_hasDerivAt_heatFlow_apply: FAIL (theorem not published yet)
15:00:50 processing sol:BookProof_ChapterSirkDiffusiveDecay_hasDerivAt_heatFlow_normSq (attempt 1)
15:00:50 sol:BookProof_ChapterSirkDiffusiveDecay_hasDerivAt_heatFlow_normSq: FAIL (theorem not published yet)
15:00:50 processing sol:BookProof_ChapterSirkDiffusiveDecay_heatFlow_apply_comm (attempt 1)
15:00:50 sol:BookProof_ChapterSirkDiffusiveDecay_heatFlow_apply_comm: FAIL (theorem not published yet)
15:00:50 processing sol:BookProof_ChapterSirkDiffusiveDecay_heatFlow_zero (attempt 1)
15:00:50 sol:BookProof_ChapterSirkDiffusiveDecay_heatFlow_zero: FAIL (theorem not published yet)
15:00:50 processing sol:BookProof_ChapterSirkDiffusiveDecay_isCoercive_add_algebraMap (attempt 1)
15:00:50 sol:BookProof_ChapterSirkDiffusiveDecay_isCoercive_add_algebraMap: FAIL (theorem not published yet)
15:00:50 processing sol:BookProof_ChapterSirkDiffusiveDecay_isCoercive_compress (attempt 1)
15:00:50 sol:BookProof_ChapterSirkDiffusiveDecay_isCoercive_compress: FAIL (theorem not published yet)
15:00:50 processing sol:BookProof_ChapterSirkDiffusiveDecay_norm_embedding (attempt 1)
15:00:50 sol:BookProof_ChapterSirkDiffusiveDecay_norm_embedding: FAIL (theorem not published yet)
15:00:50 processing sol:BookProof_ChapterSirkDiffusiveDecay_norm_heatFlow_apply_le (attempt 1)
15:00:50 sol:BookProof_ChapterSirkDiffusiveDecay_norm_heatFlow_apply_le: FAIL (theorem not published yet)
15:00:50 processing sol:BookProof_ChapterSirkDiffusiveDecay_norm_heatFlow_compress_apply_le (attempt 1)
15:00:50 sol:BookProof_ChapterSirkDiffusiveDecay_norm_heatFlow_compress_apply_le: FAIL (theorem not published yet)
15:00:50 processing sol:BookProof_ChapterSirkDiffusiveDecay_norm_heatFlow_le (attempt 1)
15:00:50 sol:BookProof_ChapterSirkDiffusiveDecay_norm_heatFlow_le: FAIL (theorem not published yet)
15:00:50 processing sol:BookProof_ChapterSirkEndToEnd_crouzeix_domain_transfer (attempt 1)
15:00:50 sol:BookProof_ChapterSirkEndToEnd_crouzeix_domain_transfer: FAIL (theorem not published yet)
15:00:50 processing sol:BookProof_ChapterSirkEndToEnd_crouzeix_domain_uniform (attempt 1)
15:00:50 sol:BookProof_ChapterSirkEndToEnd_crouzeix_domain_uniform: FAIL (theorem not published yet)
15:00:50 processing sol:BookProof_ChapterSirkEndToEnd_norm_sirkApprox_apply_le (attempt 1)
15:00:50 sol:BookProof_ChapterSirkEndToEnd_norm_sirkApprox_apply_le: FAIL (theorem not published yet)
15:00:50 processing sol:BookProof_ChapterSirkEndToEnd_norm_sirkApprox_apply_le_of_isometry (attempt 1)
15:00:50 sol:BookProof_ChapterSirkEndToEnd_norm_sirkApprox_apply_le_of_isometry: FAIL (theorem not published yet)
15:00:50 processing sol:BookProof_ChapterSirkEndToEnd_sirkApprox_apply (attempt 1)
15:00:50 sol:BookProof_ChapterSirkEndToEnd_sirkApprox_apply: FAIL (theorem not published yet)
15:00:50 processing sol:BookProof_ChapterSirkEndToEnd_sirkApprox_id (attempt 1)
15:00:50 sol:BookProof_ChapterSirkEndToEnd_sirkApprox_id: FAIL (theorem not published yet)
15:00:50 processing sol:BookProof_ChapterSirkEndToEnd_sirkReconstruction_isIdempotent (attempt 1)
15:00:50 sol:BookProof_ChapterSirkEndToEnd_sirkReconstruction_isIdempotent: FAIL (theorem not published yet)
15:00:50 processing sol:BookProof_ChapterSirkEndToEnd_sirkReconstruction_isSelfAdjoint (attempt 1)
15:00:50 sol:BookProof_ChapterSirkEndToEnd_sirkReconstruction_isSelfAdjoint: FAIL (theorem not published yet)
15:00:50 processing sol:BookProof_ChapterSirkEndToEnd_sirk_end_to_end (attempt 1)
15:00:50 sol:BookProof_ChapterSirkEndToEnd_sirk_end_to_end: FAIL (theorem not published yet)
15:00:50 processing sol:BookProof_ChapterSirkEndToEnd_sirk_end_to_end_satisfiable (attempt 1)
15:00:50 sol:BookProof_ChapterSirkEndToEnd_sirk_end_to_end_satisfiable: FAIL (theorem not published yet)
15:00:50 processing sol:BookProof_ChapterSirkEndToEnd_sirk_error_bound_at (attempt 1)
15:00:50 sol:BookProof_ChapterSirkEndToEnd_sirk_error_bound_at: FAIL (theorem not published yet)
15:00:50 processing sol:BookProof_ChapterSirkEndToEnd_sirk_flow_error_tendsto_zero (attempt 1)
15:00:50 sol:BookProof_ChapterSirkEndToEnd_sirk_flow_error_tendsto_zero: FAIL (theorem not published yet)
15:00:50 processing sol:BookProof_ChapterSirkEndToEnd_sirk_flow_error_uniform_in_time (attempt 1)
15:00:50 sol:BookProof_ChapterSirkEndToEnd_sirk_flow_error_uniform_in_time: FAIL (theorem not published yet)
15:00:50 processing sol:BookProof_ChapterSirkEndToEnd_tendsto_zero_of_le_sirkBound (attempt 1)
15:00:50 sol:BookProof_ChapterSirkEndToEnd_tendsto_zero_of_le_sirkBound: FAIL (theorem not published yet)
15:00:50 processing sol:BookProof_ChapterSirkPerSystem_diagKR_sirk_crouzeix_domain (attempt 1)
15:00:50 sol:BookProof_ChapterSirkPerSystem_diagKR_sirk_crouzeix_domain: FAIL (theorem not published yet)
15:00:50 processing sol:BookProof_ChapterSirkPerSystem_lagrangian_sirk_crouzeix_domain (attempt 1)
15:00:50 sol:BookProof_ChapterSirkPerSystem_lagrangian_sirk_crouzeix_domain: FAIL (theorem not published yet)
15:00:50 processing sol:BookProof_ChapterSirkPerSystem_nsDiff_sirk_crouzeix_domain (attempt 1)
15:00:50 sol:BookProof_ChapterSirkPerSystem_nsDiff_sirk_crouzeix_domain: FAIL (theorem not published yet)
15:00:50 processing sol:BookProof_ChapterSirkPerSystem_ns_sirk_crouzeix_domain (attempt 1)
15:00:50 sol:BookProof_ChapterSirkPerSystem_ns_sirk_crouzeix_domain: FAIL (theorem not published yet)
15:00:50 processing sol:BookProof_ChapterSirkPerSystem_qgR2_shiftInvert_selects (attempt 1)
15:00:50 sol:BookProof_ChapterSirkPerSystem_qgR2_shiftInvert_selects: FAIL (theorem not published yet)
15:00:50 processing sol:BookProof_ChapterSirkPerSystem_qgR2_sirk_crouzeix_domain (attempt 1)
15:00:50 sol:BookProof_ChapterSirkPerSystem_qgR2_sirk_crouzeix_domain: FAIL (theorem not published yet)
15:00:50 processing sol:BookProof_ChapterSirkPerSystem_ym_sirk_crouzeix_domain (attempt 1)
15:00:50 sol:BookProof_ChapterSirkPerSystem_ym_sirk_crouzeix_domain: FAIL (theorem not published yet)
15:00:50 processing sol:BookProof_ChapterSirkWhitening_adjoint_comp_rangeProj (attempt 1)
15:00:50 sol:BookProof_ChapterSirkWhitening_adjoint_comp_rangeProj: FAIL (theorem not published yet)
15:00:50 processing sol:BookProof_ChapterSirkWhitening_compress_conj_whitening (attempt 1)
15:00:50 sol:BookProof_ChapterSirkWhitening_compress_conj_whitening: FAIL (theorem not published yet)
15:00:50 processing sol:BookProof_ChapterSirkWhitening_compress_reconstruct_eq (attempt 1)
15:00:50 sol:BookProof_ChapterSirkWhitening_compress_reconstruct_eq: FAIL (theorem not published yet)
15:00:50 processing sol:BookProof_ChapterSirkWhitening_embedding_comp_whiteningEquiv (attempt 1)
15:00:50 sol:BookProof_ChapterSirkWhitening_embedding_comp_whiteningEquiv: FAIL (theorem not published yet)
15:00:50 processing sol:BookProof_ChapterSirkWhitening_rangeProj_adjoint (attempt 1)
15:00:50 sol:BookProof_ChapterSirkWhitening_rangeProj_adjoint: FAIL (theorem not published yet)
15:00:50 processing sol:BookProof_ChapterSirkWhitening_rangeProj_apply (attempt 1)
15:00:50 sol:BookProof_ChapterSirkWhitening_rangeProj_apply: FAIL (theorem not published yet)
15:00:50 processing sol:BookProof_ChapterSirkWhitening_rangeProj_comp_embedding (attempt 1)
15:00:50 sol:BookProof_ChapterSirkWhitening_rangeProj_comp_embedding: FAIL (theorem not published yet)
15:00:50 processing sol:BookProof_ChapterSirkWhitening_rangeProj_comp_of_le (attempt 1)
15:00:50 sol:BookProof_ChapterSirkWhitening_rangeProj_comp_of_le: FAIL (theorem not published yet)
15:00:50 processing sol:BookProof_ChapterSirkWhitening_rangeProj_comp_self (attempt 1)
15:00:50 sol:BookProof_ChapterSirkWhitening_rangeProj_comp_self: FAIL (theorem not published yet)
15:00:50 processing sol:BookProof_ChapterSirkWhitening_rangeProj_eq_of_range_eq (attempt 1)
15:00:50 sol:BookProof_ChapterSirkWhitening_rangeProj_eq_of_range_eq: FAIL (theorem not published yet)
15:00:50 processing sol:BookProof_ChapterSirkWhitening_rangeProj_isSelfAdjoint (attempt 1)
15:00:50 sol:BookProof_ChapterSirkWhitening_rangeProj_isSelfAdjoint: FAIL (theorem not published yet)
15:00:50 processing sol:BookProof_ChapterSirkWhitening_sirkApprox_eq_of_range_eq (attempt 1)
15:00:50 sol:BookProof_ChapterSirkWhitening_sirkApprox_eq_of_range_eq: FAIL (theorem not published yet)
15:00:50 processing sol:BookProof_ChapterSirkWhitening_whiteningEquiv_isometry (attempt 1)
15:00:50 sol:BookProof_ChapterSirkWhitening_whiteningEquiv_isometry: FAIL (theorem not published yet)
15:00:50 processing sol:BookProof_ChapterSirkWhitening_whiteningEquiv_left_inverse (attempt 1)
15:00:50 sol:BookProof_ChapterSirkWhitening_whiteningEquiv_left_inverse: FAIL (theorem not published yet)
15:00:50 summary: 320 done, 95 pending, 2 failed
16:49:42 processing def:ChapterSirkWhitening (attempt 3)
16:50:07 def:ChapterSirkWhitening: FAIL (publish FAILED: definition does not compile: unknown import: Definitions.Def_ChapterH4. No such definition exists in this Lean environment (mathlib 0d)
16:50:07 processing def:ChapterSirkPerSystem (attempt 3)
16:50:09 def:ChapterSirkPerSystem: FAIL (local compile failed: /home/leo/prove2me_workspace/Definitions/Def_ChapterSirkPerSystem.lean:1:0: error: object file '/home/leo/prove2me_workspace/.la)
16:50:09 processing def:ChapterYangMillsHermite (attempt 3)
16:50:09 def:ChapterYangMillsHermite: FAIL (local compile failed: /home/leo/prove2me_workspace/Definitions/Def_ChapterYangMillsHermite.lean:1:0: error: object file '/home/leo/prove2me_workspace/)
16:50:09 processing def:ChapterSirkEndToEnd (attempt 3)
16:50:35 def:ChapterSirkEndToEnd: FAIL (publish FAILED: definition does not compile: unknown import: Definitions.Def_ChapterH4. No such definition exists in this Lean environment (mathlib 0d)
16:50:35 processing def:ChapterSirkDiffusiveDecay (attempt 3)
16:51:02 def:ChapterSirkDiffusiveDecay: FAIL (publish FAILED: definition does not compile: unknown import: Definitions.Def_ChapterH4. No such definition exists in this Lean environment (mathlib 0d)
16:51:02 processing thm:BookProof_ChapterSirkDiffusiveDecay_hasDerivAt_heatFlow_apply (attempt 2)
16:51:27 thm:BookProof_ChapterSirkDiffusiveDecay_hasDerivAt_heatFlow_apply: FAIL (publish FAILED: formal statement does not compile: unknown import: Definitions.Def_ChapterSirkDiffusiveDecay. No such definition exists in this Lean e)
16:51:27 processing thm:BookProof_ChapterSirkDiffusiveDecay_hasDerivAt_heatFlow_normSq (attempt 2)
16:51:53 thm:BookProof_ChapterSirkDiffusiveDecay_hasDerivAt_heatFlow_normSq: FAIL (publish FAILED: formal statement does not compile: unknown import: Definitions.Def_ChapterSirkDiffusiveDecay. No such definition exists in this Lean e)
16:51:53 processing thm:BookProof_ChapterSirkDiffusiveDecay_heatFlow_apply_comm (attempt 2)
16:52:18 thm:BookProof_ChapterSirkDiffusiveDecay_heatFlow_apply_comm: FAIL (publish FAILED: formal statement does not compile: unknown import: Definitions.Def_ChapterSirkDiffusiveDecay. No such definition exists in this Lean e)
16:52:18 processing thm:BookProof_ChapterSirkDiffusiveDecay_heatFlow_zero (attempt 2)
16:52:43 thm:BookProof_ChapterSirkDiffusiveDecay_heatFlow_zero: FAIL (publish FAILED: formal statement does not compile: unknown import: Definitions.Def_ChapterSirkDiffusiveDecay. No such definition exists in this Lean e)
16:52:43 processing thm:BookProof_ChapterSirkDiffusiveDecay_isCoercive_add_algebraMap (attempt 2)
16:53:08 thm:BookProof_ChapterSirkDiffusiveDecay_isCoercive_add_algebraMap: FAIL (publish FAILED: formal statement does not compile: unknown import: Definitions.Def_ChapterSirkDiffusiveDecay. No such definition exists in this Lean e)
16:53:08 processing thm:BookProof_ChapterSirkDiffusiveDecay_isCoercive_compress (attempt 2)
16:53:33 thm:BookProof_ChapterSirkDiffusiveDecay_isCoercive_compress: FAIL (publish FAILED: formal statement does not compile: unknown import: Definitions.Def_ChapterSirkDiffusiveDecay. No such definition exists in this Lean e)
16:53:33 processing thm:BookProof_ChapterSirkDiffusiveDecay_norm_embedding (attempt 2)
16:53:57 thm:BookProof_ChapterSirkDiffusiveDecay_norm_embedding: FAIL (publish FAILED: formal statement does not compile: unknown import: Definitions.Def_ChapterSirkDiffusiveDecay. No such definition exists in this Lean e)
16:53:57 processing thm:BookProof_ChapterSirkDiffusiveDecay_norm_heatFlow_apply_le (attempt 2)
16:54:22 thm:BookProof_ChapterSirkDiffusiveDecay_norm_heatFlow_apply_le: FAIL (publish FAILED: formal statement does not compile: unknown import: Definitions.Def_ChapterSirkDiffusiveDecay. No such definition exists in this Lean e)
16:54:22 processing thm:BookProof_ChapterSirkDiffusiveDecay_norm_heatFlow_compress_apply_le (attempt 2)
16:54:47 thm:BookProof_ChapterSirkDiffusiveDecay_norm_heatFlow_compress_apply_le: FAIL (publish FAILED: formal statement does not compile: unknown import: Definitions.Def_ChapterSirkDiffusiveDecay. No such definition exists in this Lean e)
16:54:47 processing thm:BookProof_ChapterSirkDiffusiveDecay_norm_heatFlow_le (attempt 2)
16:55:17 thm:BookProof_ChapterSirkDiffusiveDecay_norm_heatFlow_le: FAIL (publish FAILED: formal statement does not compile: unknown import: Definitions.Def_ChapterSirkDiffusiveDecay. No such definition exists in this Lean e)
16:55:17 processing thm:BookProof_ChapterSirkEndToEnd_crouzeix_domain_transfer (attempt 2)
16:55:20 thm:BookProof_ChapterSirkEndToEnd_crouzeix_domain_transfer: FAIL (local compile failed: /home/leo/prove2me_workspace/Theorems/Thm_BookProof_ChapterSirkEndToEnd_crouzeix_domain_transfer.lean:28:10: error: Function exp)
16:55:20 processing thm:BookProof_ChapterSirkEndToEnd_crouzeix_domain_uniform (attempt 2)
16:55:23 thm:BookProof_ChapterSirkEndToEnd_crouzeix_domain_uniform: FAIL (local compile failed: /home/leo/prove2me_workspace/Theorems/Thm_BookProof_ChapterSirkEndToEnd_crouzeix_domain_uniform.lean:28:20: error: Function expe)
16:55:23 processing thm:BookProof_ChapterSirkEndToEnd_norm_sirkApprox_apply_le (attempt 2)
16:55:48 thm:BookProof_ChapterSirkEndToEnd_norm_sirkApprox_apply_le: FAIL (publish FAILED: formal statement does not compile: unknown import: Definitions.Def_ChapterSirkEndToEnd. No such definition exists in this Lean environ)
16:55:48 processing thm:BookProof_ChapterSirkEndToEnd_norm_sirkApprox_apply_le_of_isometry (attempt 2)
16:56:13 thm:BookProof_ChapterSirkEndToEnd_norm_sirkApprox_apply_le_of_isometry: FAIL (publish FAILED: formal statement does not compile: unknown import: Definitions.Def_ChapterSirkEndToEnd. No such definition exists in this Lean environ)
16:56:13 processing thm:BookProof_ChapterSirkEndToEnd_sirkApprox_apply (attempt 2)
16:56:38 thm:BookProof_ChapterSirkEndToEnd_sirkApprox_apply: FAIL (publish FAILED: formal statement does not compile: unknown import: Definitions.Def_ChapterSirkEndToEnd. No such definition exists in this Lean environ)
16:56:38 processing thm:BookProof_ChapterSirkEndToEnd_sirkApprox_id (attempt 2)
16:57:03 thm:BookProof_ChapterSirkEndToEnd_sirkApprox_id: FAIL (publish FAILED: formal statement does not compile: unknown import: Definitions.Def_ChapterSirkEndToEnd. No such definition exists in this Lean environ)
16:57:03 processing thm:BookProof_ChapterSirkEndToEnd_sirkReconstruction_isIdempotent (attempt 2)
16:57:28 thm:BookProof_ChapterSirkEndToEnd_sirkReconstruction_isIdempotent: FAIL (publish FAILED: formal statement does not compile: unknown import: Definitions.Def_ChapterSirkEndToEnd. No such definition exists in this Lean environ)
16:57:28 processing thm:BookProof_ChapterSirkEndToEnd_sirkReconstruction_isSelfAdjoint (attempt 2)
16:57:54 thm:BookProof_ChapterSirkEndToEnd_sirkReconstruction_isSelfAdjoint: FAIL (publish FAILED: formal statement does not compile: unknown import: Definitions.Def_ChapterSirkEndToEnd. No such definition exists in this Lean environ)
16:57:54 processing thm:BookProof_ChapterSirkEndToEnd_sirk_end_to_end (attempt 2)
16:57:58 thm:BookProof_ChapterSirkEndToEnd_sirk_end_to_end: FAIL (local compile failed: /home/leo/prove2me_workspace/Theorems/Thm_BookProof_ChapterSirkEndToEnd_sirk_end_to_end.lean:43:37: error: Function expected at
)
16:57:58 processing thm:BookProof_ChapterSirkEndToEnd_sirk_end_to_end_satisfiable (attempt 2)
16:58:01 thm:BookProof_ChapterSirkEndToEnd_sirk_end_to_end_satisfiable: FAIL (local compile failed: /home/leo/prove2me_workspace/Theorems/Thm_BookProof_ChapterSirkEndToEnd_sirk_end_to_end_satisfiable.lean:33:44: error: Function )
16:58:01 processing thm:BookProof_ChapterSirkEndToEnd_sirk_error_bound_at (attempt 2)
16:58:28 thm:BookProof_ChapterSirkEndToEnd_sirk_error_bound_at: FAIL (publish FAILED: formal statement does not compile: unknown import: Definitions.Def_ChapterSirkEndToEnd. No such definition exists in this Lean environ)
16:58:28 processing thm:BookProof_ChapterSirkEndToEnd_sirk_flow_error_tendsto_zero (attempt 2)
16:58:31 thm:BookProof_ChapterSirkEndToEnd_sirk_flow_error_tendsto_zero: FAIL (local compile failed: /home/leo/prove2me_workspace/Theorems/Thm_BookProof_ChapterSirkEndToEnd_sirk_flow_error_tendsto_zero.lean:31:60: error: Function)
16:58:31 processing thm:BookProof_ChapterSirkEndToEnd_sirk_flow_error_uniform_in_time (attempt 2)
16:58:35 thm:BookProof_ChapterSirkEndToEnd_sirk_flow_error_uniform_in_time: FAIL (local compile failed: /home/leo/prove2me_workspace/Theorems/Thm_BookProof_ChapterSirkEndToEnd_sirk_flow_error_uniform_in_time.lean:32:51: error: Funct)
16:58:35 processing thm:BookProof_ChapterSirkEndToEnd_tendsto_zero_of_le_sirkBound (attempt 2)
16:58:38 thm:BookProof_ChapterSirkEndToEnd_tendsto_zero_of_le_sirkBound: FAIL (local compile failed: /home/leo/prove2me_workspace/Theorems/Thm_BookProof_ChapterSirkEndToEnd_tendsto_zero_of_le_sirkBound.lean:27:47: error: Function)
16:58:38 processing thm:BookProof_ChapterSirkPerSystem_diagKR_sirk_crouzeix_domain (attempt 2)
16:58:39 thm:BookProof_ChapterSirkPerSystem_diagKR_sirk_crouzeix_domain: FAIL (local compile failed: /home/leo/prove2me_workspace/Theorems/Thm_BookProof_ChapterSirkPerSystem_diagKR_sirk_crouzeix_domain.lean:2:0: error: object fil)
16:58:39 processing thm:BookProof_ChapterSirkPerSystem_lagrangian_sirk_crouzeix_domain (attempt 2)
16:58:40 thm:BookProof_ChapterSirkPerSystem_lagrangian_sirk_crouzeix_domain: FAIL (local compile failed: /home/leo/prove2me_workspace/Theorems/Thm_BookProof_ChapterSirkPerSystem_lagrangian_sirk_crouzeix_domain.lean:2:0: error: object)
16:58:40 processing thm:BookProof_ChapterSirkPerSystem_nsDiff_sirk_crouzeix_domain (attempt 2)
16:58:42 thm:BookProof_ChapterSirkPerSystem_nsDiff_sirk_crouzeix_domain: FAIL (local compile failed: /home/leo/prove2me_workspace/Theorems/Thm_BookProof_ChapterSirkPerSystem_nsDiff_sirk_crouzeix_domain.lean:2:0: error: object fil)
16:58:42 processing thm:BookProof_ChapterSirkPerSystem_ns_sirk_crouzeix_domain (attempt 2)
16:58:43 thm:BookProof_ChapterSirkPerSystem_ns_sirk_crouzeix_domain: FAIL (local compile failed: /home/leo/prove2me_workspace/Theorems/Thm_BookProof_ChapterSirkPerSystem_ns_sirk_crouzeix_domain.lean:2:0: error: object file '/)
16:58:43 processing thm:BookProof_ChapterSirkPerSystem_qgR2_shiftInvert_selects (attempt 2)
16:58:44 thm:BookProof_ChapterSirkPerSystem_qgR2_shiftInvert_selects: FAIL (local compile failed: /home/leo/prove2me_workspace/Theorems/Thm_BookProof_ChapterSirkPerSystem_qgR2_shiftInvert_selects.lean:2:0: error: object file ')
16:58:44 processing thm:BookProof_ChapterSirkPerSystem_qgR2_sirk_crouzeix_domain (attempt 2)
16:58:46 thm:BookProof_ChapterSirkPerSystem_qgR2_sirk_crouzeix_domain: FAIL (local compile failed: /home/leo/prove2me_workspace/Theorems/Thm_BookProof_ChapterSirkPerSystem_qgR2_sirk_crouzeix_domain.lean:2:0: error: object file )
16:58:46 processing thm:BookProof_ChapterSirkPerSystem_ym_sirk_crouzeix_domain (attempt 2)
16:58:47 thm:BookProof_ChapterSirkPerSystem_ym_sirk_crouzeix_domain: FAIL (local compile failed: /home/leo/prove2me_workspace/Theorems/Thm_BookProof_ChapterSirkPerSystem_ym_sirk_crouzeix_domain.lean:2:0: error: object file '/)
16:58:47 processing thm:BookProof_ChapterSirkWhitening_adjoint_comp_rangeProj (attempt 2)
16:59:12 thm:BookProof_ChapterSirkWhitening_adjoint_comp_rangeProj: FAIL (publish FAILED: formal statement does not compile: unknown import: Definitions.Def_ChapterSirkWhitening. No such definition exists in this Lean enviro)
16:59:12 processing thm:BookProof_ChapterSirkWhitening_compress_conj_whitening (attempt 2)
16:59:39 thm:BookProof_ChapterSirkWhitening_compress_conj_whitening: FAIL (publish FAILED: formal statement does not compile: unknown import: Definitions.Def_ChapterSirkWhitening. No such definition exists in this Lean enviro)
16:59:39 processing thm:BookProof_ChapterSirkWhitening_compress_reconstruct_eq (attempt 2)
17:00:05 thm:BookProof_ChapterSirkWhitening_compress_reconstruct_eq: FAIL (publish FAILED: formal statement does not compile: unknown import: Definitions.Def_ChapterSirkWhitening. No such definition exists in this Lean enviro)
17:00:05 processing thm:BookProof_ChapterSirkWhitening_embedding_comp_whiteningEquiv (attempt 2)
17:00:33 thm:BookProof_ChapterSirkWhitening_embedding_comp_whiteningEquiv: FAIL (publish FAILED: formal statement does not compile: unknown import: Definitions.Def_ChapterSirkWhitening. No such definition exists in this Lean enviro)
17:00:33 processing thm:BookProof_ChapterSirkWhitening_rangeProj_adjoint (attempt 2)
17:01:20 thm:BookProof_ChapterSirkWhitening_rangeProj_adjoint: FAIL (publish FAILED: formal statement does not compile: unknown import: Definitions.Def_ChapterSirkWhitening. No such definition exists in this Lean enviro)
17:01:20 processing thm:BookProof_ChapterSirkWhitening_rangeProj_apply (attempt 2)
17:01:49 thm:BookProof_ChapterSirkWhitening_rangeProj_apply: FAIL (publish FAILED: formal statement does not compile: unknown import: Definitions.Def_ChapterSirkWhitening. No such definition exists in this Lean enviro)
17:01:49 processing thm:BookProof_ChapterSirkWhitening_rangeProj_comp_embedding (attempt 2)
17:02:15 thm:BookProof_ChapterSirkWhitening_rangeProj_comp_embedding: FAIL (publish FAILED: formal statement does not compile: unknown import: Definitions.Def_ChapterSirkWhitening. No such definition exists in this Lean enviro)
17:02:15 processing thm:BookProof_ChapterSirkWhitening_rangeProj_comp_of_le (attempt 2)
17:02:40 thm:BookProof_ChapterSirkWhitening_rangeProj_comp_of_le: FAIL (publish FAILED: formal statement does not compile: unknown import: Definitions.Def_ChapterSirkWhitening. No such definition exists in this Lean enviro)
17:02:40 processing thm:BookProof_ChapterSirkWhitening_rangeProj_comp_self (attempt 2)
17:03:05 thm:BookProof_ChapterSirkWhitening_rangeProj_comp_self: FAIL (publish FAILED: formal statement does not compile: unknown import: Definitions.Def_ChapterSirkWhitening. No such definition exists in this Lean enviro)
17:03:05 processing thm:BookProof_ChapterSirkWhitening_rangeProj_eq_of_range_eq (attempt 2)
17:03:32 thm:BookProof_ChapterSirkWhitening_rangeProj_eq_of_range_eq: FAIL (publish FAILED: formal statement does not compile: unknown import: Definitions.Def_ChapterSirkWhitening. No such definition exists in this Lean enviro)
17:03:32 processing thm:BookProof_ChapterSirkWhitening_rangeProj_isSelfAdjoint (attempt 2)
17:03:57 thm:BookProof_ChapterSirkWhitening_rangeProj_isSelfAdjoint: FAIL (publish FAILED: formal statement does not compile: unknown import: Definitions.Def_ChapterSirkWhitening. No such definition exists in this Lean enviro)
17:03:57 processing thm:BookProof_ChapterSirkWhitening_sirkApprox_eq_of_range_eq (attempt 2)
17:04:22 thm:BookProof_ChapterSirkWhitening_sirkApprox_eq_of_range_eq: FAIL (publish FAILED: formal statement does not compile: unknown import: Definitions.Def_ChapterSirkWhitening. No such definition exists in this Lean enviro)
17:04:22 processing thm:BookProof_ChapterSirkWhitening_whiteningEquiv_isometry (attempt 2)
17:04:47 thm:BookProof_ChapterSirkWhitening_whiteningEquiv_isometry: FAIL (publish FAILED: formal statement does not compile: unknown import: Definitions.Def_ChapterSirkWhitening. No such definition exists in this Lean enviro)
17:04:47 processing thm:BookProof_ChapterSirkWhitening_whiteningEquiv_left_inverse (attempt 2)
17:05:12 thm:BookProof_ChapterSirkWhitening_whiteningEquiv_left_inverse: FAIL (publish FAILED: formal statement does not compile: unknown import: Definitions.Def_ChapterSirkWhitening. No such definition exists in this Lean enviro)
17:05:12 processing sol:BookProof_ChapterSirkDiffusiveDecay_hasDerivAt_heatFlow_apply (attempt 2)
17:05:12 sol:BookProof_ChapterSirkDiffusiveDecay_hasDerivAt_heatFlow_apply: FAIL (theorem not published yet)
17:05:12 processing sol:BookProof_ChapterSirkDiffusiveDecay_hasDerivAt_heatFlow_normSq (attempt 2)
17:05:12 sol:BookProof_ChapterSirkDiffusiveDecay_hasDerivAt_heatFlow_normSq: FAIL (theorem not published yet)
17:05:12 processing sol:BookProof_ChapterSirkDiffusiveDecay_heatFlow_apply_comm (attempt 2)
17:05:12 sol:BookProof_ChapterSirkDiffusiveDecay_heatFlow_apply_comm: FAIL (theorem not published yet)
17:05:12 processing sol:BookProof_ChapterSirkDiffusiveDecay_heatFlow_zero (attempt 2)
17:05:12 sol:BookProof_ChapterSirkDiffusiveDecay_heatFlow_zero: FAIL (theorem not published yet)
17:05:12 processing sol:BookProof_ChapterSirkDiffusiveDecay_isCoercive_add_algebraMap (attempt 2)
17:05:12 sol:BookProof_ChapterSirkDiffusiveDecay_isCoercive_add_algebraMap: FAIL (theorem not published yet)
17:05:12 processing sol:BookProof_ChapterSirkDiffusiveDecay_isCoercive_compress (attempt 2)
17:05:12 sol:BookProof_ChapterSirkDiffusiveDecay_isCoercive_compress: FAIL (theorem not published yet)
17:05:12 processing sol:BookProof_ChapterSirkDiffusiveDecay_norm_embedding (attempt 2)
17:05:12 sol:BookProof_ChapterSirkDiffusiveDecay_norm_embedding: FAIL (theorem not published yet)
17:05:12 processing sol:BookProof_ChapterSirkDiffusiveDecay_norm_heatFlow_apply_le (attempt 2)
17:05:12 sol:BookProof_ChapterSirkDiffusiveDecay_norm_heatFlow_apply_le: FAIL (theorem not published yet)
17:05:12 processing sol:BookProof_ChapterSirkDiffusiveDecay_norm_heatFlow_compress_apply_le (attempt 2)
17:05:12 sol:BookProof_ChapterSirkDiffusiveDecay_norm_heatFlow_compress_apply_le: FAIL (theorem not published yet)
17:05:12 processing sol:BookProof_ChapterSirkDiffusiveDecay_norm_heatFlow_le (attempt 2)
17:05:12 sol:BookProof_ChapterSirkDiffusiveDecay_norm_heatFlow_le: FAIL (theorem not published yet)
17:05:12 processing sol:BookProof_ChapterSirkEndToEnd_crouzeix_domain_transfer (attempt 2)
17:05:12 sol:BookProof_ChapterSirkEndToEnd_crouzeix_domain_transfer: FAIL (theorem not published yet)
17:05:12 processing sol:BookProof_ChapterSirkEndToEnd_crouzeix_domain_uniform (attempt 2)
17:05:12 sol:BookProof_ChapterSirkEndToEnd_crouzeix_domain_uniform: FAIL (theorem not published yet)
17:05:12 processing sol:BookProof_ChapterSirkEndToEnd_norm_sirkApprox_apply_le (attempt 2)
17:05:12 sol:BookProof_ChapterSirkEndToEnd_norm_sirkApprox_apply_le: FAIL (theorem not published yet)
17:05:12 processing sol:BookProof_ChapterSirkEndToEnd_norm_sirkApprox_apply_le_of_isometry (attempt 2)
17:05:12 sol:BookProof_ChapterSirkEndToEnd_norm_sirkApprox_apply_le_of_isometry: FAIL (theorem not published yet)
17:05:12 processing sol:BookProof_ChapterSirkEndToEnd_sirkApprox_apply (attempt 2)
17:05:12 sol:BookProof_ChapterSirkEndToEnd_sirkApprox_apply: FAIL (theorem not published yet)
17:05:12 processing sol:BookProof_ChapterSirkEndToEnd_sirkApprox_id (attempt 2)
17:05:12 sol:BookProof_ChapterSirkEndToEnd_sirkApprox_id: FAIL (theorem not published yet)
17:05:12 processing sol:BookProof_ChapterSirkEndToEnd_sirkReconstruction_isIdempotent (attempt 2)
17:05:12 sol:BookProof_ChapterSirkEndToEnd_sirkReconstruction_isIdempotent: FAIL (theorem not published yet)
17:05:12 processing sol:BookProof_ChapterSirkEndToEnd_sirkReconstruction_isSelfAdjoint (attempt 2)
17:05:12 sol:BookProof_ChapterSirkEndToEnd_sirkReconstruction_isSelfAdjoint: FAIL (theorem not published yet)
17:05:12 processing sol:BookProof_ChapterSirkEndToEnd_sirk_end_to_end (attempt 2)
17:05:12 sol:BookProof_ChapterSirkEndToEnd_sirk_end_to_end: FAIL (theorem not published yet)
17:05:12 processing sol:BookProof_ChapterSirkEndToEnd_sirk_end_to_end_satisfiable (attempt 2)
17:05:12 sol:BookProof_ChapterSirkEndToEnd_sirk_end_to_end_satisfiable: FAIL (theorem not published yet)
17:05:12 processing sol:BookProof_ChapterSirkEndToEnd_sirk_error_bound_at (attempt 2)
17:05:12 sol:BookProof_ChapterSirkEndToEnd_sirk_error_bound_at: FAIL (theorem not published yet)
17:05:12 processing sol:BookProof_ChapterSirkEndToEnd_sirk_flow_error_tendsto_zero (attempt 2)
17:05:12 sol:BookProof_ChapterSirkEndToEnd_sirk_flow_error_tendsto_zero: FAIL (theorem not published yet)
17:05:12 processing sol:BookProof_ChapterSirkEndToEnd_sirk_flow_error_uniform_in_time (attempt 2)
17:05:12 sol:BookProof_ChapterSirkEndToEnd_sirk_flow_error_uniform_in_time: FAIL (theorem not published yet)
17:05:12 processing sol:BookProof_ChapterSirkEndToEnd_tendsto_zero_of_le_sirkBound (attempt 2)
17:05:12 sol:BookProof_ChapterSirkEndToEnd_tendsto_zero_of_le_sirkBound: FAIL (theorem not published yet)
17:05:12 processing sol:BookProof_ChapterSirkPerSystem_diagKR_sirk_crouzeix_domain (attempt 2)
17:05:12 sol:BookProof_ChapterSirkPerSystem_diagKR_sirk_crouzeix_domain: FAIL (theorem not published yet)
17:05:12 processing sol:BookProof_ChapterSirkPerSystem_lagrangian_sirk_crouzeix_domain (attempt 2)
17:05:12 sol:BookProof_ChapterSirkPerSystem_lagrangian_sirk_crouzeix_domain: FAIL (theorem not published yet)
17:05:12 processing sol:BookProof_ChapterSirkPerSystem_nsDiff_sirk_crouzeix_domain (attempt 2)
17:05:12 sol:BookProof_ChapterSirkPerSystem_nsDiff_sirk_crouzeix_domain: FAIL (theorem not published yet)
17:05:12 processing sol:BookProof_ChapterSirkPerSystem_ns_sirk_crouzeix_domain (attempt 2)
17:05:12 sol:BookProof_ChapterSirkPerSystem_ns_sirk_crouzeix_domain: FAIL (theorem not published yet)
17:05:12 processing sol:BookProof_ChapterSirkPerSystem_qgR2_shiftInvert_selects (attempt 2)
17:05:12 sol:BookProof_ChapterSirkPerSystem_qgR2_shiftInvert_selects: FAIL (theorem not published yet)
17:05:12 processing sol:BookProof_ChapterSirkPerSystem_qgR2_sirk_crouzeix_domain (attempt 2)
17:05:12 sol:BookProof_ChapterSirkPerSystem_qgR2_sirk_crouzeix_domain: FAIL (theorem not published yet)
17:05:12 processing sol:BookProof_ChapterSirkPerSystem_ym_sirk_crouzeix_domain (attempt 2)
17:05:12 sol:BookProof_ChapterSirkPerSystem_ym_sirk_crouzeix_domain: FAIL (theorem not published yet)
17:05:12 processing sol:BookProof_ChapterSirkWhitening_adjoint_comp_rangeProj (attempt 2)
17:05:12 sol:BookProof_ChapterSirkWhitening_adjoint_comp_rangeProj: FAIL (theorem not published yet)
17:05:12 processing sol:BookProof_ChapterSirkWhitening_compress_conj_whitening (attempt 2)
17:05:12 sol:BookProof_ChapterSirkWhitening_compress_conj_whitening: FAIL (theorem not published yet)
17:05:12 processing sol:BookProof_ChapterSirkWhitening_compress_reconstruct_eq (attempt 2)
17:05:12 sol:BookProof_ChapterSirkWhitening_compress_reconstruct_eq: FAIL (theorem not published yet)
17:05:12 processing sol:BookProof_ChapterSirkWhitening_embedding_comp_whiteningEquiv (attempt 2)
17:05:12 sol:BookProof_ChapterSirkWhitening_embedding_comp_whiteningEquiv: FAIL (theorem not published yet)
17:05:12 processing sol:BookProof_ChapterSirkWhitening_rangeProj_adjoint (attempt 2)
17:05:12 sol:BookProof_ChapterSirkWhitening_rangeProj_adjoint: FAIL (theorem not published yet)
17:05:12 processing sol:BookProof_ChapterSirkWhitening_rangeProj_apply (attempt 2)
17:05:12 sol:BookProof_ChapterSirkWhitening_rangeProj_apply: FAIL (theorem not published yet)
17:05:12 processing sol:BookProof_ChapterSirkWhitening_rangeProj_comp_embedding (attempt 2)
17:05:12 sol:BookProof_ChapterSirkWhitening_rangeProj_comp_embedding: FAIL (theorem not published yet)
17:05:12 processing sol:BookProof_ChapterSirkWhitening_rangeProj_comp_of_le (attempt 2)
17:05:12 sol:BookProof_ChapterSirkWhitening_rangeProj_comp_of_le: FAIL (theorem not published yet)
17:05:12 processing sol:BookProof_ChapterSirkWhitening_rangeProj_comp_self (attempt 2)
17:05:12 sol:BookProof_ChapterSirkWhitening_rangeProj_comp_self: FAIL (theorem not published yet)
17:05:12 processing sol:BookProof_ChapterSirkWhitening_rangeProj_eq_of_range_eq (attempt 2)
17:05:12 sol:BookProof_ChapterSirkWhitening_rangeProj_eq_of_range_eq: FAIL (theorem not published yet)
17:05:12 processing sol:BookProof_ChapterSirkWhitening_rangeProj_isSelfAdjoint (attempt 2)
17:05:12 sol:BookProof_ChapterSirkWhitening_rangeProj_isSelfAdjoint: FAIL (theorem not published yet)
17:05:12 processing sol:BookProof_ChapterSirkWhitening_sirkApprox_eq_of_range_eq (attempt 2)
17:05:12 sol:BookProof_ChapterSirkWhitening_sirkApprox_eq_of_range_eq: FAIL (theorem not published yet)
17:05:12 processing sol:BookProof_ChapterSirkWhitening_whiteningEquiv_isometry (attempt 2)
17:05:12 sol:BookProof_ChapterSirkWhitening_whiteningEquiv_isometry: FAIL (theorem not published yet)
17:05:12 processing sol:BookProof_ChapterSirkWhitening_whiteningEquiv_left_inverse (attempt 2)
17:05:12 sol:BookProof_ChapterSirkWhitening_whiteningEquiv_left_inverse: FAIL (theorem not published yet)
17:05:12 summary: 320 done, 95 pending, 2 failed
18:19:59 processing def:ChapterYangMillsHermite (attempt 1)
18:20:01 def:ChapterYangMillsHermite: FAIL (local compile failed: /home/leo/prove2me_workspace/Definitions/Def_ChapterYangMillsHermite.lean:1:0: error: object file '/home/leo/prove2me_workspace/)
18:20:01 processing def:ChapterSirkWhitening (attempt 1)
18:20:07 def:ChapterSirkWhitening: FAIL (local compile failed: /home/leo/prove2me_workspace/Definitions/Def_ChapterSirkWhitening.lean:42:5: error: unknown namespace `BookProof.ChapterH4`
/hom)
18:20:07 processing def:ChapterSirkPerSystem (attempt 1)
18:20:08 def:ChapterSirkPerSystem: FAIL (local compile failed: /home/leo/prove2me_workspace/Definitions/Def_ChapterSirkPerSystem.lean:1:0: error: object file '/home/leo/prove2me_workspace/.la)
18:20:08 processing def:ChapterSirkEndToEnd (attempt 1)
18:20:09 def:ChapterSirkEndToEnd: FAIL (local compile failed: /home/leo/prove2me_workspace/Definitions/Def_ChapterSirkEndToEnd.lean:1:0: error: object file '/home/leo/prove2me_workspace/.lak)
18:20:09 processing def:ChapterSirkDiffusiveDecay (attempt 1)
18:20:15 def:ChapterSirkDiffusiveDecay: FAIL (local compile failed: /home/leo/prove2me_workspace/Definitions/Def_ChapterSirkDiffusiveDecay.lean:56:5: error: unknown namespace `BookProof.ChapterH4`)
18:20:15 processing def:ChapterYangMillsSU3 (attempt 1)
18:20:26 def:ChapterYangMillsSU3: FAIL (submit-definition rejected: {"error": "A theorem or definition with name \"ChapterYangMillsSU3\" already exists"})
18:20:26 processing def:ChapterSirkGroupTransfer (attempt 1)
18:20:35 def:ChapterSirkGroupTransfer: FAIL (submit-definition rejected: {"error": "A theorem or definition with name \"ChapterSirkGroupTransfer\" already exists"})
18:20:35 processing def:ChapterMajoranaProp76 (attempt 1)
18:20:45 def:ChapterMajoranaProp76: FAIL (submit-definition rejected: {"error": "A theorem or definition with name \"ChapterMajoranaProp76\" already exists"})
18:20:45 processing thm:BookProof_ChapterMajoranaProp76_LinearIsometryEquiv_isNote4Unitary (attempt 1)
18:20:48 thm:BookProof_ChapterMajoranaProp76_LinearIsometryEquiv_isNote4Unitary: FAIL (local compile failed: /home/leo/prove2me_workspace/Theorems/Thm_BookProof_ChapterMajoranaProp76_LinearIsometryEquiv_isNote4Unitary.lean:5:5: error: un)
18:20:48 processing thm:BookProof_ChapterMajoranaProp76_note4_comp (attempt 1)
18:20:58 thm:BookProof_ChapterMajoranaProp76_note4_comp: REUSING existing BookProof.ChapterMajoranaProp76.note4_comp (Proved) 32995b2f-d63a-4386-8931-e2e2407f4dfc
18:20:58 thm:BookProof_ChapterMajoranaProp76_note4_comp: DONE
18:20:58 processing thm:BookProof_ChapterMajoranaProp76_note4_conj (attempt 1)
18:21:06 thm:BookProof_ChapterMajoranaProp76_note4_conj: REUSING existing BookProof.ChapterMajoranaProp76.note4_conj (Proved) 1d96d635-0969-4ced-9029-f3cf12ca18fd
18:21:06 thm:BookProof_ChapterMajoranaProp76_note4_conj: DONE
18:21:06 processing thm:BookProof_ChapterMajoranaProp76_energyTransform_unitary (attempt 1)
18:21:13 thm:BookProof_ChapterMajoranaProp76_energyTransform_unitary: REUSING existing BookProof.ChapterMajoranaProp76.energyTransform_unitary (Proved) 8036f21d-dd9a-40e4-bcc2-09731bc29c60
18:21:13 thm:BookProof_ChapterMajoranaProp76_energyTransform_unitary: DONE
18:21:13 processing thm:BookProof_ChapterMajoranaProp76_energyMomentum_unitary (attempt 1)
18:21:20 thm:BookProof_ChapterMajoranaProp76_energyMomentum_unitary: REUSING existing BookProof.ChapterMajoranaProp76.energyMomentum_unitary (Proved) 77bb8464-b98a-4862-8ded-5f26f67f4d7c
18:21:20 thm:BookProof_ChapterMajoranaProp76_energyMomentum_unitary: DONE
18:21:20 processing thm:BookProof_ChapterMajoranaProp76_fourierTransform_isNote4Unitary (attempt 1)
18:21:28 thm:BookProof_ChapterMajoranaProp76_fourierTransform_isNote4Unitary: REUSING existing BookProof.ChapterMajoranaProp76.fourierTransform_isNote4Unitary (Proved) 2cdf5458-531e-46ef-a4e3-e76ff33a66c8
18:21:28 thm:BookProof_ChapterMajoranaProp76_fourierTransform_isNote4Unitary: DONE
18:21:28 processing thm:BookProof_ChapterMajoranaProp76_energyTransform_fourier_unitary (attempt 1)
18:21:35 thm:BookProof_ChapterMajoranaProp76_energyTransform_fourier_unitary: REUSING existing BookProof.ChapterMajoranaProp76.energyTransform_fourier_unitary (Proved) fd0c9b4c-df02-4afd-8937-07cc6ac02641
18:21:35 thm:BookProof_ChapterMajoranaProp76_energyTransform_fourier_unitary: DONE
18:21:35 processing thm:BookProof_YangMillsSU3_structureConstant_formula (attempt 1)
18:21:42 thm:BookProof_YangMillsSU3_structureConstant_formula: REUSING existing BookProof.YangMillsSU3.structureConstant_formula (Proved) 8408375f-dcdf-424c-ae96-42d43bab9cda
18:21:42 thm:BookProof_YangMillsSU3_structureConstant_formula: DONE
18:21:42 processing thm:BookProof_YangMillsSU3_structureConstant_antisymm_swap (attempt 1)
18:21:49 thm:BookProof_YangMillsSU3_structureConstant_antisymm_swap: REUSING existing BookProof.YangMillsSU3.structureConstant_antisymm_swap (Proved) b38a983c-7e44-4642-bfc9-4de6775e475f
18:21:49 thm:BookProof_YangMillsSU3_structureConstant_antisymm_swap: DONE
18:21:49 processing thm:BookProof_YangMillsSU3_structureConstant_antisymm_rotate (attempt 1)
18:21:56 thm:BookProof_YangMillsSU3_structureConstant_antisymm_rotate: REUSING existing BookProof.YangMillsSU3.structureConstant_antisymm_rotate (Proved) 9830ddf2-a286-4039-8297-4d4ca813f441
18:21:56 thm:BookProof_YangMillsSU3_structureConstant_antisymm_rotate: DONE
18:21:56 processing thm:BookProof_YangMillsSU3_structureConstant_totally_antisymmetric (attempt 1)
18:22:06 thm:BookProof_YangMillsSU3_structureConstant_totally_antisymmetric: REUSING existing BookProof.YangMillsSU3.structureConstant_totally_antisymmetric (Proved) c0082dd5-63b2-4da9-bc4b-25465d8db921
18:22:06 thm:BookProof_YangMillsSU3_structureConstant_totally_antisymmetric: DONE
18:22:06 processing thm:BookProof_YangMillsSU3_structureConstant_jacobi (attempt 1)
18:22:13 thm:BookProof_YangMillsSU3_structureConstant_jacobi: REUSING existing BookProof.YangMillsSU3.structureConstant_jacobi (Proved) dd2c01e2-c325-4320-91d1-8a821514ede5
18:22:13 thm:BookProof_YangMillsSU3_structureConstant_jacobi: DONE
18:22:13 processing thm:BookProof_ChapterSirkGroupTransfer_norm_pow_le_of_le (attempt 1)
18:22:16 thm:BookProof_ChapterSirkGroupTransfer_norm_pow_le_of_le: FAIL (cannot split formal_statement from /home/leo/prove2me_workspace/Theorems/Thm_BookProof_ChapterSirkGroupTransfer_norm_pow_le_of_le.lean)
18:22:16 processing thm:BookProof_ChapterSirkGroupTransfer_norm_pow_sub_pow_le (attempt 1)
18:22:20 thm:BookProof_ChapterSirkGroupTransfer_norm_pow_sub_pow_le: FAIL (cannot split formal_statement from /home/leo/prove2me_workspace/Theorems/Thm_BookProof_ChapterSirkGroupTransfer_norm_pow_sub_pow_le.lean)
18:22:20 processing thm:BookProof_ChapterSirkGroupTransfer_norm_exp_sub_exp_le (attempt 1)
18:22:27 thm:BookProof_ChapterSirkGroupTransfer_norm_exp_sub_exp_le: REUSING existing BookProof.ChapterSirkGroupTransfer.norm_exp_sub_exp_le (Proved) 273fe1c3-4d47-4bda-ac72-98bb554d5a51
18:22:27 thm:BookProof_ChapterSirkGroupTransfer_norm_exp_sub_exp_le: DONE
18:22:27 processing thm:BookProof_ChapterSirkGroupTransfer_groupFlow_zero (attempt 1)
18:22:30 thm:BookProof_ChapterSirkGroupTransfer_groupFlow_zero: FAIL (cannot split formal_statement from /home/leo/prove2me_workspace/Theorems/Thm_BookProof_ChapterSirkGroupTransfer_groupFlow_zero.lean)
18:22:30 processing thm:BookProof_ChapterSirkGroupTransfer_norm_groupFlow_sub_le (attempt 1)
18:22:38 thm:BookProof_ChapterSirkGroupTransfer_norm_groupFlow_sub_le: REUSING existing BookProof.ChapterSirkGroupTransfer.norm_groupFlow_sub_le (Proved) 86210964-62f0-4b3f-9b51-33473e7d48b1
18:22:38 thm:BookProof_ChapterSirkGroupTransfer_norm_groupFlow_sub_le: DONE
18:22:38 processing thm:BookProof_ChapterSirkGroupTransfer_groupFlow_transfer_uniform_on_interval (attempt 1)
18:22:46 thm:BookProof_ChapterSirkGroupTransfer_groupFlow_transfer_uniform_on_interval: REUSING existing BookProof.ChapterSirkGroupTransfer.groupFlow_transfer_uniform_on_interval (Proved) 9e6f40c3-b2be-4eaf-80fa-8c1ebafefbf9
18:22:46 thm:BookProof_ChapterSirkGroupTransfer_groupFlow_transfer_uniform_on_interval: DONE
18:22:46 processing thm:BookProof_ChapterSirkDiffusiveDecay_hasDerivAt_heatFlow_apply (attempt 1)
18:22:49 thm:BookProof_ChapterSirkDiffusiveDecay_hasDerivAt_heatFlow_apply: FAIL (local compile failed: /home/leo/prove2me_workspace/Theorems/Thm_BookProof_ChapterSirkDiffusiveDecay_hasDerivAt_heatFlow_apply.lean:17:5: error: unknow)
18:22:49 processing thm:BookProof_ChapterSirkDiffusiveDecay_hasDerivAt_heatFlow_normSq (attempt 1)
18:22:52 thm:BookProof_ChapterSirkDiffusiveDecay_hasDerivAt_heatFlow_normSq: FAIL (local compile failed: /home/leo/prove2me_workspace/Theorems/Thm_BookProof_ChapterSirkDiffusiveDecay_hasDerivAt_heatFlow_normSq.lean:17:5: error: unkno)
18:22:52 processing thm:BookProof_ChapterSirkDiffusiveDecay_heatFlow_apply_comm (attempt 1)
18:22:55 thm:BookProof_ChapterSirkDiffusiveDecay_heatFlow_apply_comm: FAIL (local compile failed: /home/leo/prove2me_workspace/Theorems/Thm_BookProof_ChapterSirkDiffusiveDecay_heatFlow_apply_comm.lean:17:5: error: unknown name)
18:22:55 processing thm:BookProof_ChapterSirkDiffusiveDecay_heatFlow_zero (attempt 1)
18:22:58 thm:BookProof_ChapterSirkDiffusiveDecay_heatFlow_zero: FAIL (local compile failed: /home/leo/prove2me_workspace/Theorems/Thm_BookProof_ChapterSirkDiffusiveDecay_heatFlow_zero.lean:17:5: error: unknown namespace )
18:22:58 processing thm:BookProof_ChapterSirkDiffusiveDecay_isCoercive_add_algebraMap (attempt 1)
18:23:01 thm:BookProof_ChapterSirkDiffusiveDecay_isCoercive_add_algebraMap: FAIL (local compile failed: /home/leo/prove2me_workspace/Theorems/Thm_BookProof_ChapterSirkDiffusiveDecay_isCoercive_add_algebraMap.lean:17:5: error: unknow)
18:23:01 processing thm:BookProof_ChapterSirkDiffusiveDecay_isCoercive_compress (attempt 1)
18:23:05 thm:BookProof_ChapterSirkDiffusiveDecay_isCoercive_compress: FAIL (local compile failed: /home/leo/prove2me_workspace/Theorems/Thm_BookProof_ChapterSirkDiffusiveDecay_isCoercive_compress.lean:17:5: error: unknown name)
18:23:05 processing thm:BookProof_ChapterSirkDiffusiveDecay_norm_embedding (attempt 1)
18:23:08 thm:BookProof_ChapterSirkDiffusiveDecay_norm_embedding: FAIL (local compile failed: /home/leo/prove2me_workspace/Theorems/Thm_BookProof_ChapterSirkDiffusiveDecay_norm_embedding.lean:17:5: error: unknown namespace)
18:23:08 processing thm:BookProof_ChapterSirkDiffusiveDecay_norm_heatFlow_apply_le (attempt 1)
18:23:11 thm:BookProof_ChapterSirkDiffusiveDecay_norm_heatFlow_apply_le: FAIL (local compile failed: /home/leo/prove2me_workspace/Theorems/Thm_BookProof_ChapterSirkDiffusiveDecay_norm_heatFlow_apply_le.lean:17:5: error: unknown n)
18:23:11 processing thm:BookProof_ChapterSirkDiffusiveDecay_norm_heatFlow_compress_apply_le (attempt 1)
18:23:12 processing def:ChapterYangMillsHermite (attempt 2)
18:23:13 def:ChapterYangMillsHermite: FAIL (local compile failed: /home/leo/prove2me_workspace/Definitions/Def_ChapterYangMillsHermite.lean:1:0: error: object file '/home/leo/prove2me_workspace/)
18:23:13 processing def:ChapterSirkWhitening (attempt 2)
18:23:15 thm:BookProof_ChapterSirkDiffusiveDecay_norm_heatFlow_compress_apply_le: FAIL (local compile failed: /home/leo/prove2me_workspace/Theorems/Thm_BookProof_ChapterSirkDiffusiveDecay_norm_heatFlow_compress_apply_le.lean:17:5: error: )
18:23:15 processing thm:BookProof_ChapterSirkDiffusiveDecay_norm_heatFlow_le (attempt 1)
18:23:19 thm:BookProof_ChapterSirkDiffusiveDecay_norm_heatFlow_le: FAIL (local compile failed: /home/leo/prove2me_workspace/Theorems/Thm_BookProof_ChapterSirkDiffusiveDecay_norm_heatFlow_le.lean:17:5: error: unknown namespa)
18:23:19 processing thm:BookProof_ChapterSirkEndToEnd_crouzeix_domain_transfer (attempt 1)
18:23:19 def:ChapterSirkWhitening: FAIL (local compile failed: /home/leo/prove2me_workspace/Definitions/Def_ChapterSirkWhitening.lean:42:5: error: unknown namespace `BookProof.ChapterH4`
/hom)
18:23:19 processing def:ChapterSirkPerSystem (attempt 2)
18:23:21 def:ChapterSirkPerSystem: FAIL (local compile failed: /home/leo/prove2me_workspace/Definitions/Def_ChapterSirkPerSystem.lean:1:0: error: object file '/home/leo/prove2me_workspace/.la)
18:23:21 processing def:ChapterSirkEndToEnd (attempt 2)
18:23:22 thm:BookProof_ChapterSirkEndToEnd_crouzeix_domain_transfer: FAIL (local compile failed: /home/leo/prove2me_workspace/Theorems/Thm_BookProof_ChapterSirkEndToEnd_crouzeix_domain_transfer.lean:20:5: error: unknown names)
18:23:22 processing thm:BookProof_ChapterSirkEndToEnd_crouzeix_domain_uniform (attempt 1)
18:23:22 def:ChapterSirkEndToEnd: FAIL (local compile failed: /home/leo/prove2me_workspace/Definitions/Def_ChapterSirkEndToEnd.lean:1:0: error: object file '/home/leo/prove2me_workspace/.lak)
18:23:22 processing def:ChapterSirkDiffusiveDecay (attempt 2)
18:23:26 thm:BookProof_ChapterSirkEndToEnd_crouzeix_domain_uniform: FAIL (local compile failed: /home/leo/prove2me_workspace/Theorems/Thm_BookProof_ChapterSirkEndToEnd_crouzeix_domain_uniform.lean:20:5: error: unknown namesp)
18:23:26 processing thm:BookProof_ChapterSirkEndToEnd_norm_sirkApprox_apply_le (attempt 1)
18:23:30 def:ChapterSirkDiffusiveDecay: FAIL (local compile failed: /home/leo/prove2me_workspace/Definitions/Def_ChapterSirkDiffusiveDecay.lean:56:5: error: unknown namespace `BookProof.ChapterH4`)
18:23:30 processing def:ChapterYangMillsSU3 (attempt 2)
18:23:30 thm:BookProof_ChapterSirkEndToEnd_norm_sirkApprox_apply_le: FAIL (local compile failed: /home/leo/prove2me_workspace/Theorems/Thm_BookProof_ChapterSirkEndToEnd_norm_sirkApprox_apply_le.lean:20:5: error: unknown names)
18:23:30 processing thm:BookProof_ChapterSirkEndToEnd_norm_sirkApprox_apply_le_of_isometry (attempt 1)
18:23:34 thm:BookProof_ChapterSirkEndToEnd_norm_sirkApprox_apply_le_of_isometry: FAIL (local compile failed: /home/leo/prove2me_workspace/Theorems/Thm_BookProof_ChapterSirkEndToEnd_norm_sirkApprox_apply_le_of_isometry.lean:20:5: error: u)
18:23:34 processing thm:BookProof_ChapterSirkEndToEnd_sirkApprox_apply (attempt 1)
18:23:37 thm:BookProof_ChapterSirkEndToEnd_sirkApprox_apply: FAIL (local compile failed: /home/leo/prove2me_workspace/Theorems/Thm_BookProof_ChapterSirkEndToEnd_sirkApprox_apply.lean:20:5: error: unknown namespace `Bo)
18:23:37 processing thm:BookProof_ChapterSirkEndToEnd_sirkApprox_id (attempt 1)
18:23:39 def:ChapterYangMillsSU3: FAIL (submit-definition rejected: {"error": "A theorem or definition with name \"ChapterYangMillsSU3\" already exists"})
18:23:39 processing def:ChapterSirkGroupTransfer (attempt 2)
18:23:40 thm:BookProof_ChapterSirkEndToEnd_sirkApprox_id: FAIL (local compile failed: /home/leo/prove2me_workspace/Theorems/Thm_BookProof_ChapterSirkEndToEnd_sirkApprox_id.lean:20:5: error: unknown namespace `BookP)
18:23:40 processing thm:BookProof_ChapterSirkEndToEnd_sirkReconstruction_isIdempotent (attempt 1)
18:23:44 thm:BookProof_ChapterSirkEndToEnd_sirkReconstruction_isIdempotent: FAIL (local compile failed: /home/leo/prove2me_workspace/Theorems/Thm_BookProof_ChapterSirkEndToEnd_sirkReconstruction_isIdempotent.lean:20:5: error: unknow)
18:23:44 processing thm:BookProof_ChapterSirkEndToEnd_sirkReconstruction_isSelfAdjoint (attempt 1)
18:23:47 thm:BookProof_ChapterSirkEndToEnd_sirkReconstruction_isSelfAdjoint: FAIL (local compile failed: /home/leo/prove2me_workspace/Theorems/Thm_BookProof_ChapterSirkEndToEnd_sirkReconstruction_isSelfAdjoint.lean:20:5: error: unkno)
18:23:47 processing thm:BookProof_ChapterSirkEndToEnd_sirk_end_to_end (attempt 1)
18:23:49 def:ChapterSirkGroupTransfer: FAIL (submit-definition rejected: {"error": "A theorem or definition with name \"ChapterSirkGroupTransfer\" already exists"})
18:23:49 processing def:ChapterMajoranaProp76 (attempt 2)
18:23:51 thm:BookProof_ChapterSirkEndToEnd_sirk_end_to_end: FAIL (local compile failed: /home/leo/prove2me_workspace/Theorems/Thm_BookProof_ChapterSirkEndToEnd_sirk_end_to_end.lean:20:5: error: unknown namespace `Boo)
18:23:51 processing thm:BookProof_ChapterSirkEndToEnd_sirk_end_to_end_satisfiable (attempt 1)
18:23:55 thm:BookProof_ChapterSirkEndToEnd_sirk_end_to_end_satisfiable: FAIL (local compile failed: /home/leo/prove2me_workspace/Theorems/Thm_BookProof_ChapterSirkEndToEnd_sirk_end_to_end_satisfiable.lean:20:5: error: unknown na)
18:23:55 processing thm:BookProof_ChapterSirkEndToEnd_sirk_error_bound_at (attempt 1)
18:23:58 thm:BookProof_ChapterSirkEndToEnd_sirk_error_bound_at: FAIL (local compile failed: /home/leo/prove2me_workspace/Theorems/Thm_BookProof_ChapterSirkEndToEnd_sirk_error_bound_at.lean:20:5: error: unknown namespace )
18:23:58 processing thm:BookProof_ChapterSirkEndToEnd_sirk_flow_error_tendsto_zero (attempt 1)
18:23:58 def:ChapterMajoranaProp76: FAIL (submit-definition rejected: {"error": "A theorem or definition with name \"ChapterMajoranaProp76\" already exists"})
18:23:58 processing thm:BookProof_ChapterMajoranaProp76_LinearIsometryEquiv_isNote4Unitary (attempt 2)
18:24:02 thm:BookProof_ChapterSirkEndToEnd_sirk_flow_error_tendsto_zero: FAIL (local compile failed: /home/leo/prove2me_workspace/Theorems/Thm_BookProof_ChapterSirkEndToEnd_sirk_flow_error_tendsto_zero.lean:20:5: error: unknown n)
18:24:02 processing thm:BookProof_ChapterSirkEndToEnd_sirk_flow_error_uniform_in_time (attempt 1)
18:24:02 thm:BookProof_ChapterMajoranaProp76_LinearIsometryEquiv_isNote4Unitary: FAIL (local compile failed: /home/leo/prove2me_workspace/Theorems/Thm_BookProof_ChapterMajoranaProp76_LinearIsometryEquiv_isNote4Unitary.lean:5:5: error: un)
18:24:02 processing thm:BookProof_ChapterSirkGroupTransfer_norm_pow_le_of_le (attempt 2)
18:24:05 thm:BookProof_ChapterSirkEndToEnd_sirk_flow_error_uniform_in_time: FAIL (local compile failed: /home/leo/prove2me_workspace/Theorems/Thm_BookProof_ChapterSirkEndToEnd_sirk_flow_error_uniform_in_time.lean:20:5: error: unknow)
18:24:05 processing thm:BookProof_ChapterSirkEndToEnd_tendsto_zero_of_le_sirkBound (attempt 1)
18:24:06 thm:BookProof_ChapterSirkGroupTransfer_norm_pow_le_of_le: FAIL (cannot split formal_statement from /home/leo/prove2me_workspace/Theorems/Thm_BookProof_ChapterSirkGroupTransfer_norm_pow_le_of_le.lean)
18:24:06 processing thm:BookProof_ChapterSirkGroupTransfer_norm_pow_sub_pow_le (attempt 2)
18:24:09 thm:BookProof_ChapterSirkEndToEnd_tendsto_zero_of_le_sirkBound: FAIL (local compile failed: /home/leo/prove2me_workspace/Theorems/Thm_BookProof_ChapterSirkEndToEnd_tendsto_zero_of_le_sirkBound.lean:20:5: error: unknown n)
18:24:09 processing thm:BookProof_ChapterSirkPerSystem_diagKR_sirk_crouzeix_domain (attempt 1)
18:24:10 thm:BookProof_ChapterSirkGroupTransfer_norm_pow_sub_pow_le: FAIL (cannot split formal_statement from /home/leo/prove2me_workspace/Theorems/Thm_BookProof_ChapterSirkGroupTransfer_norm_pow_sub_pow_le.lean)
18:24:10 processing thm:BookProof_ChapterSirkGroupTransfer_groupFlow_zero (attempt 2)
18:24:11 thm:BookProof_ChapterSirkPerSystem_diagKR_sirk_crouzeix_domain: FAIL (local compile failed: /home/leo/prove2me_workspace/Theorems/Thm_BookProof_ChapterSirkPerSystem_diagKR_sirk_crouzeix_domain.lean:2:0: error: object fil)
18:24:11 processing thm:BookProof_ChapterSirkPerSystem_lagrangian_sirk_crouzeix_domain (attempt 1)
18:24:12 thm:BookProof_ChapterSirkPerSystem_lagrangian_sirk_crouzeix_domain: FAIL (local compile failed: /home/leo/prove2me_workspace/Theorems/Thm_BookProof_ChapterSirkPerSystem_lagrangian_sirk_crouzeix_domain.lean:2:0: error: object)
18:24:12 processing thm:BookProof_ChapterSirkPerSystem_nsDiff_sirk_crouzeix_domain (attempt 1)
18:24:13 thm:BookProof_ChapterSirkGroupTransfer_groupFlow_zero: FAIL (cannot split formal_statement from /home/leo/prove2me_workspace/Theorems/Thm_BookProof_ChapterSirkGroupTransfer_groupFlow_zero.lean)
18:24:13 processing thm:BookProof_ChapterSirkDiffusiveDecay_hasDerivAt_heatFlow_apply (attempt 2)
18:24:14 thm:BookProof_ChapterSirkPerSystem_nsDiff_sirk_crouzeix_domain: FAIL (local compile failed: /home/leo/prove2me_workspace/Theorems/Thm_BookProof_ChapterSirkPerSystem_nsDiff_sirk_crouzeix_domain.lean:2:0: error: object fil)
18:24:14 processing thm:BookProof_ChapterSirkPerSystem_ns_sirk_crouzeix_domain (attempt 1)
18:24:15 thm:BookProof_ChapterSirkPerSystem_ns_sirk_crouzeix_domain: FAIL (local compile failed: /home/leo/prove2me_workspace/Theorems/Thm_BookProof_ChapterSirkPerSystem_ns_sirk_crouzeix_domain.lean:2:0: error: object file '/)
18:24:15 processing thm:BookProof_ChapterSirkPerSystem_qgR2_shiftInvert_selects (attempt 1)
18:24:17 thm:BookProof_ChapterSirkPerSystem_qgR2_shiftInvert_selects: FAIL (local compile failed: /home/leo/prove2me_workspace/Theorems/Thm_BookProof_ChapterSirkPerSystem_qgR2_shiftInvert_selects.lean:2:0: error: object file ')
18:24:17 processing thm:BookProof_ChapterSirkPerSystem_qgR2_sirk_crouzeix_domain (attempt 1)
18:24:17 thm:BookProof_ChapterSirkDiffusiveDecay_hasDerivAt_heatFlow_apply: FAIL (local compile failed: /home/leo/prove2me_workspace/Theorems/Thm_BookProof_ChapterSirkDiffusiveDecay_hasDerivAt_heatFlow_apply.lean:17:5: error: unknow)
18:24:17 processing thm:BookProof_ChapterSirkDiffusiveDecay_hasDerivAt_heatFlow_normSq (attempt 2)
18:24:18 thm:BookProof_ChapterSirkPerSystem_qgR2_sirk_crouzeix_domain: FAIL (local compile failed: /home/leo/prove2me_workspace/Theorems/Thm_BookProof_ChapterSirkPerSystem_qgR2_sirk_crouzeix_domain.lean:2:0: error: object file )
18:24:18 processing thm:BookProof_ChapterSirkPerSystem_ym_sirk_crouzeix_domain (attempt 1)
18:24:20 thm:BookProof_ChapterSirkPerSystem_ym_sirk_crouzeix_domain: FAIL (local compile failed: /home/leo/prove2me_workspace/Theorems/Thm_BookProof_ChapterSirkPerSystem_ym_sirk_crouzeix_domain.lean:2:0: error: object file '/)
18:24:20 processing thm:BookProof_ChapterSirkWhitening_adjoint_comp_rangeProj (attempt 1)
18:24:20 thm:BookProof_ChapterSirkDiffusiveDecay_hasDerivAt_heatFlow_normSq: FAIL (local compile failed: /home/leo/prove2me_workspace/Theorems/Thm_BookProof_ChapterSirkDiffusiveDecay_hasDerivAt_heatFlow_normSq.lean:17:5: error: unkno)
18:24:20 processing thm:BookProof_ChapterSirkDiffusiveDecay_heatFlow_apply_comm (attempt 2)
18:24:24 thm:BookProof_ChapterSirkWhitening_adjoint_comp_rangeProj: FAIL (local compile failed: /home/leo/prove2me_workspace/Theorems/Thm_BookProof_ChapterSirkWhitening_adjoint_comp_rangeProj.lean:15:5: error: unknown namesp)
18:24:24 processing thm:BookProof_ChapterSirkWhitening_compress_conj_whitening (attempt 1)
18:24:24 thm:BookProof_ChapterSirkDiffusiveDecay_heatFlow_apply_comm: FAIL (local compile failed: /home/leo/prove2me_workspace/Theorems/Thm_BookProof_ChapterSirkDiffusiveDecay_heatFlow_apply_comm.lean:17:5: error: unknown name)
18:24:24 processing thm:BookProof_ChapterSirkDiffusiveDecay_heatFlow_zero (attempt 2)
18:24:27 thm:BookProof_ChapterSirkDiffusiveDecay_heatFlow_zero: FAIL (local compile failed: /home/leo/prove2me_workspace/Theorems/Thm_BookProof_ChapterSirkDiffusiveDecay_heatFlow_zero.lean:17:5: error: unknown namespace )
18:24:27 processing thm:BookProof_ChapterSirkDiffusiveDecay_isCoercive_add_algebraMap (attempt 2)
18:24:28 thm:BookProof_ChapterSirkWhitening_compress_conj_whitening: FAIL (local compile failed: /home/leo/prove2me_workspace/Theorems/Thm_BookProof_ChapterSirkWhitening_compress_conj_whitening.lean:15:5: error: unknown names)
18:24:28 processing thm:BookProof_ChapterSirkWhitening_compress_reconstruct_eq (attempt 1)
18:24:31 thm:BookProof_ChapterSirkDiffusiveDecay_isCoercive_add_algebraMap: FAIL (local compile failed: /home/leo/prove2me_workspace/Theorems/Thm_BookProof_ChapterSirkDiffusiveDecay_isCoercive_add_algebraMap.lean:17:5: error: unknow)
18:24:31 processing thm:BookProof_ChapterSirkDiffusiveDecay_isCoercive_compress (attempt 2)
18:24:31 thm:BookProof_ChapterSirkWhitening_compress_reconstruct_eq: FAIL (local compile failed: /home/leo/prove2me_workspace/Theorems/Thm_BookProof_ChapterSirkWhitening_compress_reconstruct_eq.lean:15:5: error: unknown names)
18:24:31 processing thm:BookProof_ChapterSirkWhitening_embedding_comp_whiteningEquiv (attempt 1)
18:24:35 thm:BookProof_ChapterSirkDiffusiveDecay_isCoercive_compress: FAIL (local compile failed: /home/leo/prove2me_workspace/Theorems/Thm_BookProof_ChapterSirkDiffusiveDecay_isCoercive_compress.lean:17:5: error: unknown name)
18:24:35 processing thm:BookProof_ChapterSirkDiffusiveDecay_norm_embedding (attempt 2)
18:24:35 thm:BookProof_ChapterSirkWhitening_embedding_comp_whiteningEquiv: FAIL (local compile failed: /home/leo/prove2me_workspace/Theorems/Thm_BookProof_ChapterSirkWhitening_embedding_comp_whiteningEquiv.lean:15:5: error: unknown)
18:24:35 processing thm:BookProof_ChapterSirkWhitening_rangeProj_adjoint (attempt 1)
18:24:39 thm:BookProof_ChapterSirkDiffusiveDecay_norm_embedding: FAIL (local compile failed: /home/leo/prove2me_workspace/Theorems/Thm_BookProof_ChapterSirkDiffusiveDecay_norm_embedding.lean:17:5: error: unknown namespace)
18:24:39 processing thm:BookProof_ChapterSirkDiffusiveDecay_norm_heatFlow_apply_le (attempt 2)
18:24:39 thm:BookProof_ChapterSirkWhitening_rangeProj_adjoint: FAIL (local compile failed: /home/leo/prove2me_workspace/Theorems/Thm_BookProof_ChapterSirkWhitening_rangeProj_adjoint.lean:15:5: error: unknown namespace `)
18:24:39 processing thm:BookProof_ChapterSirkWhitening_rangeProj_apply (attempt 1)
18:24:42 thm:BookProof_ChapterSirkDiffusiveDecay_norm_heatFlow_apply_le: FAIL (local compile failed: /home/leo/prove2me_workspace/Theorems/Thm_BookProof_ChapterSirkDiffusiveDecay_norm_heatFlow_apply_le.lean:17:5: error: unknown n)
18:24:42 processing thm:BookProof_ChapterSirkDiffusiveDecay_norm_heatFlow_compress_apply_le (attempt 1)
18:24:43 thm:BookProof_ChapterSirkWhitening_rangeProj_apply: FAIL (local compile failed: /home/leo/prove2me_workspace/Theorems/Thm_BookProof_ChapterSirkWhitening_rangeProj_apply.lean:15:5: error: unknown namespace `Bo)
18:24:43 processing thm:BookProof_ChapterSirkWhitening_rangeProj_comp_embedding (attempt 1)
18:24:46 thm:BookProof_ChapterSirkDiffusiveDecay_norm_heatFlow_compress_apply_le: FAIL (local compile failed: /home/leo/prove2me_workspace/Theorems/Thm_BookProof_ChapterSirkDiffusiveDecay_norm_heatFlow_compress_apply_le.lean:17:5: error: )
18:24:46 processing thm:BookProof_ChapterSirkDiffusiveDecay_norm_heatFlow_le (attempt 1)
18:24:46 thm:BookProof_ChapterSirkWhitening_rangeProj_comp_embedding: FAIL (local compile failed: /home/leo/prove2me_workspace/Theorems/Thm_BookProof_ChapterSirkWhitening_rangeProj_comp_embedding.lean:15:5: error: unknown name)
18:24:46 processing thm:BookProof_ChapterSirkWhitening_rangeProj_comp_of_le (attempt 1)
18:24:49 thm:BookProof_ChapterSirkDiffusiveDecay_norm_heatFlow_le: FAIL (local compile failed: /home/leo/prove2me_workspace/Theorems/Thm_BookProof_ChapterSirkDiffusiveDecay_norm_heatFlow_le.lean:17:5: error: unknown namespa)
18:24:49 processing thm:BookProof_ChapterSirkEndToEnd_crouzeix_domain_transfer (attempt 1)
18:24:50 thm:BookProof_ChapterSirkWhitening_rangeProj_comp_of_le: FAIL (local compile failed: /home/leo/prove2me_workspace/Theorems/Thm_BookProof_ChapterSirkWhitening_rangeProj_comp_of_le.lean:15:5: error: unknown namespac)
18:24:50 processing thm:BookProof_ChapterSirkWhitening_rangeProj_comp_self (attempt 1)
18:24:53 thm:BookProof_ChapterSirkEndToEnd_crouzeix_domain_transfer: FAIL (local compile failed: /home/leo/prove2me_workspace/Theorems/Thm_BookProof_ChapterSirkEndToEnd_crouzeix_domain_transfer.lean:20:5: error: unknown names)
18:24:53 processing thm:BookProof_ChapterSirkEndToEnd_crouzeix_domain_uniform (attempt 1)
18:24:54 thm:BookProof_ChapterSirkWhitening_rangeProj_comp_self: FAIL (local compile failed: /home/leo/prove2me_workspace/Theorems/Thm_BookProof_ChapterSirkWhitening_rangeProj_comp_self.lean:15:5: error: unknown namespace)
18:24:54 processing thm:BookProof_ChapterSirkWhitening_rangeProj_eq_of_range_eq (attempt 1)
18:24:57 thm:BookProof_ChapterSirkEndToEnd_crouzeix_domain_uniform: FAIL (local compile failed: /home/leo/prove2me_workspace/Theorems/Thm_BookProof_ChapterSirkEndToEnd_crouzeix_domain_uniform.lean:20:5: error: unknown namesp)
18:24:57 processing thm:BookProof_ChapterSirkEndToEnd_norm_sirkApprox_apply_le (attempt 1)
18:24:58 thm:BookProof_ChapterSirkWhitening_rangeProj_eq_of_range_eq: FAIL (local compile failed: /home/leo/prove2me_workspace/Theorems/Thm_BookProof_ChapterSirkWhitening_rangeProj_eq_of_range_eq.lean:15:5: error: unknown name)
18:24:58 processing thm:BookProof_ChapterSirkWhitening_rangeProj_isSelfAdjoint (attempt 1)
18:25:01 thm:BookProof_ChapterSirkEndToEnd_norm_sirkApprox_apply_le: FAIL (local compile failed: /home/leo/prove2me_workspace/Theorems/Thm_BookProof_ChapterSirkEndToEnd_norm_sirkApprox_apply_le.lean:20:5: error: unknown names)
18:25:01 processing thm:BookProof_ChapterSirkEndToEnd_norm_sirkApprox_apply_le_of_isometry (attempt 1)
18:25:01 thm:BookProof_ChapterSirkWhitening_rangeProj_isSelfAdjoint: FAIL (local compile failed: /home/leo/prove2me_workspace/Theorems/Thm_BookProof_ChapterSirkWhitening_rangeProj_isSelfAdjoint.lean:15:5: error: unknown names)
18:25:01 processing thm:BookProof_ChapterSirkWhitening_sirkApprox_eq_of_range_eq (attempt 1)
18:25:04 thm:BookProof_ChapterSirkEndToEnd_norm_sirkApprox_apply_le_of_isometry: FAIL (local compile failed: /home/leo/prove2me_workspace/Theorems/Thm_BookProof_ChapterSirkEndToEnd_norm_sirkApprox_apply_le_of_isometry.lean:20:5: error: u)
18:25:04 processing thm:BookProof_ChapterSirkEndToEnd_sirkApprox_apply (attempt 1)
18:25:05 thm:BookProof_ChapterSirkWhitening_sirkApprox_eq_of_range_eq: FAIL (local compile failed: /home/leo/prove2me_workspace/Theorems/Thm_BookProof_ChapterSirkWhitening_sirkApprox_eq_of_range_eq.lean:15:5: error: unknown nam)
18:25:05 processing thm:BookProof_ChapterSirkWhitening_whiteningEquiv_isometry (attempt 1)
18:25:08 thm:BookProof_ChapterSirkEndToEnd_sirkApprox_apply: FAIL (local compile failed: /home/leo/prove2me_workspace/Theorems/Thm_BookProof_ChapterSirkEndToEnd_sirkApprox_apply.lean:20:5: error: unknown namespace `Bo)
18:25:08 processing thm:BookProof_ChapterSirkEndToEnd_sirkApprox_id (attempt 1)
18:25:09 thm:BookProof_ChapterSirkWhitening_whiteningEquiv_isometry: FAIL (local compile failed: /home/leo/prove2me_workspace/Theorems/Thm_BookProof_ChapterSirkWhitening_whiteningEquiv_isometry.lean:15:5: error: unknown names)
18:25:09 processing thm:BookProof_ChapterSirkWhitening_whiteningEquiv_left_inverse (attempt 1)
18:25:12 thm:BookProof_ChapterSirkEndToEnd_sirkApprox_id: FAIL (local compile failed: /home/leo/prove2me_workspace/Theorems/Thm_BookProof_ChapterSirkEndToEnd_sirkApprox_id.lean:20:5: error: unknown namespace `BookP)
18:25:12 processing thm:BookProof_ChapterSirkEndToEnd_sirkReconstruction_isIdempotent (attempt 1)
18:25:13 thm:BookProof_ChapterSirkWhitening_whiteningEquiv_left_inverse: FAIL (local compile failed: /home/leo/prove2me_workspace/Theorems/Thm_BookProof_ChapterSirkWhitening_whiteningEquiv_left_inverse.lean:15:5: error: unknown n)
18:25:13 processing sol:BookProof_ChapterMajoranaProp76_LinearIsometryEquiv_isNote4Unitary (attempt 1)
18:25:13 sol:BookProof_ChapterMajoranaProp76_LinearIsometryEquiv_isNote4Unitary: FAIL (theorem not published yet)
18:25:13 processing sol:BookProof_ChapterMajoranaProp76_note4_comp (attempt 1)
18:25:13 sol:BookProof_ChapterMajoranaProp76_note4_comp: DONE
18:25:13 processing sol:BookProof_ChapterMajoranaProp76_note4_conj (attempt 1)
18:25:13 sol:BookProof_ChapterMajoranaProp76_note4_conj: DONE
18:25:13 processing sol:BookProof_ChapterMajoranaProp76_energyTransform_unitary (attempt 1)
18:25:13 sol:BookProof_ChapterMajoranaProp76_energyTransform_unitary: DONE
18:25:13 processing sol:BookProof_ChapterMajoranaProp76_energyMomentum_unitary (attempt 1)
18:25:13 sol:BookProof_ChapterMajoranaProp76_energyMomentum_unitary: DONE
18:25:13 processing sol:BookProof_ChapterMajoranaProp76_fourierTransform_isNote4Unitary (attempt 1)
18:25:13 sol:BookProof_ChapterMajoranaProp76_fourierTransform_isNote4Unitary: DONE
18:25:13 processing sol:BookProof_ChapterMajoranaProp76_energyTransform_fourier_unitary (attempt 1)
18:25:13 sol:BookProof_ChapterMajoranaProp76_energyTransform_fourier_unitary: DONE
18:25:13 processing sol:BookProof_YangMillsSU3_structureConstant_formula (attempt 1)
18:25:13 sol:BookProof_YangMillsSU3_structureConstant_formula: DONE
18:25:13 processing sol:BookProof_YangMillsSU3_structureConstant_antisymm_swap (attempt 1)
18:25:13 sol:BookProof_YangMillsSU3_structureConstant_antisymm_swap: DONE
18:25:13 processing sol:BookProof_YangMillsSU3_structureConstant_antisymm_rotate (attempt 1)
18:25:13 sol:BookProof_YangMillsSU3_structureConstant_antisymm_rotate: DONE
18:25:13 processing sol:BookProof_YangMillsSU3_structureConstant_totally_antisymmetric (attempt 1)
18:25:13 sol:BookProof_YangMillsSU3_structureConstant_totally_antisymmetric: DONE
18:25:13 processing sol:BookProof_YangMillsSU3_structureConstant_jacobi (attempt 1)
18:25:13 sol:BookProof_YangMillsSU3_structureConstant_jacobi: DONE
18:25:13 processing sol:BookProof_ChapterSirkGroupTransfer_norm_pow_le_of_le (attempt 1)
18:25:13 sol:BookProof_ChapterSirkGroupTransfer_norm_pow_le_of_le: FAIL (theorem not published yet)
18:25:13 processing sol:BookProof_ChapterSirkGroupTransfer_norm_pow_sub_pow_le (attempt 1)
18:25:13 sol:BookProof_ChapterSirkGroupTransfer_norm_pow_sub_pow_le: FAIL (theorem not published yet)
18:25:13 processing sol:BookProof_ChapterSirkGroupTransfer_norm_exp_sub_exp_le (attempt 1)
18:25:13 sol:BookProof_ChapterSirkGroupTransfer_norm_exp_sub_exp_le: DONE
18:25:13 processing sol:BookProof_ChapterSirkGroupTransfer_groupFlow_zero (attempt 1)
18:25:13 sol:BookProof_ChapterSirkGroupTransfer_groupFlow_zero: FAIL (theorem not published yet)
18:25:13 processing sol:BookProof_ChapterSirkGroupTransfer_norm_groupFlow_sub_le (attempt 1)
18:25:13 sol:BookProof_ChapterSirkGroupTransfer_norm_groupFlow_sub_le: DONE
18:25:13 processing sol:BookProof_ChapterSirkGroupTransfer_groupFlow_transfer_uniform_on_interval (attempt 1)
18:25:13 sol:BookProof_ChapterSirkGroupTransfer_groupFlow_transfer_uniform_on_interval: DONE
18:25:13 processing sol:BookProof_ChapterSirkDiffusiveDecay_hasDerivAt_heatFlow_apply (attempt 1)
18:25:13 sol:BookProof_ChapterSirkDiffusiveDecay_hasDerivAt_heatFlow_apply: FAIL (theorem not published yet)
18:25:13 processing sol:BookProof_ChapterSirkDiffusiveDecay_hasDerivAt_heatFlow_normSq (attempt 1)
18:25:13 sol:BookProof_ChapterSirkDiffusiveDecay_hasDerivAt_heatFlow_normSq: FAIL (theorem not published yet)
18:25:13 processing sol:BookProof_ChapterSirkDiffusiveDecay_heatFlow_apply_comm (attempt 1)
18:25:13 sol:BookProof_ChapterSirkDiffusiveDecay_heatFlow_apply_comm: FAIL (theorem not published yet)
18:25:13 processing sol:BookProof_ChapterSirkDiffusiveDecay_heatFlow_zero (attempt 1)
18:25:13 sol:BookProof_ChapterSirkDiffusiveDecay_heatFlow_zero: FAIL (theorem not published yet)
18:25:13 processing sol:BookProof_ChapterSirkDiffusiveDecay_isCoercive_add_algebraMap (attempt 1)
18:25:13 sol:BookProof_ChapterSirkDiffusiveDecay_isCoercive_add_algebraMap: FAIL (theorem not published yet)
18:25:13 processing sol:BookProof_ChapterSirkDiffusiveDecay_isCoercive_compress (attempt 1)
18:25:13 sol:BookProof_ChapterSirkDiffusiveDecay_isCoercive_compress: FAIL (theorem not published yet)
18:25:13 processing sol:BookProof_ChapterSirkDiffusiveDecay_norm_embedding (attempt 1)
18:25:13 sol:BookProof_ChapterSirkDiffusiveDecay_norm_embedding: FAIL (theorem not published yet)
18:25:13 processing sol:BookProof_ChapterSirkDiffusiveDecay_norm_heatFlow_apply_le (attempt 1)
18:25:13 sol:BookProof_ChapterSirkDiffusiveDecay_norm_heatFlow_apply_le: FAIL (theorem not published yet)
18:25:13 processing sol:BookProof_ChapterSirkDiffusiveDecay_norm_heatFlow_compress_apply_le (attempt 1)
18:25:13 sol:BookProof_ChapterSirkDiffusiveDecay_norm_heatFlow_compress_apply_le: FAIL (theorem not published yet)
18:25:13 processing sol:BookProof_ChapterSirkDiffusiveDecay_norm_heatFlow_le (attempt 1)
18:25:13 sol:BookProof_ChapterSirkDiffusiveDecay_norm_heatFlow_le: FAIL (theorem not published yet)
18:25:13 processing sol:BookProof_ChapterSirkEndToEnd_crouzeix_domain_transfer (attempt 1)
18:25:13 sol:BookProof_ChapterSirkEndToEnd_crouzeix_domain_transfer: FAIL (theorem not published yet)
18:25:13 processing sol:BookProof_ChapterSirkEndToEnd_crouzeix_domain_uniform (attempt 1)
18:25:13 sol:BookProof_ChapterSirkEndToEnd_crouzeix_domain_uniform: FAIL (theorem not published yet)
18:25:13 processing sol:BookProof_ChapterSirkEndToEnd_norm_sirkApprox_apply_le (attempt 1)
18:25:13 sol:BookProof_ChapterSirkEndToEnd_norm_sirkApprox_apply_le: FAIL (theorem not published yet)
18:25:13 processing sol:BookProof_ChapterSirkEndToEnd_norm_sirkApprox_apply_le_of_isometry (attempt 1)
18:25:13 sol:BookProof_ChapterSirkEndToEnd_norm_sirkApprox_apply_le_of_isometry: FAIL (theorem not published yet)
18:25:13 processing sol:BookProof_ChapterSirkEndToEnd_sirkApprox_apply (attempt 1)
18:25:13 sol:BookProof_ChapterSirkEndToEnd_sirkApprox_apply: FAIL (theorem not published yet)
18:25:13 processing sol:BookProof_ChapterSirkEndToEnd_sirkApprox_id (attempt 1)
18:25:13 sol:BookProof_ChapterSirkEndToEnd_sirkApprox_id: FAIL (theorem not published yet)
18:25:13 processing sol:BookProof_ChapterSirkEndToEnd_sirkReconstruction_isIdempotent (attempt 1)
18:25:13 sol:BookProof_ChapterSirkEndToEnd_sirkReconstruction_isIdempotent: FAIL (theorem not published yet)
18:25:13 processing sol:BookProof_ChapterSirkEndToEnd_sirkReconstruction_isSelfAdjoint (attempt 1)
18:25:13 sol:BookProof_ChapterSirkEndToEnd_sirkReconstruction_isSelfAdjoint: FAIL (theorem not published yet)
18:25:13 processing sol:BookProof_ChapterSirkEndToEnd_sirk_end_to_end (attempt 1)
18:25:13 sol:BookProof_ChapterSirkEndToEnd_sirk_end_to_end: FAIL (theorem not published yet)
18:25:13 processing sol:BookProof_ChapterSirkEndToEnd_sirk_end_to_end_satisfiable (attempt 1)
18:25:13 sol:BookProof_ChapterSirkEndToEnd_sirk_end_to_end_satisfiable: FAIL (theorem not published yet)
18:25:13 processing sol:BookProof_ChapterSirkEndToEnd_sirk_error_bound_at (attempt 1)
18:25:13 sol:BookProof_ChapterSirkEndToEnd_sirk_error_bound_at: FAIL (theorem not published yet)
18:25:13 processing sol:BookProof_ChapterSirkEndToEnd_sirk_flow_error_tendsto_zero (attempt 1)
18:25:13 sol:BookProof_ChapterSirkEndToEnd_sirk_flow_error_tendsto_zero: FAIL (theorem not published yet)
18:25:13 processing sol:BookProof_ChapterSirkEndToEnd_sirk_flow_error_uniform_in_time (attempt 1)
18:25:13 sol:BookProof_ChapterSirkEndToEnd_sirk_flow_error_uniform_in_time: FAIL (theorem not published yet)
18:25:13 processing sol:BookProof_ChapterSirkEndToEnd_tendsto_zero_of_le_sirkBound (attempt 1)
18:25:13 sol:BookProof_ChapterSirkEndToEnd_tendsto_zero_of_le_sirkBound: FAIL (theorem not published yet)
18:25:13 processing sol:BookProof_ChapterSirkPerSystem_diagKR_sirk_crouzeix_domain (attempt 1)
18:25:13 sol:BookProof_ChapterSirkPerSystem_diagKR_sirk_crouzeix_domain: FAIL (theorem not published yet)
18:25:13 processing sol:BookProof_ChapterSirkPerSystem_lagrangian_sirk_crouzeix_domain (attempt 1)
18:25:13 sol:BookProof_ChapterSirkPerSystem_lagrangian_sirk_crouzeix_domain: FAIL (theorem not published yet)
18:25:13 processing sol:BookProof_ChapterSirkPerSystem_nsDiff_sirk_crouzeix_domain (attempt 1)
18:25:13 sol:BookProof_ChapterSirkPerSystem_nsDiff_sirk_crouzeix_domain: FAIL (theorem not published yet)
18:25:13 processing sol:BookProof_ChapterSirkPerSystem_ns_sirk_crouzeix_domain (attempt 1)
18:25:13 sol:BookProof_ChapterSirkPerSystem_ns_sirk_crouzeix_domain: FAIL (theorem not published yet)
18:25:13 processing sol:BookProof_ChapterSirkPerSystem_qgR2_shiftInvert_selects (attempt 1)
18:25:13 sol:BookProof_ChapterSirkPerSystem_qgR2_shiftInvert_selects: FAIL (theorem not published yet)
18:25:13 processing sol:BookProof_ChapterSirkPerSystem_qgR2_sirk_crouzeix_domain (attempt 1)
18:25:13 sol:BookProof_ChapterSirkPerSystem_qgR2_sirk_crouzeix_domain: FAIL (theorem not published yet)
18:25:13 processing sol:BookProof_ChapterSirkPerSystem_ym_sirk_crouzeix_domain (attempt 1)
18:25:13 sol:BookProof_ChapterSirkPerSystem_ym_sirk_crouzeix_domain: FAIL (theorem not published yet)
18:25:13 processing sol:BookProof_ChapterSirkWhitening_adjoint_comp_rangeProj (attempt 1)
18:25:13 sol:BookProof_ChapterSirkWhitening_adjoint_comp_rangeProj: FAIL (theorem not published yet)
18:25:13 processing sol:BookProof_ChapterSirkWhitening_compress_conj_whitening (attempt 1)
18:25:13 sol:BookProof_ChapterSirkWhitening_compress_conj_whitening: FAIL (theorem not published yet)
18:25:13 processing sol:BookProof_ChapterSirkWhitening_compress_reconstruct_eq (attempt 1)
18:25:13 sol:BookProof_ChapterSirkWhitening_compress_reconstruct_eq: FAIL (theorem not published yet)
18:25:13 processing sol:BookProof_ChapterSirkWhitening_embedding_comp_whiteningEquiv (attempt 1)
18:25:13 sol:BookProof_ChapterSirkWhitening_embedding_comp_whiteningEquiv: FAIL (theorem not published yet)
18:25:13 processing sol:BookProof_ChapterSirkWhitening_rangeProj_adjoint (attempt 1)
18:25:13 sol:BookProof_ChapterSirkWhitening_rangeProj_adjoint: FAIL (theorem not published yet)
18:25:13 processing sol:BookProof_ChapterSirkWhitening_rangeProj_apply (attempt 1)
18:25:13 sol:BookProof_ChapterSirkWhitening_rangeProj_apply: FAIL (theorem not published yet)
18:25:13 processing sol:BookProof_ChapterSirkWhitening_rangeProj_comp_embedding (attempt 1)
18:25:13 sol:BookProof_ChapterSirkWhitening_rangeProj_comp_embedding: FAIL (theorem not published yet)
18:25:13 processing sol:BookProof_ChapterSirkWhitening_rangeProj_comp_of_le (attempt 1)
18:25:13 sol:BookProof_ChapterSirkWhitening_rangeProj_comp_of_le: FAIL (theorem not published yet)
18:25:13 processing sol:BookProof_ChapterSirkWhitening_rangeProj_comp_self (attempt 1)
18:25:13 sol:BookProof_ChapterSirkWhitening_rangeProj_comp_self: FAIL (theorem not published yet)
18:25:13 processing sol:BookProof_ChapterSirkWhitening_rangeProj_eq_of_range_eq (attempt 1)
18:25:13 sol:BookProof_ChapterSirkWhitening_rangeProj_eq_of_range_eq: FAIL (theorem not published yet)
18:25:13 processing sol:BookProof_ChapterSirkWhitening_rangeProj_isSelfAdjoint (attempt 1)
18:25:13 sol:BookProof_ChapterSirkWhitening_rangeProj_isSelfAdjoint: FAIL (theorem not published yet)
18:25:13 processing sol:BookProof_ChapterSirkWhitening_sirkApprox_eq_of_range_eq (attempt 1)
18:25:13 sol:BookProof_ChapterSirkWhitening_sirkApprox_eq_of_range_eq: FAIL (theorem not published yet)
18:25:13 processing sol:BookProof_ChapterSirkWhitening_whiteningEquiv_isometry (attempt 1)
18:25:13 sol:BookProof_ChapterSirkWhitening_whiteningEquiv_isometry: FAIL (theorem not published yet)
18:25:13 processing sol:BookProof_ChapterSirkWhitening_whiteningEquiv_left_inverse (attempt 1)
18:25:13 sol:BookProof_ChapterSirkWhitening_whiteningEquiv_left_inverse: FAIL (theorem not published yet)
18:25:13 summary: 254 done, 163 pending, 0 failed
18:25:15 thm:BookProof_ChapterSirkEndToEnd_sirkReconstruction_isIdempotent: FAIL (local compile failed: /home/leo/prove2me_workspace/Theorems/Thm_BookProof_ChapterSirkEndToEnd_sirkReconstruction_isIdempotent.lean:20:5: error: unknow)
18:25:15 processing thm:BookProof_ChapterSirkEndToEnd_sirkReconstruction_isSelfAdjoint (attempt 1)
18:25:18 thm:BookProof_ChapterSirkEndToEnd_sirkReconstruction_isSelfAdjoint: FAIL (local compile failed: /home/leo/prove2me_workspace/Theorems/Thm_BookProof_ChapterSirkEndToEnd_sirkReconstruction_isSelfAdjoint.lean:20:5: error: unkno)
18:25:18 processing thm:BookProof_ChapterSirkEndToEnd_sirk_end_to_end (attempt 1)
18:25:23 thm:BookProof_ChapterSirkEndToEnd_sirk_end_to_end: FAIL (local compile failed: /home/leo/prove2me_workspace/Theorems/Thm_BookProof_ChapterSirkEndToEnd_sirk_end_to_end.lean:20:5: error: unknown namespace `Boo)
18:25:23 processing thm:BookProof_ChapterSirkEndToEnd_sirk_end_to_end_satisfiable (attempt 1)
18:25:26 thm:BookProof_ChapterSirkEndToEnd_sirk_end_to_end_satisfiable: FAIL (local compile failed: /home/leo/prove2me_workspace/Theorems/Thm_BookProof_ChapterSirkEndToEnd_sirk_end_to_end_satisfiable.lean:20:5: error: unknown na)
18:25:26 processing thm:BookProof_ChapterSirkEndToEnd_sirk_error_bound_at (attempt 1)
18:25:30 thm:BookProof_ChapterSirkEndToEnd_sirk_error_bound_at: FAIL (local compile failed: /home/leo/prove2me_workspace/Theorems/Thm_BookProof_ChapterSirkEndToEnd_sirk_error_bound_at.lean:20:5: error: unknown namespace )
18:25:30 processing thm:BookProof_ChapterSirkEndToEnd_sirk_flow_error_tendsto_zero (attempt 1)
18:25:33 thm:BookProof_ChapterSirkEndToEnd_sirk_flow_error_tendsto_zero: FAIL (local compile failed: /home/leo/prove2me_workspace/Theorems/Thm_BookProof_ChapterSirkEndToEnd_sirk_flow_error_tendsto_zero.lean:20:5: error: unknown n)
18:25:33 processing thm:BookProof_ChapterSirkEndToEnd_sirk_flow_error_uniform_in_time (attempt 1)
18:25:36 thm:BookProof_ChapterSirkEndToEnd_sirk_flow_error_uniform_in_time: FAIL (local compile failed: /home/leo/prove2me_workspace/Theorems/Thm_BookProof_ChapterSirkEndToEnd_sirk_flow_error_uniform_in_time.lean:20:5: error: unknow)
18:25:36 processing thm:BookProof_ChapterSirkEndToEnd_tendsto_zero_of_le_sirkBound (attempt 1)
18:25:39 thm:BookProof_ChapterSirkEndToEnd_tendsto_zero_of_le_sirkBound: FAIL (local compile failed: /home/leo/prove2me_workspace/Theorems/Thm_BookProof_ChapterSirkEndToEnd_tendsto_zero_of_le_sirkBound.lean:20:5: error: unknown n)
18:25:39 processing thm:BookProof_ChapterSirkPerSystem_diagKR_sirk_crouzeix_domain (attempt 1)
18:25:40 thm:BookProof_ChapterSirkPerSystem_diagKR_sirk_crouzeix_domain: FAIL (local compile failed: /home/leo/prove2me_workspace/Theorems/Thm_BookProof_ChapterSirkPerSystem_diagKR_sirk_crouzeix_domain.lean:2:0: error: object fil)
18:25:40 processing thm:BookProof_ChapterSirkPerSystem_lagrangian_sirk_crouzeix_domain (attempt 1)
18:25:42 thm:BookProof_ChapterSirkPerSystem_lagrangian_sirk_crouzeix_domain: FAIL (local compile failed: /home/leo/prove2me_workspace/Theorems/Thm_BookProof_ChapterSirkPerSystem_lagrangian_sirk_crouzeix_domain.lean:2:0: error: object)
18:25:42 processing thm:BookProof_ChapterSirkPerSystem_nsDiff_sirk_crouzeix_domain (attempt 1)
18:25:43 thm:BookProof_ChapterSirkPerSystem_nsDiff_sirk_crouzeix_domain: FAIL (local compile failed: /home/leo/prove2me_workspace/Theorems/Thm_BookProof_ChapterSirkPerSystem_nsDiff_sirk_crouzeix_domain.lean:2:0: error: object fil)
18:25:43 processing thm:BookProof_ChapterSirkPerSystem_ns_sirk_crouzeix_domain (attempt 1)
18:25:44 thm:BookProof_ChapterSirkPerSystem_ns_sirk_crouzeix_domain: FAIL (local compile failed: /home/leo/prove2me_workspace/Theorems/Thm_BookProof_ChapterSirkPerSystem_ns_sirk_crouzeix_domain.lean:2:0: error: object file '/)
18:25:44 processing thm:BookProof_ChapterSirkPerSystem_qgR2_shiftInvert_selects (attempt 1)
18:25:46 thm:BookProof_ChapterSirkPerSystem_qgR2_shiftInvert_selects: FAIL (local compile failed: /home/leo/prove2me_workspace/Theorems/Thm_BookProof_ChapterSirkPerSystem_qgR2_shiftInvert_selects.lean:2:0: error: object file ')
18:25:46 processing thm:BookProof_ChapterSirkPerSystem_qgR2_sirk_crouzeix_domain (attempt 1)
18:25:47 thm:BookProof_ChapterSirkPerSystem_qgR2_sirk_crouzeix_domain: FAIL (local compile failed: /home/leo/prove2me_workspace/Theorems/Thm_BookProof_ChapterSirkPerSystem_qgR2_sirk_crouzeix_domain.lean:2:0: error: object file )
18:25:47 processing thm:BookProof_ChapterSirkPerSystem_ym_sirk_crouzeix_domain (attempt 1)
18:25:48 thm:BookProof_ChapterSirkPerSystem_ym_sirk_crouzeix_domain: FAIL (local compile failed: /home/leo/prove2me_workspace/Theorems/Thm_BookProof_ChapterSirkPerSystem_ym_sirk_crouzeix_domain.lean:2:0: error: object file '/)
18:25:48 processing thm:BookProof_ChapterSirkWhitening_adjoint_comp_rangeProj (attempt 1)
18:25:52 thm:BookProof_ChapterSirkWhitening_adjoint_comp_rangeProj: FAIL (local compile failed: /home/leo/prove2me_workspace/Theorems/Thm_BookProof_ChapterSirkWhitening_adjoint_comp_rangeProj.lean:15:5: error: unknown namesp)
18:25:52 processing thm:BookProof_ChapterSirkWhitening_compress_conj_whitening (attempt 1)
18:25:55 thm:BookProof_ChapterSirkWhitening_compress_conj_whitening: FAIL (local compile failed: /home/leo/prove2me_workspace/Theorems/Thm_BookProof_ChapterSirkWhitening_compress_conj_whitening.lean:15:5: error: unknown names)
18:25:55 processing thm:BookProof_ChapterSirkWhitening_compress_reconstruct_eq (attempt 1)
18:25:58 thm:BookProof_ChapterSirkWhitening_compress_reconstruct_eq: FAIL (local compile failed: /home/leo/prove2me_workspace/Theorems/Thm_BookProof_ChapterSirkWhitening_compress_reconstruct_eq.lean:15:5: error: unknown names)
18:25:58 processing thm:BookProof_ChapterSirkWhitening_embedding_comp_whiteningEquiv (attempt 1)
18:26:02 thm:BookProof_ChapterSirkWhitening_embedding_comp_whiteningEquiv: FAIL (local compile failed: /home/leo/prove2me_workspace/Theorems/Thm_BookProof_ChapterSirkWhitening_embedding_comp_whiteningEquiv.lean:15:5: error: unknown)
18:26:02 processing thm:BookProof_ChapterSirkWhitening_rangeProj_adjoint (attempt 1)
18:26:05 thm:BookProof_ChapterSirkWhitening_rangeProj_adjoint: FAIL (local compile failed: /home/leo/prove2me_workspace/Theorems/Thm_BookProof_ChapterSirkWhitening_rangeProj_adjoint.lean:15:5: error: unknown namespace `)
18:26:05 processing thm:BookProof_ChapterSirkWhitening_rangeProj_apply (attempt 1)
18:26:08 thm:BookProof_ChapterSirkWhitening_rangeProj_apply: FAIL (local compile failed: /home/leo/prove2me_workspace/Theorems/Thm_BookProof_ChapterSirkWhitening_rangeProj_apply.lean:15:5: error: unknown namespace `Bo)
18:26:08 processing thm:BookProof_ChapterSirkWhitening_rangeProj_comp_embedding (attempt 1)
18:26:11 thm:BookProof_ChapterSirkWhitening_rangeProj_comp_embedding: FAIL (local compile failed: /home/leo/prove2me_workspace/Theorems/Thm_BookProof_ChapterSirkWhitening_rangeProj_comp_embedding.lean:15:5: error: unknown name)
18:26:11 processing thm:BookProof_ChapterSirkWhitening_rangeProj_comp_of_le (attempt 1)
18:26:15 thm:BookProof_ChapterSirkWhitening_rangeProj_comp_of_le: FAIL (local compile failed: /home/leo/prove2me_workspace/Theorems/Thm_BookProof_ChapterSirkWhitening_rangeProj_comp_of_le.lean:15:5: error: unknown namespac)
18:26:15 processing thm:BookProof_ChapterSirkWhitening_rangeProj_comp_self (attempt 1)
18:26:18 thm:BookProof_ChapterSirkWhitening_rangeProj_comp_self: FAIL (local compile failed: /home/leo/prove2me_workspace/Theorems/Thm_BookProof_ChapterSirkWhitening_rangeProj_comp_self.lean:15:5: error: unknown namespace)
18:26:18 processing thm:BookProof_ChapterSirkWhitening_rangeProj_eq_of_range_eq (attempt 1)
18:26:21 thm:BookProof_ChapterSirkWhitening_rangeProj_eq_of_range_eq: FAIL (local compile failed: /home/leo/prove2me_workspace/Theorems/Thm_BookProof_ChapterSirkWhitening_rangeProj_eq_of_range_eq.lean:15:5: error: unknown name)
18:26:21 processing thm:BookProof_ChapterSirkWhitening_rangeProj_isSelfAdjoint (attempt 1)
18:26:24 thm:BookProof_ChapterSirkWhitening_rangeProj_isSelfAdjoint: FAIL (local compile failed: /home/leo/prove2me_workspace/Theorems/Thm_BookProof_ChapterSirkWhitening_rangeProj_isSelfAdjoint.lean:15:5: error: unknown names)
18:26:24 processing thm:BookProof_ChapterSirkWhitening_sirkApprox_eq_of_range_eq (attempt 1)
18:26:28 thm:BookProof_ChapterSirkWhitening_sirkApprox_eq_of_range_eq: FAIL (local compile failed: /home/leo/prove2me_workspace/Theorems/Thm_BookProof_ChapterSirkWhitening_sirkApprox_eq_of_range_eq.lean:15:5: error: unknown nam)
18:26:28 processing thm:BookProof_ChapterSirkWhitening_whiteningEquiv_isometry (attempt 1)
18:26:31 thm:BookProof_ChapterSirkWhitening_whiteningEquiv_isometry: FAIL (local compile failed: /home/leo/prove2me_workspace/Theorems/Thm_BookProof_ChapterSirkWhitening_whiteningEquiv_isometry.lean:15:5: error: unknown names)
18:26:31 processing thm:BookProof_ChapterSirkWhitening_whiteningEquiv_left_inverse (attempt 1)
18:26:35 thm:BookProof_ChapterSirkWhitening_whiteningEquiv_left_inverse: FAIL (local compile failed: /home/leo/prove2me_workspace/Theorems/Thm_BookProof_ChapterSirkWhitening_whiteningEquiv_left_inverse.lean:15:5: error: unknown n)
18:26:35 processing sol:BookProof_ChapterMajoranaProp76_LinearIsometryEquiv_isNote4Unitary (attempt 1)
18:26:35 sol:BookProof_ChapterMajoranaProp76_LinearIsometryEquiv_isNote4Unitary: FAIL (theorem not published yet)
18:26:35 processing sol:BookProof_ChapterMajoranaProp76_note4_comp (attempt 1)
18:26:35 sol:BookProof_ChapterMajoranaProp76_note4_comp: DONE
18:26:35 processing sol:BookProof_ChapterMajoranaProp76_note4_conj (attempt 1)
18:26:35 sol:BookProof_ChapterMajoranaProp76_note4_conj: DONE
18:26:35 processing sol:BookProof_ChapterMajoranaProp76_energyTransform_unitary (attempt 1)
18:26:35 sol:BookProof_ChapterMajoranaProp76_energyTransform_unitary: DONE
18:26:35 processing sol:BookProof_ChapterMajoranaProp76_energyMomentum_unitary (attempt 1)
18:26:35 sol:BookProof_ChapterMajoranaProp76_energyMomentum_unitary: DONE
18:26:35 processing sol:BookProof_ChapterMajoranaProp76_fourierTransform_isNote4Unitary (attempt 1)
18:26:35 sol:BookProof_ChapterMajoranaProp76_fourierTransform_isNote4Unitary: DONE
18:26:35 processing sol:BookProof_ChapterMajoranaProp76_energyTransform_fourier_unitary (attempt 1)
18:26:35 sol:BookProof_ChapterMajoranaProp76_energyTransform_fourier_unitary: DONE
18:26:35 processing sol:BookProof_YangMillsSU3_structureConstant_formula (attempt 1)
18:26:35 sol:BookProof_YangMillsSU3_structureConstant_formula: DONE
18:26:35 processing sol:BookProof_YangMillsSU3_structureConstant_antisymm_swap (attempt 1)
18:26:35 sol:BookProof_YangMillsSU3_structureConstant_antisymm_swap: DONE
18:26:35 processing sol:BookProof_YangMillsSU3_structureConstant_antisymm_rotate (attempt 1)
18:26:35 sol:BookProof_YangMillsSU3_structureConstant_antisymm_rotate: DONE
18:26:35 processing sol:BookProof_YangMillsSU3_structureConstant_totally_antisymmetric (attempt 1)
18:26:35 sol:BookProof_YangMillsSU3_structureConstant_totally_antisymmetric: DONE
18:26:35 processing sol:BookProof_YangMillsSU3_structureConstant_jacobi (attempt 1)
18:26:35 sol:BookProof_YangMillsSU3_structureConstant_jacobi: DONE
18:26:35 processing sol:BookProof_ChapterSirkGroupTransfer_norm_pow_le_of_le (attempt 1)
18:26:35 sol:BookProof_ChapterSirkGroupTransfer_norm_pow_le_of_le: FAIL (theorem not published yet)
18:26:35 processing sol:BookProof_ChapterSirkGroupTransfer_norm_pow_sub_pow_le (attempt 1)
18:26:35 sol:BookProof_ChapterSirkGroupTransfer_norm_pow_sub_pow_le: FAIL (theorem not published yet)
18:26:35 processing sol:BookProof_ChapterSirkGroupTransfer_norm_exp_sub_exp_le (attempt 1)
18:26:35 sol:BookProof_ChapterSirkGroupTransfer_norm_exp_sub_exp_le: DONE
18:26:35 processing sol:BookProof_ChapterSirkGroupTransfer_groupFlow_zero (attempt 1)
18:26:35 sol:BookProof_ChapterSirkGroupTransfer_groupFlow_zero: FAIL (theorem not published yet)
18:26:35 processing sol:BookProof_ChapterSirkGroupTransfer_norm_groupFlow_sub_le (attempt 1)
18:26:35 sol:BookProof_ChapterSirkGroupTransfer_norm_groupFlow_sub_le: DONE
18:26:35 processing sol:BookProof_ChapterSirkGroupTransfer_groupFlow_transfer_uniform_on_interval (attempt 1)
18:26:35 sol:BookProof_ChapterSirkGroupTransfer_groupFlow_transfer_uniform_on_interval: DONE
18:26:35 processing sol:BookProof_ChapterSirkDiffusiveDecay_hasDerivAt_heatFlow_apply (attempt 1)
18:26:35 sol:BookProof_ChapterSirkDiffusiveDecay_hasDerivAt_heatFlow_apply: FAIL (theorem not published yet)
18:26:35 processing sol:BookProof_ChapterSirkDiffusiveDecay_hasDerivAt_heatFlow_normSq (attempt 1)
18:26:35 sol:BookProof_ChapterSirkDiffusiveDecay_hasDerivAt_heatFlow_normSq: FAIL (theorem not published yet)
18:26:35 processing sol:BookProof_ChapterSirkDiffusiveDecay_heatFlow_apply_comm (attempt 1)
18:26:35 sol:BookProof_ChapterSirkDiffusiveDecay_heatFlow_apply_comm: FAIL (theorem not published yet)
18:26:35 processing sol:BookProof_ChapterSirkDiffusiveDecay_heatFlow_zero (attempt 1)
18:26:35 sol:BookProof_ChapterSirkDiffusiveDecay_heatFlow_zero: FAIL (theorem not published yet)
18:26:35 processing sol:BookProof_ChapterSirkDiffusiveDecay_isCoercive_add_algebraMap (attempt 1)
18:26:35 sol:BookProof_ChapterSirkDiffusiveDecay_isCoercive_add_algebraMap: FAIL (theorem not published yet)
18:26:35 processing sol:BookProof_ChapterSirkDiffusiveDecay_isCoercive_compress (attempt 1)
18:26:35 sol:BookProof_ChapterSirkDiffusiveDecay_isCoercive_compress: FAIL (theorem not published yet)
18:26:35 processing sol:BookProof_ChapterSirkDiffusiveDecay_norm_embedding (attempt 1)
18:26:35 sol:BookProof_ChapterSirkDiffusiveDecay_norm_embedding: FAIL (theorem not published yet)
18:26:35 processing sol:BookProof_ChapterSirkDiffusiveDecay_norm_heatFlow_apply_le (attempt 1)
18:26:35 sol:BookProof_ChapterSirkDiffusiveDecay_norm_heatFlow_apply_le: FAIL (theorem not published yet)
18:26:35 processing sol:BookProof_ChapterSirkDiffusiveDecay_norm_heatFlow_compress_apply_le (attempt 1)
18:26:35 sol:BookProof_ChapterSirkDiffusiveDecay_norm_heatFlow_compress_apply_le: FAIL (theorem not published yet)
18:26:35 processing sol:BookProof_ChapterSirkDiffusiveDecay_norm_heatFlow_le (attempt 1)
18:26:35 sol:BookProof_ChapterSirkDiffusiveDecay_norm_heatFlow_le: FAIL (theorem not published yet)
18:26:35 processing sol:BookProof_ChapterSirkEndToEnd_crouzeix_domain_transfer (attempt 1)
18:26:35 sol:BookProof_ChapterSirkEndToEnd_crouzeix_domain_transfer: FAIL (theorem not published yet)
18:26:35 processing sol:BookProof_ChapterSirkEndToEnd_crouzeix_domain_uniform (attempt 1)
18:26:35 sol:BookProof_ChapterSirkEndToEnd_crouzeix_domain_uniform: FAIL (theorem not published yet)
18:26:35 processing sol:BookProof_ChapterSirkEndToEnd_norm_sirkApprox_apply_le (attempt 1)
18:26:35 sol:BookProof_ChapterSirkEndToEnd_norm_sirkApprox_apply_le: FAIL (theorem not published yet)
18:26:35 processing sol:BookProof_ChapterSirkEndToEnd_norm_sirkApprox_apply_le_of_isometry (attempt 1)
18:26:35 sol:BookProof_ChapterSirkEndToEnd_norm_sirkApprox_apply_le_of_isometry: FAIL (theorem not published yet)
18:26:35 processing sol:BookProof_ChapterSirkEndToEnd_sirkApprox_apply (attempt 1)
18:26:35 sol:BookProof_ChapterSirkEndToEnd_sirkApprox_apply: FAIL (theorem not published yet)
18:26:35 processing sol:BookProof_ChapterSirkEndToEnd_sirkApprox_id (attempt 1)
18:26:35 sol:BookProof_ChapterSirkEndToEnd_sirkApprox_id: FAIL (theorem not published yet)
18:26:35 processing sol:BookProof_ChapterSirkEndToEnd_sirkReconstruction_isIdempotent (attempt 1)
18:26:35 sol:BookProof_ChapterSirkEndToEnd_sirkReconstruction_isIdempotent: FAIL (theorem not published yet)
18:26:35 processing sol:BookProof_ChapterSirkEndToEnd_sirkReconstruction_isSelfAdjoint (attempt 1)
18:26:35 sol:BookProof_ChapterSirkEndToEnd_sirkReconstruction_isSelfAdjoint: FAIL (theorem not published yet)
18:26:35 processing sol:BookProof_ChapterSirkEndToEnd_sirk_end_to_end (attempt 1)
18:26:35 sol:BookProof_ChapterSirkEndToEnd_sirk_end_to_end: FAIL (theorem not published yet)
18:26:35 processing sol:BookProof_ChapterSirkEndToEnd_sirk_end_to_end_satisfiable (attempt 1)
18:26:35 sol:BookProof_ChapterSirkEndToEnd_sirk_end_to_end_satisfiable: FAIL (theorem not published yet)
18:26:35 processing sol:BookProof_ChapterSirkEndToEnd_sirk_error_bound_at (attempt 1)
18:26:35 sol:BookProof_ChapterSirkEndToEnd_sirk_error_bound_at: FAIL (theorem not published yet)
18:26:35 processing sol:BookProof_ChapterSirkEndToEnd_sirk_flow_error_tendsto_zero (attempt 1)
18:26:35 sol:BookProof_ChapterSirkEndToEnd_sirk_flow_error_tendsto_zero: FAIL (theorem not published yet)
18:26:35 processing sol:BookProof_ChapterSirkEndToEnd_sirk_flow_error_uniform_in_time (attempt 1)
18:26:35 sol:BookProof_ChapterSirkEndToEnd_sirk_flow_error_uniform_in_time: FAIL (theorem not published yet)
18:26:35 processing sol:BookProof_ChapterSirkEndToEnd_tendsto_zero_of_le_sirkBound (attempt 1)
18:26:35 sol:BookProof_ChapterSirkEndToEnd_tendsto_zero_of_le_sirkBound: FAIL (theorem not published yet)
18:26:35 processing sol:BookProof_ChapterSirkPerSystem_diagKR_sirk_crouzeix_domain (attempt 1)
18:26:35 sol:BookProof_ChapterSirkPerSystem_diagKR_sirk_crouzeix_domain: FAIL (theorem not published yet)
18:26:35 processing sol:BookProof_ChapterSirkPerSystem_lagrangian_sirk_crouzeix_domain (attempt 1)
18:26:35 sol:BookProof_ChapterSirkPerSystem_lagrangian_sirk_crouzeix_domain: FAIL (theorem not published yet)
18:26:35 processing sol:BookProof_ChapterSirkPerSystem_nsDiff_sirk_crouzeix_domain (attempt 1)
18:26:35 sol:BookProof_ChapterSirkPerSystem_nsDiff_sirk_crouzeix_domain: FAIL (theorem not published yet)
18:26:35 processing sol:BookProof_ChapterSirkPerSystem_ns_sirk_crouzeix_domain (attempt 1)
18:26:35 sol:BookProof_ChapterSirkPerSystem_ns_sirk_crouzeix_domain: FAIL (theorem not published yet)
18:26:35 processing sol:BookProof_ChapterSirkPerSystem_qgR2_shiftInvert_selects (attempt 1)
18:26:35 sol:BookProof_ChapterSirkPerSystem_qgR2_shiftInvert_selects: FAIL (theorem not published yet)
18:26:35 processing sol:BookProof_ChapterSirkPerSystem_qgR2_sirk_crouzeix_domain (attempt 1)
18:26:35 sol:BookProof_ChapterSirkPerSystem_qgR2_sirk_crouzeix_domain: FAIL (theorem not published yet)
18:26:35 processing sol:BookProof_ChapterSirkPerSystem_ym_sirk_crouzeix_domain (attempt 1)
18:26:35 sol:BookProof_ChapterSirkPerSystem_ym_sirk_crouzeix_domain: FAIL (theorem not published yet)
18:26:35 processing sol:BookProof_ChapterSirkWhitening_adjoint_comp_rangeProj (attempt 1)
18:26:35 sol:BookProof_ChapterSirkWhitening_adjoint_comp_rangeProj: FAIL (theorem not published yet)
18:26:35 processing sol:BookProof_ChapterSirkWhitening_compress_conj_whitening (attempt 1)
18:26:35 sol:BookProof_ChapterSirkWhitening_compress_conj_whitening: FAIL (theorem not published yet)
18:26:35 processing sol:BookProof_ChapterSirkWhitening_compress_reconstruct_eq (attempt 1)
18:26:35 sol:BookProof_ChapterSirkWhitening_compress_reconstruct_eq: FAIL (theorem not published yet)
18:26:35 processing sol:BookProof_ChapterSirkWhitening_embedding_comp_whiteningEquiv (attempt 1)
18:26:35 sol:BookProof_ChapterSirkWhitening_embedding_comp_whiteningEquiv: FAIL (theorem not published yet)
18:26:35 processing sol:BookProof_ChapterSirkWhitening_rangeProj_adjoint (attempt 1)
18:26:35 sol:BookProof_ChapterSirkWhitening_rangeProj_adjoint: FAIL (theorem not published yet)
18:26:35 processing sol:BookProof_ChapterSirkWhitening_rangeProj_apply (attempt 1)
18:26:35 sol:BookProof_ChapterSirkWhitening_rangeProj_apply: FAIL (theorem not published yet)
18:26:35 processing sol:BookProof_ChapterSirkWhitening_rangeProj_comp_embedding (attempt 1)
18:26:35 sol:BookProof_ChapterSirkWhitening_rangeProj_comp_embedding: FAIL (theorem not published yet)
18:26:35 processing sol:BookProof_ChapterSirkWhitening_rangeProj_comp_of_le (attempt 1)
18:26:35 sol:BookProof_ChapterSirkWhitening_rangeProj_comp_of_le: FAIL (theorem not published yet)
18:26:35 processing sol:BookProof_ChapterSirkWhitening_rangeProj_comp_self (attempt 1)
18:26:35 sol:BookProof_ChapterSirkWhitening_rangeProj_comp_self: FAIL (theorem not published yet)
18:26:35 processing sol:BookProof_ChapterSirkWhitening_rangeProj_eq_of_range_eq (attempt 1)
18:26:35 sol:BookProof_ChapterSirkWhitening_rangeProj_eq_of_range_eq: FAIL (theorem not published yet)
18:26:35 processing sol:BookProof_ChapterSirkWhitening_rangeProj_isSelfAdjoint (attempt 1)
18:26:35 sol:BookProof_ChapterSirkWhitening_rangeProj_isSelfAdjoint: FAIL (theorem not published yet)
18:26:35 processing sol:BookProof_ChapterSirkWhitening_sirkApprox_eq_of_range_eq (attempt 1)
18:26:35 sol:BookProof_ChapterSirkWhitening_sirkApprox_eq_of_range_eq: FAIL (theorem not published yet)
18:26:35 processing sol:BookProof_ChapterSirkWhitening_whiteningEquiv_isometry (attempt 1)
18:26:35 sol:BookProof_ChapterSirkWhitening_whiteningEquiv_isometry: FAIL (theorem not published yet)
18:26:35 processing sol:BookProof_ChapterSirkWhitening_whiteningEquiv_left_inverse (attempt 1)
18:26:35 sol:BookProof_ChapterSirkWhitening_whiteningEquiv_left_inverse: FAIL (theorem not published yet)
18:26:35 summary: 254 done, 163 pending, 0 failed
18:27:26 processing def:ChapterYangMillsHermite (attempt 1)
18:27:28 def:ChapterYangMillsHermite: FAIL (local compile failed: /home/leo/prove2me_workspace/Definitions/Def_ChapterYangMillsHermite.lean:1:0: error: object file '/home/leo/prove2me_workspace/)
18:27:28 processing def:ChapterSirkWhitening (attempt 1)
18:27:33 def:ChapterSirkWhitening: FAIL (local compile failed: /home/leo/prove2me_workspace/Definitions/Def_ChapterSirkWhitening.lean:42:5: error: unknown namespace `BookProof.ChapterH4`
/hom)
18:27:33 processing def:ChapterSirkPerSystem (attempt 1)
18:27:35 def:ChapterSirkPerSystem: FAIL (local compile failed: /home/leo/prove2me_workspace/Definitions/Def_ChapterSirkPerSystem.lean:1:0: error: object file '/home/leo/prove2me_workspace/.la)
18:27:35 processing def:ChapterSirkEndToEnd (attempt 1)
18:27:36 def:ChapterSirkEndToEnd: FAIL (local compile failed: /home/leo/prove2me_workspace/Definitions/Def_ChapterSirkEndToEnd.lean:1:0: error: object file '/home/leo/prove2me_workspace/.lak)
18:27:36 processing def:ChapterSirkDiffusiveDecay (attempt 1)
18:27:42 def:ChapterSirkDiffusiveDecay: FAIL (local compile failed: /home/leo/prove2me_workspace/Definitions/Def_ChapterSirkDiffusiveDecay.lean:56:5: error: unknown namespace `BookProof.ChapterH4`)
18:27:42 processing def:ChapterYangMillsSU3 (attempt 3)
18:27:52 def:ChapterYangMillsSU3: FAIL (submit-definition rejected: {"error": "A theorem or definition with name \"ChapterYangMillsSU3\" already exists"})
18:27:52 processing def:ChapterSirkGroupTransfer (attempt 3)
18:28:00 def:ChapterSirkGroupTransfer: FAIL (submit-definition rejected: {"error": "A theorem or definition with name \"ChapterSirkGroupTransfer\" already exists"})
18:28:00 processing def:ChapterMajoranaProp76 (attempt 3)
18:28:08 def:ChapterMajoranaProp76: FAIL (submit-definition rejected: {"error": "A theorem or definition with name \"ChapterMajoranaProp76\" already exists"})
18:28:08 processing thm:BookProof_ChapterMajoranaProp76_LinearIsometryEquiv_isNote4Unitary (attempt 3)
18:28:11 thm:BookProof_ChapterMajoranaProp76_LinearIsometryEquiv_isNote4Unitary: FAIL (local compile failed: /home/leo/prove2me_workspace/Theorems/Thm_BookProof_ChapterMajoranaProp76_LinearIsometryEquiv_isNote4Unitary.lean:5:5: error: un)
18:28:11 processing thm:BookProof_ChapterSirkGroupTransfer_norm_pow_le_of_le (attempt 3)
18:28:14 thm:BookProof_ChapterSirkGroupTransfer_norm_pow_le_of_le: FAIL (cannot split formal_statement from /home/leo/prove2me_workspace/Theorems/Thm_BookProof_ChapterSirkGroupTransfer_norm_pow_le_of_le.lean)
18:28:14 processing thm:BookProof_ChapterSirkGroupTransfer_norm_pow_sub_pow_le (attempt 3)
18:28:17 thm:BookProof_ChapterSirkGroupTransfer_norm_pow_sub_pow_le: FAIL (cannot split formal_statement from /home/leo/prove2me_workspace/Theorems/Thm_BookProof_ChapterSirkGroupTransfer_norm_pow_sub_pow_le.lean)
18:28:17 processing thm:BookProof_ChapterSirkGroupTransfer_groupFlow_zero (attempt 3)
18:28:20 thm:BookProof_ChapterSirkGroupTransfer_groupFlow_zero: FAIL (cannot split formal_statement from /home/leo/prove2me_workspace/Theorems/Thm_BookProof_ChapterSirkGroupTransfer_groupFlow_zero.lean)
18:28:20 processing thm:BookProof_ChapterSirkDiffusiveDecay_hasDerivAt_heatFlow_apply (attempt 3)
18:28:23 thm:BookProof_ChapterSirkDiffusiveDecay_hasDerivAt_heatFlow_apply: FAIL (local compile failed: /home/leo/prove2me_workspace/Theorems/Thm_BookProof_ChapterSirkDiffusiveDecay_hasDerivAt_heatFlow_apply.lean:17:5: error: unknow)
18:28:23 processing thm:BookProof_ChapterSirkDiffusiveDecay_hasDerivAt_heatFlow_normSq (attempt 3)
18:28:27 thm:BookProof_ChapterSirkDiffusiveDecay_hasDerivAt_heatFlow_normSq: FAIL (local compile failed: /home/leo/prove2me_workspace/Theorems/Thm_BookProof_ChapterSirkDiffusiveDecay_hasDerivAt_heatFlow_normSq.lean:17:5: error: unkno)
18:28:27 processing thm:BookProof_ChapterSirkDiffusiveDecay_heatFlow_apply_comm (attempt 3)
18:28:30 thm:BookProof_ChapterSirkDiffusiveDecay_heatFlow_apply_comm: FAIL (local compile failed: /home/leo/prove2me_workspace/Theorems/Thm_BookProof_ChapterSirkDiffusiveDecay_heatFlow_apply_comm.lean:17:5: error: unknown name)
18:28:30 processing thm:BookProof_ChapterSirkDiffusiveDecay_heatFlow_zero (attempt 3)
18:28:33 thm:BookProof_ChapterSirkDiffusiveDecay_heatFlow_zero: FAIL (local compile failed: /home/leo/prove2me_workspace/Theorems/Thm_BookProof_ChapterSirkDiffusiveDecay_heatFlow_zero.lean:17:5: error: unknown namespace )
18:28:33 processing thm:BookProof_ChapterSirkDiffusiveDecay_isCoercive_add_algebraMap (attempt 3)
18:28:36 thm:BookProof_ChapterSirkDiffusiveDecay_isCoercive_add_algebraMap: FAIL (local compile failed: /home/leo/prove2me_workspace/Theorems/Thm_BookProof_ChapterSirkDiffusiveDecay_isCoercive_add_algebraMap.lean:17:5: error: unknow)
18:28:36 processing thm:BookProof_ChapterSirkDiffusiveDecay_isCoercive_compress (attempt 3)
18:28:39 thm:BookProof_ChapterSirkDiffusiveDecay_isCoercive_compress: FAIL (local compile failed: /home/leo/prove2me_workspace/Theorems/Thm_BookProof_ChapterSirkDiffusiveDecay_isCoercive_compress.lean:17:5: error: unknown name)
18:28:39 processing thm:BookProof_ChapterSirkDiffusiveDecay_norm_embedding (attempt 3)
18:28:43 thm:BookProof_ChapterSirkDiffusiveDecay_norm_embedding: FAIL (local compile failed: /home/leo/prove2me_workspace/Theorems/Thm_BookProof_ChapterSirkDiffusiveDecay_norm_embedding.lean:17:5: error: unknown namespace)
18:28:43 processing thm:BookProof_ChapterSirkDiffusiveDecay_norm_heatFlow_apply_le (attempt 3)
18:28:46 thm:BookProof_ChapterSirkDiffusiveDecay_norm_heatFlow_apply_le: FAIL (local compile failed: /home/leo/prove2me_workspace/Theorems/Thm_BookProof_ChapterSirkDiffusiveDecay_norm_heatFlow_apply_le.lean:17:5: error: unknown n)
18:28:46 processing thm:BookProof_ChapterSirkDiffusiveDecay_norm_heatFlow_compress_apply_le (attempt 2)
18:28:49 thm:BookProof_ChapterSirkDiffusiveDecay_norm_heatFlow_compress_apply_le: FAIL (local compile failed: /home/leo/prove2me_workspace/Theorems/Thm_BookProof_ChapterSirkDiffusiveDecay_norm_heatFlow_compress_apply_le.lean:17:5: error: )
18:28:49 processing thm:BookProof_ChapterSirkDiffusiveDecay_norm_heatFlow_le (attempt 2)
18:28:52 thm:BookProof_ChapterSirkDiffusiveDecay_norm_heatFlow_le: FAIL (local compile failed: /home/leo/prove2me_workspace/Theorems/Thm_BookProof_ChapterSirkDiffusiveDecay_norm_heatFlow_le.lean:17:5: error: unknown namespa)
18:28:52 processing thm:BookProof_ChapterSirkEndToEnd_crouzeix_domain_transfer (attempt 2)
18:28:55 thm:BookProof_ChapterSirkEndToEnd_crouzeix_domain_transfer: FAIL (local compile failed: /home/leo/prove2me_workspace/Theorems/Thm_BookProof_ChapterSirkEndToEnd_crouzeix_domain_transfer.lean:20:5: error: unknown names)
18:28:55 processing thm:BookProof_ChapterSirkEndToEnd_crouzeix_domain_uniform (attempt 2)
18:28:59 thm:BookProof_ChapterSirkEndToEnd_crouzeix_domain_uniform: FAIL (local compile failed: /home/leo/prove2me_workspace/Theorems/Thm_BookProof_ChapterSirkEndToEnd_crouzeix_domain_uniform.lean:20:5: error: unknown namesp)
18:28:59 processing thm:BookProof_ChapterSirkEndToEnd_norm_sirkApprox_apply_le (attempt 2)
18:29:02 thm:BookProof_ChapterSirkEndToEnd_norm_sirkApprox_apply_le: FAIL (local compile failed: /home/leo/prove2me_workspace/Theorems/Thm_BookProof_ChapterSirkEndToEnd_norm_sirkApprox_apply_le.lean:20:5: error: unknown names)
18:29:02 processing thm:BookProof_ChapterSirkEndToEnd_norm_sirkApprox_apply_le_of_isometry (attempt 2)
18:29:05 thm:BookProof_ChapterSirkEndToEnd_norm_sirkApprox_apply_le_of_isometry: FAIL (local compile failed: /home/leo/prove2me_workspace/Theorems/Thm_BookProof_ChapterSirkEndToEnd_norm_sirkApprox_apply_le_of_isometry.lean:20:5: error: u)
18:29:05 processing thm:BookProof_ChapterSirkEndToEnd_sirkApprox_apply (attempt 2)
18:29:08 thm:BookProof_ChapterSirkEndToEnd_sirkApprox_apply: FAIL (local compile failed: /home/leo/prove2me_workspace/Theorems/Thm_BookProof_ChapterSirkEndToEnd_sirkApprox_apply.lean:20:5: error: unknown namespace `Bo)
18:29:08 processing thm:BookProof_ChapterSirkEndToEnd_sirkApprox_id (attempt 2)
18:29:11 thm:BookProof_ChapterSirkEndToEnd_sirkApprox_id: FAIL (local compile failed: /home/leo/prove2me_workspace/Theorems/Thm_BookProof_ChapterSirkEndToEnd_sirkApprox_id.lean:20:5: error: unknown namespace `BookP)
18:29:11 processing thm:BookProof_ChapterSirkEndToEnd_sirkReconstruction_isIdempotent (attempt 2)
18:29:15 thm:BookProof_ChapterSirkEndToEnd_sirkReconstruction_isIdempotent: FAIL (local compile failed: /home/leo/prove2me_workspace/Theorems/Thm_BookProof_ChapterSirkEndToEnd_sirkReconstruction_isIdempotent.lean:20:5: error: unknow)
18:29:15 processing thm:BookProof_ChapterSirkEndToEnd_sirkReconstruction_isSelfAdjoint (attempt 2)
18:29:18 thm:BookProof_ChapterSirkEndToEnd_sirkReconstruction_isSelfAdjoint: FAIL (local compile failed: /home/leo/prove2me_workspace/Theorems/Thm_BookProof_ChapterSirkEndToEnd_sirkReconstruction_isSelfAdjoint.lean:20:5: error: unkno)
18:29:18 processing thm:BookProof_ChapterSirkEndToEnd_sirk_end_to_end (attempt 2)
18:29:22 thm:BookProof_ChapterSirkEndToEnd_sirk_end_to_end: FAIL (local compile failed: /home/leo/prove2me_workspace/Theorems/Thm_BookProof_ChapterSirkEndToEnd_sirk_end_to_end.lean:20:5: error: unknown namespace `Boo)
18:29:22 processing thm:BookProof_ChapterSirkEndToEnd_sirk_end_to_end_satisfiable (attempt 2)
18:29:26 thm:BookProof_ChapterSirkEndToEnd_sirk_end_to_end_satisfiable: FAIL (local compile failed: /home/leo/prove2me_workspace/Theorems/Thm_BookProof_ChapterSirkEndToEnd_sirk_end_to_end_satisfiable.lean:20:5: error: unknown na)
18:29:26 processing thm:BookProof_ChapterSirkEndToEnd_sirk_error_bound_at (attempt 2)
18:29:29 thm:BookProof_ChapterSirkEndToEnd_sirk_error_bound_at: FAIL (local compile failed: /home/leo/prove2me_workspace/Theorems/Thm_BookProof_ChapterSirkEndToEnd_sirk_error_bound_at.lean:20:5: error: unknown namespace )
18:29:29 processing thm:BookProof_ChapterSirkEndToEnd_sirk_flow_error_tendsto_zero (attempt 2)
18:29:32 thm:BookProof_ChapterSirkEndToEnd_sirk_flow_error_tendsto_zero: FAIL (local compile failed: /home/leo/prove2me_workspace/Theorems/Thm_BookProof_ChapterSirkEndToEnd_sirk_flow_error_tendsto_zero.lean:20:5: error: unknown n)
18:29:32 processing thm:BookProof_ChapterSirkEndToEnd_sirk_flow_error_uniform_in_time (attempt 2)
18:29:35 thm:BookProof_ChapterSirkEndToEnd_sirk_flow_error_uniform_in_time: FAIL (local compile failed: /home/leo/prove2me_workspace/Theorems/Thm_BookProof_ChapterSirkEndToEnd_sirk_flow_error_uniform_in_time.lean:20:5: error: unknow)
18:29:35 processing thm:BookProof_ChapterSirkEndToEnd_tendsto_zero_of_le_sirkBound (attempt 2)
18:29:38 thm:BookProof_ChapterSirkEndToEnd_tendsto_zero_of_le_sirkBound: FAIL (local compile failed: /home/leo/prove2me_workspace/Theorems/Thm_BookProof_ChapterSirkEndToEnd_tendsto_zero_of_le_sirkBound.lean:20:5: error: unknown n)
18:29:38 processing thm:BookProof_ChapterSirkPerSystem_diagKR_sirk_crouzeix_domain (attempt 2)
18:29:40 thm:BookProof_ChapterSirkPerSystem_diagKR_sirk_crouzeix_domain: FAIL (local compile failed: /home/leo/prove2me_workspace/Theorems/Thm_BookProof_ChapterSirkPerSystem_diagKR_sirk_crouzeix_domain.lean:2:0: error: object fil)
18:29:40 processing thm:BookProof_ChapterSirkPerSystem_lagrangian_sirk_crouzeix_domain (attempt 2)
18:29:41 thm:BookProof_ChapterSirkPerSystem_lagrangian_sirk_crouzeix_domain: FAIL (local compile failed: /home/leo/prove2me_workspace/Theorems/Thm_BookProof_ChapterSirkPerSystem_lagrangian_sirk_crouzeix_domain.lean:2:0: error: object)
18:29:41 processing thm:BookProof_ChapterSirkPerSystem_nsDiff_sirk_crouzeix_domain (attempt 2)
18:29:42 thm:BookProof_ChapterSirkPerSystem_nsDiff_sirk_crouzeix_domain: FAIL (local compile failed: /home/leo/prove2me_workspace/Theorems/Thm_BookProof_ChapterSirkPerSystem_nsDiff_sirk_crouzeix_domain.lean:2:0: error: object fil)
18:29:42 processing thm:BookProof_ChapterSirkPerSystem_ns_sirk_crouzeix_domain (attempt 2)
18:29:44 thm:BookProof_ChapterSirkPerSystem_ns_sirk_crouzeix_domain: FAIL (local compile failed: /home/leo/prove2me_workspace/Theorems/Thm_BookProof_ChapterSirkPerSystem_ns_sirk_crouzeix_domain.lean:2:0: error: object file '/)
18:29:44 processing thm:BookProof_ChapterSirkPerSystem_qgR2_shiftInvert_selects (attempt 2)
18:29:45 thm:BookProof_ChapterSirkPerSystem_qgR2_shiftInvert_selects: FAIL (local compile failed: /home/leo/prove2me_workspace/Theorems/Thm_BookProof_ChapterSirkPerSystem_qgR2_shiftInvert_selects.lean:2:0: error: object file ')
18:29:45 processing thm:BookProof_ChapterSirkPerSystem_qgR2_sirk_crouzeix_domain (attempt 2)
18:29:46 thm:BookProof_ChapterSirkPerSystem_qgR2_sirk_crouzeix_domain: FAIL (local compile failed: /home/leo/prove2me_workspace/Theorems/Thm_BookProof_ChapterSirkPerSystem_qgR2_sirk_crouzeix_domain.lean:2:0: error: object file )
18:29:46 processing thm:BookProof_ChapterSirkPerSystem_ym_sirk_crouzeix_domain (attempt 2)
18:29:48 thm:BookProof_ChapterSirkPerSystem_ym_sirk_crouzeix_domain: FAIL (local compile failed: /home/leo/prove2me_workspace/Theorems/Thm_BookProof_ChapterSirkPerSystem_ym_sirk_crouzeix_domain.lean:2:0: error: object file '/)
18:29:48 processing thm:BookProof_ChapterSirkWhitening_adjoint_comp_rangeProj (attempt 2)
18:29:51 thm:BookProof_ChapterSirkWhitening_adjoint_comp_rangeProj: FAIL (local compile failed: /home/leo/prove2me_workspace/Theorems/Thm_BookProof_ChapterSirkWhitening_adjoint_comp_rangeProj.lean:15:5: error: unknown namesp)
18:29:51 processing thm:BookProof_ChapterSirkWhitening_compress_conj_whitening (attempt 2)
18:29:55 thm:BookProof_ChapterSirkWhitening_compress_conj_whitening: FAIL (local compile failed: /home/leo/prove2me_workspace/Theorems/Thm_BookProof_ChapterSirkWhitening_compress_conj_whitening.lean:15:5: error: unknown names)
18:29:55 processing thm:BookProof_ChapterSirkWhitening_compress_reconstruct_eq (attempt 2)
18:29:58 thm:BookProof_ChapterSirkWhitening_compress_reconstruct_eq: FAIL (local compile failed: /home/leo/prove2me_workspace/Theorems/Thm_BookProof_ChapterSirkWhitening_compress_reconstruct_eq.lean:15:5: error: unknown names)
18:29:58 processing thm:BookProof_ChapterSirkWhitening_embedding_comp_whiteningEquiv (attempt 2)
18:30:01 thm:BookProof_ChapterSirkWhitening_embedding_comp_whiteningEquiv: FAIL (local compile failed: /home/leo/prove2me_workspace/Theorems/Thm_BookProof_ChapterSirkWhitening_embedding_comp_whiteningEquiv.lean:15:5: error: unknown)
18:30:01 processing thm:BookProof_ChapterSirkWhitening_rangeProj_adjoint (attempt 2)
18:30:04 thm:BookProof_ChapterSirkWhitening_rangeProj_adjoint: FAIL (local compile failed: /home/leo/prove2me_workspace/Theorems/Thm_BookProof_ChapterSirkWhitening_rangeProj_adjoint.lean:15:5: error: unknown namespace `)
18:30:04 processing thm:BookProof_ChapterSirkWhitening_rangeProj_apply (attempt 2)
18:30:08 thm:BookProof_ChapterSirkWhitening_rangeProj_apply: FAIL (local compile failed: /home/leo/prove2me_workspace/Theorems/Thm_BookProof_ChapterSirkWhitening_rangeProj_apply.lean:15:5: error: unknown namespace `Bo)
18:30:08 processing thm:BookProof_ChapterSirkWhitening_rangeProj_comp_embedding (attempt 2)
18:30:11 thm:BookProof_ChapterSirkWhitening_rangeProj_comp_embedding: FAIL (local compile failed: /home/leo/prove2me_workspace/Theorems/Thm_BookProof_ChapterSirkWhitening_rangeProj_comp_embedding.lean:15:5: error: unknown name)
18:30:11 processing thm:BookProof_ChapterSirkWhitening_rangeProj_comp_of_le (attempt 2)
18:30:14 thm:BookProof_ChapterSirkWhitening_rangeProj_comp_of_le: FAIL (local compile failed: /home/leo/prove2me_workspace/Theorems/Thm_BookProof_ChapterSirkWhitening_rangeProj_comp_of_le.lean:15:5: error: unknown namespac)
18:30:14 processing thm:BookProof_ChapterSirkWhitening_rangeProj_comp_self (attempt 2)
18:30:17 thm:BookProof_ChapterSirkWhitening_rangeProj_comp_self: FAIL (local compile failed: /home/leo/prove2me_workspace/Theorems/Thm_BookProof_ChapterSirkWhitening_rangeProj_comp_self.lean:15:5: error: unknown namespace)
18:30:17 processing thm:BookProof_ChapterSirkWhitening_rangeProj_eq_of_range_eq (attempt 2)
18:30:21 thm:BookProof_ChapterSirkWhitening_rangeProj_eq_of_range_eq: FAIL (local compile failed: /home/leo/prove2me_workspace/Theorems/Thm_BookProof_ChapterSirkWhitening_rangeProj_eq_of_range_eq.lean:15:5: error: unknown name)
18:30:21 processing thm:BookProof_ChapterSirkWhitening_rangeProj_isSelfAdjoint (attempt 2)
18:30:24 thm:BookProof_ChapterSirkWhitening_rangeProj_isSelfAdjoint: FAIL (local compile failed: /home/leo/prove2me_workspace/Theorems/Thm_BookProof_ChapterSirkWhitening_rangeProj_isSelfAdjoint.lean:15:5: error: unknown names)
18:30:24 processing thm:BookProof_ChapterSirkWhitening_sirkApprox_eq_of_range_eq (attempt 2)
18:30:27 thm:BookProof_ChapterSirkWhitening_sirkApprox_eq_of_range_eq: FAIL (local compile failed: /home/leo/prove2me_workspace/Theorems/Thm_BookProof_ChapterSirkWhitening_sirkApprox_eq_of_range_eq.lean:15:5: error: unknown nam)
18:30:27 processing thm:BookProof_ChapterSirkWhitening_whiteningEquiv_isometry (attempt 2)
18:30:31 thm:BookProof_ChapterSirkWhitening_whiteningEquiv_isometry: FAIL (local compile failed: /home/leo/prove2me_workspace/Theorems/Thm_BookProof_ChapterSirkWhitening_whiteningEquiv_isometry.lean:15:5: error: unknown names)
18:30:31 processing thm:BookProof_ChapterSirkWhitening_whiteningEquiv_left_inverse (attempt 2)
18:30:34 thm:BookProof_ChapterSirkWhitening_whiteningEquiv_left_inverse: FAIL (local compile failed: /home/leo/prove2me_workspace/Theorems/Thm_BookProof_ChapterSirkWhitening_whiteningEquiv_left_inverse.lean:15:5: error: unknown n)
18:30:34 processing sol:BookProof_ChapterMajoranaProp76_LinearIsometryEquiv_isNote4Unitary (attempt 2)
18:30:34 sol:BookProof_ChapterMajoranaProp76_LinearIsometryEquiv_isNote4Unitary: FAIL (theorem not published yet)
18:30:34 processing sol:BookProof_ChapterSirkGroupTransfer_norm_pow_le_of_le (attempt 2)
18:30:34 sol:BookProof_ChapterSirkGroupTransfer_norm_pow_le_of_le: FAIL (theorem not published yet)
18:30:34 processing sol:BookProof_ChapterSirkGroupTransfer_norm_pow_sub_pow_le (attempt 2)
18:30:34 sol:BookProof_ChapterSirkGroupTransfer_norm_pow_sub_pow_le: FAIL (theorem not published yet)
18:30:34 processing sol:BookProof_ChapterSirkGroupTransfer_groupFlow_zero (attempt 2)
18:30:34 sol:BookProof_ChapterSirkGroupTransfer_groupFlow_zero: FAIL (theorem not published yet)
18:30:34 processing sol:BookProof_ChapterSirkDiffusiveDecay_hasDerivAt_heatFlow_apply (attempt 2)
18:30:34 sol:BookProof_ChapterSirkDiffusiveDecay_hasDerivAt_heatFlow_apply: FAIL (theorem not published yet)
18:30:34 processing sol:BookProof_ChapterSirkDiffusiveDecay_hasDerivAt_heatFlow_normSq (attempt 2)
18:30:34 sol:BookProof_ChapterSirkDiffusiveDecay_hasDerivAt_heatFlow_normSq: FAIL (theorem not published yet)
18:30:34 processing sol:BookProof_ChapterSirkDiffusiveDecay_heatFlow_apply_comm (attempt 2)
18:30:34 sol:BookProof_ChapterSirkDiffusiveDecay_heatFlow_apply_comm: FAIL (theorem not published yet)
18:30:34 processing sol:BookProof_ChapterSirkDiffusiveDecay_heatFlow_zero (attempt 2)
18:30:34 sol:BookProof_ChapterSirkDiffusiveDecay_heatFlow_zero: FAIL (theorem not published yet)
18:30:34 processing sol:BookProof_ChapterSirkDiffusiveDecay_isCoercive_add_algebraMap (attempt 2)
18:30:34 sol:BookProof_ChapterSirkDiffusiveDecay_isCoercive_add_algebraMap: FAIL (theorem not published yet)
18:30:34 processing sol:BookProof_ChapterSirkDiffusiveDecay_isCoercive_compress (attempt 2)
18:30:34 sol:BookProof_ChapterSirkDiffusiveDecay_isCoercive_compress: FAIL (theorem not published yet)
18:30:34 processing sol:BookProof_ChapterSirkDiffusiveDecay_norm_embedding (attempt 2)
18:30:34 sol:BookProof_ChapterSirkDiffusiveDecay_norm_embedding: FAIL (theorem not published yet)
18:30:34 processing sol:BookProof_ChapterSirkDiffusiveDecay_norm_heatFlow_apply_le (attempt 2)
18:30:34 sol:BookProof_ChapterSirkDiffusiveDecay_norm_heatFlow_apply_le: FAIL (theorem not published yet)
18:30:34 processing sol:BookProof_ChapterSirkDiffusiveDecay_norm_heatFlow_compress_apply_le (attempt 2)
18:30:34 sol:BookProof_ChapterSirkDiffusiveDecay_norm_heatFlow_compress_apply_le: FAIL (theorem not published yet)
18:30:34 processing sol:BookProof_ChapterSirkDiffusiveDecay_norm_heatFlow_le (attempt 2)
18:30:34 sol:BookProof_ChapterSirkDiffusiveDecay_norm_heatFlow_le: FAIL (theorem not published yet)
18:30:34 processing sol:BookProof_ChapterSirkEndToEnd_crouzeix_domain_transfer (attempt 2)
18:30:34 sol:BookProof_ChapterSirkEndToEnd_crouzeix_domain_transfer: FAIL (theorem not published yet)
18:30:34 processing sol:BookProof_ChapterSirkEndToEnd_crouzeix_domain_uniform (attempt 2)
18:30:34 sol:BookProof_ChapterSirkEndToEnd_crouzeix_domain_uniform: FAIL (theorem not published yet)
18:30:34 processing sol:BookProof_ChapterSirkEndToEnd_norm_sirkApprox_apply_le (attempt 2)
18:30:34 sol:BookProof_ChapterSirkEndToEnd_norm_sirkApprox_apply_le: FAIL (theorem not published yet)
18:30:34 processing sol:BookProof_ChapterSirkEndToEnd_norm_sirkApprox_apply_le_of_isometry (attempt 2)
18:30:34 sol:BookProof_ChapterSirkEndToEnd_norm_sirkApprox_apply_le_of_isometry: FAIL (theorem not published yet)
18:30:34 processing sol:BookProof_ChapterSirkEndToEnd_sirkApprox_apply (attempt 2)
18:30:34 sol:BookProof_ChapterSirkEndToEnd_sirkApprox_apply: FAIL (theorem not published yet)
18:30:34 processing sol:BookProof_ChapterSirkEndToEnd_sirkApprox_id (attempt 2)
18:30:34 sol:BookProof_ChapterSirkEndToEnd_sirkApprox_id: FAIL (theorem not published yet)
18:30:34 processing sol:BookProof_ChapterSirkEndToEnd_sirkReconstruction_isIdempotent (attempt 2)
18:30:34 sol:BookProof_ChapterSirkEndToEnd_sirkReconstruction_isIdempotent: FAIL (theorem not published yet)
18:30:34 processing sol:BookProof_ChapterSirkEndToEnd_sirkReconstruction_isSelfAdjoint (attempt 2)
18:30:34 sol:BookProof_ChapterSirkEndToEnd_sirkReconstruction_isSelfAdjoint: FAIL (theorem not published yet)
18:30:34 processing sol:BookProof_ChapterSirkEndToEnd_sirk_end_to_end (attempt 2)
18:30:34 sol:BookProof_ChapterSirkEndToEnd_sirk_end_to_end: FAIL (theorem not published yet)
18:30:34 processing sol:BookProof_ChapterSirkEndToEnd_sirk_end_to_end_satisfiable (attempt 2)
18:30:34 sol:BookProof_ChapterSirkEndToEnd_sirk_end_to_end_satisfiable: FAIL (theorem not published yet)
18:30:34 processing sol:BookProof_ChapterSirkEndToEnd_sirk_error_bound_at (attempt 2)
18:30:34 sol:BookProof_ChapterSirkEndToEnd_sirk_error_bound_at: FAIL (theorem not published yet)
18:30:34 processing sol:BookProof_ChapterSirkEndToEnd_sirk_flow_error_tendsto_zero (attempt 2)
18:30:34 sol:BookProof_ChapterSirkEndToEnd_sirk_flow_error_tendsto_zero: FAIL (theorem not published yet)
18:30:34 processing sol:BookProof_ChapterSirkEndToEnd_sirk_flow_error_uniform_in_time (attempt 2)
18:30:34 sol:BookProof_ChapterSirkEndToEnd_sirk_flow_error_uniform_in_time: FAIL (theorem not published yet)
18:30:34 processing sol:BookProof_ChapterSirkEndToEnd_tendsto_zero_of_le_sirkBound (attempt 2)
18:30:34 sol:BookProof_ChapterSirkEndToEnd_tendsto_zero_of_le_sirkBound: FAIL (theorem not published yet)
18:30:34 processing sol:BookProof_ChapterSirkPerSystem_diagKR_sirk_crouzeix_domain (attempt 2)
18:30:34 sol:BookProof_ChapterSirkPerSystem_diagKR_sirk_crouzeix_domain: FAIL (theorem not published yet)
18:30:34 processing sol:BookProof_ChapterSirkPerSystem_lagrangian_sirk_crouzeix_domain (attempt 2)
18:30:34 sol:BookProof_ChapterSirkPerSystem_lagrangian_sirk_crouzeix_domain: FAIL (theorem not published yet)
18:30:34 processing sol:BookProof_ChapterSirkPerSystem_nsDiff_sirk_crouzeix_domain (attempt 2)
18:30:34 sol:BookProof_ChapterSirkPerSystem_nsDiff_sirk_crouzeix_domain: FAIL (theorem not published yet)
18:30:34 processing sol:BookProof_ChapterSirkPerSystem_ns_sirk_crouzeix_domain (attempt 2)
18:30:34 sol:BookProof_ChapterSirkPerSystem_ns_sirk_crouzeix_domain: FAIL (theorem not published yet)
18:30:34 processing sol:BookProof_ChapterSirkPerSystem_qgR2_shiftInvert_selects (attempt 2)
18:30:34 sol:BookProof_ChapterSirkPerSystem_qgR2_shiftInvert_selects: FAIL (theorem not published yet)
18:30:34 processing sol:BookProof_ChapterSirkPerSystem_qgR2_sirk_crouzeix_domain (attempt 2)
18:30:34 sol:BookProof_ChapterSirkPerSystem_qgR2_sirk_crouzeix_domain: FAIL (theorem not published yet)
18:30:34 processing sol:BookProof_ChapterSirkPerSystem_ym_sirk_crouzeix_domain (attempt 2)
18:30:34 sol:BookProof_ChapterSirkPerSystem_ym_sirk_crouzeix_domain: FAIL (theorem not published yet)
18:30:34 processing sol:BookProof_ChapterSirkWhitening_adjoint_comp_rangeProj (attempt 2)
18:30:34 sol:BookProof_ChapterSirkWhitening_adjoint_comp_rangeProj: FAIL (theorem not published yet)
18:30:34 processing sol:BookProof_ChapterSirkWhitening_compress_conj_whitening (attempt 2)
18:30:34 sol:BookProof_ChapterSirkWhitening_compress_conj_whitening: FAIL (theorem not published yet)
18:30:34 processing sol:BookProof_ChapterSirkWhitening_compress_reconstruct_eq (attempt 2)
18:30:34 sol:BookProof_ChapterSirkWhitening_compress_reconstruct_eq: FAIL (theorem not published yet)
18:30:34 processing sol:BookProof_ChapterSirkWhitening_embedding_comp_whiteningEquiv (attempt 2)
18:30:34 sol:BookProof_ChapterSirkWhitening_embedding_comp_whiteningEquiv: FAIL (theorem not published yet)
18:30:34 processing sol:BookProof_ChapterSirkWhitening_rangeProj_adjoint (attempt 2)
18:30:34 sol:BookProof_ChapterSirkWhitening_rangeProj_adjoint: FAIL (theorem not published yet)
18:30:34 processing sol:BookProof_ChapterSirkWhitening_rangeProj_apply (attempt 2)
18:30:34 sol:BookProof_ChapterSirkWhitening_rangeProj_apply: FAIL (theorem not published yet)
18:30:34 processing sol:BookProof_ChapterSirkWhitening_rangeProj_comp_embedding (attempt 2)
18:30:34 sol:BookProof_ChapterSirkWhitening_rangeProj_comp_embedding: FAIL (theorem not published yet)
18:30:34 processing sol:BookProof_ChapterSirkWhitening_rangeProj_comp_of_le (attempt 2)
18:30:34 sol:BookProof_ChapterSirkWhitening_rangeProj_comp_of_le: FAIL (theorem not published yet)
18:30:34 processing sol:BookProof_ChapterSirkWhitening_rangeProj_comp_self (attempt 2)
18:30:34 sol:BookProof_ChapterSirkWhitening_rangeProj_comp_self: FAIL (theorem not published yet)
18:30:34 processing sol:BookProof_ChapterSirkWhitening_rangeProj_eq_of_range_eq (attempt 2)
18:30:34 sol:BookProof_ChapterSirkWhitening_rangeProj_eq_of_range_eq: FAIL (theorem not published yet)
18:30:34 processing sol:BookProof_ChapterSirkWhitening_rangeProj_isSelfAdjoint (attempt 2)
18:30:34 sol:BookProof_ChapterSirkWhitening_rangeProj_isSelfAdjoint: FAIL (theorem not published yet)
18:30:34 processing sol:BookProof_ChapterSirkWhitening_sirkApprox_eq_of_range_eq (attempt 2)
18:30:34 sol:BookProof_ChapterSirkWhitening_sirkApprox_eq_of_range_eq: FAIL (theorem not published yet)
18:30:34 processing sol:BookProof_ChapterSirkWhitening_whiteningEquiv_isometry (attempt 2)
18:30:34 sol:BookProof_ChapterSirkWhitening_whiteningEquiv_isometry: FAIL (theorem not published yet)
18:30:34 processing sol:BookProof_ChapterSirkWhitening_whiteningEquiv_left_inverse (attempt 2)
18:30:34 sol:BookProof_ChapterSirkWhitening_whiteningEquiv_left_inverse: FAIL (theorem not published yet)
18:30:34 summary: 254 done, 163 pending, 0 failed
19:52:03 processing def:ChapterYangMillsHermite (attempt 2)
19:52:05 def:ChapterYangMillsHermite: FAIL (local compile failed: /home/leo/prove2me_workspace/Definitions/Def_ChapterYangMillsHermite.lean:1:0: error: object file '/home/leo/prove2me_workspace/)
19:52:05 processing def:ChapterSirkWhitening (attempt 2)
19:52:11 def:ChapterSirkWhitening: FAIL (local compile failed: /home/leo/prove2me_workspace/Definitions/Def_ChapterSirkWhitening.lean:42:5: error: unknown namespace `BookProof.ChapterH4`
/hom)
19:52:11 processing def:ChapterSirkPerSystem (attempt 2)
19:52:12 def:ChapterSirkPerSystem: FAIL (local compile failed: /home/leo/prove2me_workspace/Definitions/Def_ChapterSirkPerSystem.lean:1:0: error: object file '/home/leo/prove2me_workspace/.la)
19:52:12 processing def:ChapterSirkEndToEnd (attempt 2)
19:52:13 def:ChapterSirkEndToEnd: FAIL (local compile failed: /home/leo/prove2me_workspace/Definitions/Def_ChapterSirkEndToEnd.lean:1:0: error: object file '/home/leo/prove2me_workspace/.lak)
19:52:13 processing def:ChapterSirkDiffusiveDecay (attempt 2)
19:52:20 def:ChapterSirkDiffusiveDecay: FAIL (local compile failed: /home/leo/prove2me_workspace/Definitions/Def_ChapterSirkDiffusiveDecay.lean:56:5: error: unknown namespace `BookProof.ChapterH4`)
19:52:20 processing def:ChapterYangMillsSU3 (attempt 4)
19:52:28 def:ChapterYangMillsSU3: FAIL (submit-definition rejected: {"error": "A theorem or definition with name \"ChapterYangMillsSU3\" already exists"})
19:52:28 processing def:ChapterSirkGroupTransfer (attempt 4)
19:52:35 def:ChapterSirkGroupTransfer: FAIL (submit-definition rejected: {"error": "A theorem or definition with name \"ChapterSirkGroupTransfer\" already exists"})
19:52:35 processing def:ChapterMajoranaProp76 (attempt 4)
19:52:44 def:ChapterMajoranaProp76: FAIL (submit-definition rejected: {"error": "A theorem or definition with name \"ChapterMajoranaProp76\" already exists"})
19:52:44 processing thm:BookProof_ChapterMajoranaProp76_LinearIsometryEquiv_isNote4Unitary (attempt 4)
19:52:47 thm:BookProof_ChapterMajoranaProp76_LinearIsometryEquiv_isNote4Unitary: FAIL (local compile failed: /home/leo/prove2me_workspace/Theorems/Thm_BookProof_ChapterMajoranaProp76_LinearIsometryEquiv_isNote4Unitary.lean:5:5: error: un)
19:52:47 processing thm:BookProof_ChapterSirkGroupTransfer_norm_pow_le_of_le (attempt 4)
19:52:50 thm:BookProof_ChapterSirkGroupTransfer_norm_pow_le_of_le: FAIL (cannot split formal_statement from /home/leo/prove2me_workspace/Theorems/Thm_BookProof_ChapterSirkGroupTransfer_norm_pow_le_of_le.lean)
19:52:50 processing thm:BookProof_ChapterSirkGroupTransfer_norm_pow_sub_pow_le (attempt 4)
19:52:53 thm:BookProof_ChapterSirkGroupTransfer_norm_pow_sub_pow_le: FAIL (cannot split formal_statement from /home/leo/prove2me_workspace/Theorems/Thm_BookProof_ChapterSirkGroupTransfer_norm_pow_sub_pow_le.lean)
19:52:53 processing thm:BookProof_ChapterSirkGroupTransfer_groupFlow_zero (attempt 4)
19:52:56 thm:BookProof_ChapterSirkGroupTransfer_groupFlow_zero: FAIL (cannot split formal_statement from /home/leo/prove2me_workspace/Theorems/Thm_BookProof_ChapterSirkGroupTransfer_groupFlow_zero.lean)
19:52:56 processing thm:BookProof_ChapterSirkDiffusiveDecay_hasDerivAt_heatFlow_apply (attempt 4)
19:52:57 thm:BookProof_ChapterSirkDiffusiveDecay_hasDerivAt_heatFlow_apply: FAIL (local compile failed: /home/leo/prove2me_workspace/Theorems/Thm_BookProof_ChapterSirkDiffusiveDecay_hasDerivAt_heatFlow_apply.lean:2:0: error: object )
19:52:57 processing thm:BookProof_ChapterSirkDiffusiveDecay_hasDerivAt_heatFlow_normSq (attempt 4)
19:52:59 thm:BookProof_ChapterSirkDiffusiveDecay_hasDerivAt_heatFlow_normSq: FAIL (local compile failed: /home/leo/prove2me_workspace/Theorems/Thm_BookProof_ChapterSirkDiffusiveDecay_hasDerivAt_heatFlow_normSq.lean:2:0: error: object)
19:52:59 processing thm:BookProof_ChapterSirkDiffusiveDecay_heatFlow_apply_comm (attempt 4)
19:53:00 thm:BookProof_ChapterSirkDiffusiveDecay_heatFlow_apply_comm: FAIL (local compile failed: /home/leo/prove2me_workspace/Theorems/Thm_BookProof_ChapterSirkDiffusiveDecay_heatFlow_apply_comm.lean:2:0: error: object file ')
19:53:00 processing thm:BookProof_ChapterSirkDiffusiveDecay_heatFlow_zero (attempt 4)
19:53:01 thm:BookProof_ChapterSirkDiffusiveDecay_heatFlow_zero: FAIL (local compile failed: /home/leo/prove2me_workspace/Theorems/Thm_BookProof_ChapterSirkDiffusiveDecay_heatFlow_zero.lean:2:0: error: object file '/home/)
19:53:01 processing thm:BookProof_ChapterSirkDiffusiveDecay_isCoercive_add_algebraMap (attempt 4)
19:53:02 thm:BookProof_ChapterSirkDiffusiveDecay_isCoercive_add_algebraMap: FAIL (local compile failed: /home/leo/prove2me_workspace/Theorems/Thm_BookProof_ChapterSirkDiffusiveDecay_isCoercive_add_algebraMap.lean:2:0: error: object )
19:53:02 processing thm:BookProof_ChapterSirkDiffusiveDecay_isCoercive_compress (attempt 4)
19:53:04 thm:BookProof_ChapterSirkDiffusiveDecay_isCoercive_compress: FAIL (local compile failed: /home/leo/prove2me_workspace/Theorems/Thm_BookProof_ChapterSirkDiffusiveDecay_isCoercive_compress.lean:2:0: error: object file ')
19:53:04 processing thm:BookProof_ChapterSirkDiffusiveDecay_norm_embedding (attempt 4)
19:53:05 thm:BookProof_ChapterSirkDiffusiveDecay_norm_embedding: FAIL (local compile failed: /home/leo/prove2me_workspace/Theorems/Thm_BookProof_ChapterSirkDiffusiveDecay_norm_embedding.lean:2:0: error: object file '/home)
19:53:05 processing thm:BookProof_ChapterSirkDiffusiveDecay_norm_heatFlow_apply_le (attempt 4)
19:53:06 thm:BookProof_ChapterSirkDiffusiveDecay_norm_heatFlow_apply_le: FAIL (local compile failed: /home/leo/prove2me_workspace/Theorems/Thm_BookProof_ChapterSirkDiffusiveDecay_norm_heatFlow_apply_le.lean:2:0: error: object fil)
19:53:06 processing thm:BookProof_ChapterSirkDiffusiveDecay_norm_heatFlow_compress_apply_le (attempt 3)
19:53:08 thm:BookProof_ChapterSirkDiffusiveDecay_norm_heatFlow_compress_apply_le: FAIL (local compile failed: /home/leo/prove2me_workspace/Theorems/Thm_BookProof_ChapterSirkDiffusiveDecay_norm_heatFlow_compress_apply_le.lean:2:0: error: o)
19:53:08 processing thm:BookProof_ChapterSirkDiffusiveDecay_norm_heatFlow_le (attempt 3)
19:53:09 thm:BookProof_ChapterSirkDiffusiveDecay_norm_heatFlow_le: FAIL (local compile failed: /home/leo/prove2me_workspace/Theorems/Thm_BookProof_ChapterSirkDiffusiveDecay_norm_heatFlow_le.lean:2:0: error: object file '/ho)
19:53:09 processing thm:BookProof_ChapterSirkEndToEnd_crouzeix_domain_transfer (attempt 3)
19:53:12 thm:BookProof_ChapterSirkEndToEnd_crouzeix_domain_transfer: FAIL (local compile failed: /home/leo/prove2me_workspace/Theorems/Thm_BookProof_ChapterSirkEndToEnd_crouzeix_domain_transfer.lean:20:5: error: unknown names)
19:53:12 processing thm:BookProof_ChapterSirkEndToEnd_crouzeix_domain_uniform (attempt 3)
19:53:15 thm:BookProof_ChapterSirkEndToEnd_crouzeix_domain_uniform: FAIL (local compile failed: /home/leo/prove2me_workspace/Theorems/Thm_BookProof_ChapterSirkEndToEnd_crouzeix_domain_uniform.lean:20:5: error: unknown namesp)
19:53:15 processing thm:BookProof_ChapterSirkEndToEnd_norm_sirkApprox_apply_le (attempt 3)
19:53:18 thm:BookProof_ChapterSirkEndToEnd_norm_sirkApprox_apply_le: FAIL (local compile failed: /home/leo/prove2me_workspace/Theorems/Thm_BookProof_ChapterSirkEndToEnd_norm_sirkApprox_apply_le.lean:20:5: error: unknown names)
19:53:18 processing thm:BookProof_ChapterSirkEndToEnd_norm_sirkApprox_apply_le_of_isometry (attempt 3)
19:53:21 thm:BookProof_ChapterSirkEndToEnd_norm_sirkApprox_apply_le_of_isometry: FAIL (local compile failed: /home/leo/prove2me_workspace/Theorems/Thm_BookProof_ChapterSirkEndToEnd_norm_sirkApprox_apply_le_of_isometry.lean:20:5: error: u)
19:53:21 processing thm:BookProof_ChapterSirkEndToEnd_sirkApprox_apply (attempt 3)
19:53:24 thm:BookProof_ChapterSirkEndToEnd_sirkApprox_apply: FAIL (local compile failed: /home/leo/prove2me_workspace/Theorems/Thm_BookProof_ChapterSirkEndToEnd_sirkApprox_apply.lean:20:5: error: unknown namespace `Bo)
19:53:24 processing thm:BookProof_ChapterSirkEndToEnd_sirkApprox_id (attempt 3)
19:53:27 thm:BookProof_ChapterSirkEndToEnd_sirkApprox_id: FAIL (local compile failed: /home/leo/prove2me_workspace/Theorems/Thm_BookProof_ChapterSirkEndToEnd_sirkApprox_id.lean:20:5: error: unknown namespace `BookP)
19:53:27 processing thm:BookProof_ChapterSirkEndToEnd_sirkReconstruction_isIdempotent (attempt 3)
19:53:31 thm:BookProof_ChapterSirkEndToEnd_sirkReconstruction_isIdempotent: FAIL (local compile failed: /home/leo/prove2me_workspace/Theorems/Thm_BookProof_ChapterSirkEndToEnd_sirkReconstruction_isIdempotent.lean:20:5: error: unknow)
19:53:31 processing thm:BookProof_ChapterSirkEndToEnd_sirkReconstruction_isSelfAdjoint (attempt 3)
19:53:34 thm:BookProof_ChapterSirkEndToEnd_sirkReconstruction_isSelfAdjoint: FAIL (local compile failed: /home/leo/prove2me_workspace/Theorems/Thm_BookProof_ChapterSirkEndToEnd_sirkReconstruction_isSelfAdjoint.lean:20:5: error: unkno)
19:53:34 processing thm:BookProof_ChapterSirkEndToEnd_sirk_end_to_end (attempt 3)
19:53:38 thm:BookProof_ChapterSirkEndToEnd_sirk_end_to_end: FAIL (local compile failed: /home/leo/prove2me_workspace/Theorems/Thm_BookProof_ChapterSirkEndToEnd_sirk_end_to_end.lean:20:5: error: unknown namespace `Boo)
19:53:38 processing thm:BookProof_ChapterSirkEndToEnd_sirk_end_to_end_satisfiable (attempt 3)
19:53:41 thm:BookProof_ChapterSirkEndToEnd_sirk_end_to_end_satisfiable: FAIL (local compile failed: /home/leo/prove2me_workspace/Theorems/Thm_BookProof_ChapterSirkEndToEnd_sirk_end_to_end_satisfiable.lean:20:5: error: unknown na)
19:53:41 processing thm:BookProof_ChapterSirkEndToEnd_sirk_error_bound_at (attempt 3)
19:53:44 thm:BookProof_ChapterSirkEndToEnd_sirk_error_bound_at: FAIL (local compile failed: /home/leo/prove2me_workspace/Theorems/Thm_BookProof_ChapterSirkEndToEnd_sirk_error_bound_at.lean:20:5: error: unknown namespace )
19:53:44 processing thm:BookProof_ChapterSirkEndToEnd_sirk_flow_error_tendsto_zero (attempt 3)
19:53:47 thm:BookProof_ChapterSirkEndToEnd_sirk_flow_error_tendsto_zero: FAIL (local compile failed: /home/leo/prove2me_workspace/Theorems/Thm_BookProof_ChapterSirkEndToEnd_sirk_flow_error_tendsto_zero.lean:20:5: error: unknown n)
19:53:48 processing thm:BookProof_ChapterSirkEndToEnd_sirk_flow_error_uniform_in_time (attempt 3)
19:53:51 thm:BookProof_ChapterSirkEndToEnd_sirk_flow_error_uniform_in_time: FAIL (local compile failed: /home/leo/prove2me_workspace/Theorems/Thm_BookProof_ChapterSirkEndToEnd_sirk_flow_error_uniform_in_time.lean:20:5: error: unknow)
19:53:51 processing thm:BookProof_ChapterSirkEndToEnd_tendsto_zero_of_le_sirkBound (attempt 3)
19:53:54 thm:BookProof_ChapterSirkEndToEnd_tendsto_zero_of_le_sirkBound: FAIL (local compile failed: /home/leo/prove2me_workspace/Theorems/Thm_BookProof_ChapterSirkEndToEnd_tendsto_zero_of_le_sirkBound.lean:20:5: error: unknown n)
19:53:54 processing thm:BookProof_ChapterSirkPerSystem_diagKR_sirk_crouzeix_domain (attempt 3)
19:53:55 thm:BookProof_ChapterSirkPerSystem_diagKR_sirk_crouzeix_domain: FAIL (local compile failed: /home/leo/prove2me_workspace/Theorems/Thm_BookProof_ChapterSirkPerSystem_diagKR_sirk_crouzeix_domain.lean:2:0: error: object fil)
19:53:55 processing thm:BookProof_ChapterSirkPerSystem_lagrangian_sirk_crouzeix_domain (attempt 3)
19:53:56 thm:BookProof_ChapterSirkPerSystem_lagrangian_sirk_crouzeix_domain: FAIL (local compile failed: /home/leo/prove2me_workspace/Theorems/Thm_BookProof_ChapterSirkPerSystem_lagrangian_sirk_crouzeix_domain.lean:2:0: error: object)
19:53:56 processing thm:BookProof_ChapterSirkPerSystem_nsDiff_sirk_crouzeix_domain (attempt 3)
19:53:58 thm:BookProof_ChapterSirkPerSystem_nsDiff_sirk_crouzeix_domain: FAIL (local compile failed: /home/leo/prove2me_workspace/Theorems/Thm_BookProof_ChapterSirkPerSystem_nsDiff_sirk_crouzeix_domain.lean:2:0: error: object fil)
19:53:58 processing thm:BookProof_ChapterSirkPerSystem_ns_sirk_crouzeix_domain (attempt 3)
19:53:59 thm:BookProof_ChapterSirkPerSystem_ns_sirk_crouzeix_domain: FAIL (local compile failed: /home/leo/prove2me_workspace/Theorems/Thm_BookProof_ChapterSirkPerSystem_ns_sirk_crouzeix_domain.lean:2:0: error: object file '/)
19:53:59 processing thm:BookProof_ChapterSirkPerSystem_qgR2_shiftInvert_selects (attempt 3)
19:54:00 thm:BookProof_ChapterSirkPerSystem_qgR2_shiftInvert_selects: FAIL (local compile failed: /home/leo/prove2me_workspace/Theorems/Thm_BookProof_ChapterSirkPerSystem_qgR2_shiftInvert_selects.lean:2:0: error: object file ')
19:54:00 processing thm:BookProof_ChapterSirkPerSystem_qgR2_sirk_crouzeix_domain (attempt 3)
19:54:01 thm:BookProof_ChapterSirkPerSystem_qgR2_sirk_crouzeix_domain: FAIL (local compile failed: /home/leo/prove2me_workspace/Theorems/Thm_BookProof_ChapterSirkPerSystem_qgR2_sirk_crouzeix_domain.lean:2:0: error: object file )
19:54:01 processing thm:BookProof_ChapterSirkPerSystem_ym_sirk_crouzeix_domain (attempt 3)
19:54:03 thm:BookProof_ChapterSirkPerSystem_ym_sirk_crouzeix_domain: FAIL (local compile failed: /home/leo/prove2me_workspace/Theorems/Thm_BookProof_ChapterSirkPerSystem_ym_sirk_crouzeix_domain.lean:2:0: error: object file '/)
19:54:03 processing thm:BookProof_ChapterSirkWhitening_adjoint_comp_rangeProj (attempt 3)
19:54:04 thm:BookProof_ChapterSirkWhitening_adjoint_comp_rangeProj: FAIL (local compile failed: /home/leo/prove2me_workspace/Theorems/Thm_BookProof_ChapterSirkWhitening_adjoint_comp_rangeProj.lean:2:0: error: object file '/h)
19:54:04 processing thm:BookProof_ChapterSirkWhitening_compress_conj_whitening (attempt 3)
19:54:05 thm:BookProof_ChapterSirkWhitening_compress_conj_whitening: FAIL (local compile failed: /home/leo/prove2me_workspace/Theorems/Thm_BookProof_ChapterSirkWhitening_compress_conj_whitening.lean:2:0: error: object file '/)
19:54:05 processing thm:BookProof_ChapterSirkWhitening_compress_reconstruct_eq (attempt 3)
19:54:07 thm:BookProof_ChapterSirkWhitening_compress_reconstruct_eq: FAIL (local compile failed: /home/leo/prove2me_workspace/Theorems/Thm_BookProof_ChapterSirkWhitening_compress_reconstruct_eq.lean:2:0: error: object file '/)
19:54:07 processing thm:BookProof_ChapterSirkWhitening_embedding_comp_whiteningEquiv (attempt 3)
19:54:08 thm:BookProof_ChapterSirkWhitening_embedding_comp_whiteningEquiv: FAIL (local compile failed: /home/leo/prove2me_workspace/Theorems/Thm_BookProof_ChapterSirkWhitening_embedding_comp_whiteningEquiv.lean:2:0: error: object f)
19:54:08 processing thm:BookProof_ChapterSirkWhitening_rangeProj_adjoint (attempt 3)
19:54:09 thm:BookProof_ChapterSirkWhitening_rangeProj_adjoint: FAIL (local compile failed: /home/leo/prove2me_workspace/Theorems/Thm_BookProof_ChapterSirkWhitening_rangeProj_adjoint.lean:2:0: error: object file '/home/l)
19:54:09 processing thm:BookProof_ChapterSirkWhitening_rangeProj_apply (attempt 3)
19:54:11 thm:BookProof_ChapterSirkWhitening_rangeProj_apply: FAIL (local compile failed: /home/leo/prove2me_workspace/Theorems/Thm_BookProof_ChapterSirkWhitening_rangeProj_apply.lean:2:0: error: object file '/home/leo)
19:54:11 processing thm:BookProof_ChapterSirkWhitening_rangeProj_comp_embedding (attempt 3)
19:54:12 thm:BookProof_ChapterSirkWhitening_rangeProj_comp_embedding: FAIL (local compile failed: /home/leo/prove2me_workspace/Theorems/Thm_BookProof_ChapterSirkWhitening_rangeProj_comp_embedding.lean:2:0: error: object file ')
19:54:12 processing thm:BookProof_ChapterSirkWhitening_rangeProj_comp_of_le (attempt 3)
19:54:13 thm:BookProof_ChapterSirkWhitening_rangeProj_comp_of_le: FAIL (local compile failed: /home/leo/prove2me_workspace/Theorems/Thm_BookProof_ChapterSirkWhitening_rangeProj_comp_of_le.lean:2:0: error: object file '/hom)
19:54:13 processing thm:BookProof_ChapterSirkWhitening_rangeProj_comp_self (attempt 3)
19:54:14 thm:BookProof_ChapterSirkWhitening_rangeProj_comp_self: FAIL (local compile failed: /home/leo/prove2me_workspace/Theorems/Thm_BookProof_ChapterSirkWhitening_rangeProj_comp_self.lean:2:0: error: object file '/home)
19:54:14 processing thm:BookProof_ChapterSirkWhitening_rangeProj_eq_of_range_eq (attempt 3)
19:54:16 thm:BookProof_ChapterSirkWhitening_rangeProj_eq_of_range_eq: FAIL (local compile failed: /home/leo/prove2me_workspace/Theorems/Thm_BookProof_ChapterSirkWhitening_rangeProj_eq_of_range_eq.lean:2:0: error: object file ')
19:54:16 processing thm:BookProof_ChapterSirkWhitening_rangeProj_isSelfAdjoint (attempt 3)
19:54:17 thm:BookProof_ChapterSirkWhitening_rangeProj_isSelfAdjoint: FAIL (local compile failed: /home/leo/prove2me_workspace/Theorems/Thm_BookProof_ChapterSirkWhitening_rangeProj_isSelfAdjoint.lean:2:0: error: object file '/)
19:54:17 processing thm:BookProof_ChapterSirkWhitening_sirkApprox_eq_of_range_eq (attempt 3)
19:54:18 thm:BookProof_ChapterSirkWhitening_sirkApprox_eq_of_range_eq: FAIL (local compile failed: /home/leo/prove2me_workspace/Theorems/Thm_BookProof_ChapterSirkWhitening_sirkApprox_eq_of_range_eq.lean:2:0: error: object file )
19:54:18 processing thm:BookProof_ChapterSirkWhitening_whiteningEquiv_isometry (attempt 3)
19:54:20 thm:BookProof_ChapterSirkWhitening_whiteningEquiv_isometry: FAIL (local compile failed: /home/leo/prove2me_workspace/Theorems/Thm_BookProof_ChapterSirkWhitening_whiteningEquiv_isometry.lean:2:0: error: object file '/)
19:54:20 processing thm:BookProof_ChapterSirkWhitening_whiteningEquiv_left_inverse (attempt 3)
19:54:21 thm:BookProof_ChapterSirkWhitening_whiteningEquiv_left_inverse: FAIL (local compile failed: /home/leo/prove2me_workspace/Theorems/Thm_BookProof_ChapterSirkWhitening_whiteningEquiv_left_inverse.lean:2:0: error: object fil)
19:54:21 processing sol:BookProof_ChapterMajoranaProp76_LinearIsometryEquiv_isNote4Unitary (attempt 3)
19:54:21 sol:BookProof_ChapterMajoranaProp76_LinearIsometryEquiv_isNote4Unitary: FAIL (theorem not published yet)
19:54:21 processing sol:BookProof_ChapterSirkGroupTransfer_norm_pow_le_of_le (attempt 3)
19:54:21 sol:BookProof_ChapterSirkGroupTransfer_norm_pow_le_of_le: FAIL (theorem not published yet)
19:54:21 processing sol:BookProof_ChapterSirkGroupTransfer_norm_pow_sub_pow_le (attempt 3)
19:54:21 sol:BookProof_ChapterSirkGroupTransfer_norm_pow_sub_pow_le: FAIL (theorem not published yet)
19:54:21 processing sol:BookProof_ChapterSirkGroupTransfer_groupFlow_zero (attempt 3)
19:54:21 sol:BookProof_ChapterSirkGroupTransfer_groupFlow_zero: FAIL (theorem not published yet)
19:54:21 processing sol:BookProof_ChapterSirkDiffusiveDecay_hasDerivAt_heatFlow_apply (attempt 3)
19:54:21 sol:BookProof_ChapterSirkDiffusiveDecay_hasDerivAt_heatFlow_apply: FAIL (theorem not published yet)
19:54:21 processing sol:BookProof_ChapterSirkDiffusiveDecay_hasDerivAt_heatFlow_normSq (attempt 3)
19:54:21 sol:BookProof_ChapterSirkDiffusiveDecay_hasDerivAt_heatFlow_normSq: FAIL (theorem not published yet)
19:54:21 processing sol:BookProof_ChapterSirkDiffusiveDecay_heatFlow_apply_comm (attempt 3)
19:54:21 sol:BookProof_ChapterSirkDiffusiveDecay_heatFlow_apply_comm: FAIL (theorem not published yet)
19:54:21 processing sol:BookProof_ChapterSirkDiffusiveDecay_heatFlow_zero (attempt 3)
19:54:21 sol:BookProof_ChapterSirkDiffusiveDecay_heatFlow_zero: FAIL (theorem not published yet)
19:54:21 processing sol:BookProof_ChapterSirkDiffusiveDecay_isCoercive_add_algebraMap (attempt 3)
19:54:21 sol:BookProof_ChapterSirkDiffusiveDecay_isCoercive_add_algebraMap: FAIL (theorem not published yet)
19:54:21 processing sol:BookProof_ChapterSirkDiffusiveDecay_isCoercive_compress (attempt 3)
19:54:21 sol:BookProof_ChapterSirkDiffusiveDecay_isCoercive_compress: FAIL (theorem not published yet)
19:54:21 processing sol:BookProof_ChapterSirkDiffusiveDecay_norm_embedding (attempt 3)
19:54:21 sol:BookProof_ChapterSirkDiffusiveDecay_norm_embedding: FAIL (theorem not published yet)
19:54:21 processing sol:BookProof_ChapterSirkDiffusiveDecay_norm_heatFlow_apply_le (attempt 3)
19:54:21 sol:BookProof_ChapterSirkDiffusiveDecay_norm_heatFlow_apply_le: FAIL (theorem not published yet)
19:54:21 processing sol:BookProof_ChapterSirkDiffusiveDecay_norm_heatFlow_compress_apply_le (attempt 3)
19:54:21 sol:BookProof_ChapterSirkDiffusiveDecay_norm_heatFlow_compress_apply_le: FAIL (theorem not published yet)
19:54:21 processing sol:BookProof_ChapterSirkDiffusiveDecay_norm_heatFlow_le (attempt 3)
19:54:21 sol:BookProof_ChapterSirkDiffusiveDecay_norm_heatFlow_le: FAIL (theorem not published yet)
19:54:21 processing sol:BookProof_ChapterSirkEndToEnd_crouzeix_domain_transfer (attempt 3)
19:54:21 sol:BookProof_ChapterSirkEndToEnd_crouzeix_domain_transfer: FAIL (theorem not published yet)
19:54:21 processing sol:BookProof_ChapterSirkEndToEnd_crouzeix_domain_uniform (attempt 3)
19:54:21 sol:BookProof_ChapterSirkEndToEnd_crouzeix_domain_uniform: FAIL (theorem not published yet)
19:54:21 processing sol:BookProof_ChapterSirkEndToEnd_norm_sirkApprox_apply_le (attempt 3)
19:54:21 sol:BookProof_ChapterSirkEndToEnd_norm_sirkApprox_apply_le: FAIL (theorem not published yet)
19:54:21 processing sol:BookProof_ChapterSirkEndToEnd_norm_sirkApprox_apply_le_of_isometry (attempt 3)
19:54:21 sol:BookProof_ChapterSirkEndToEnd_norm_sirkApprox_apply_le_of_isometry: FAIL (theorem not published yet)
19:54:21 processing sol:BookProof_ChapterSirkEndToEnd_sirkApprox_apply (attempt 3)
19:54:21 sol:BookProof_ChapterSirkEndToEnd_sirkApprox_apply: FAIL (theorem not published yet)
19:54:21 processing sol:BookProof_ChapterSirkEndToEnd_sirkApprox_id (attempt 3)
19:54:21 sol:BookProof_ChapterSirkEndToEnd_sirkApprox_id: FAIL (theorem not published yet)
19:54:21 processing sol:BookProof_ChapterSirkEndToEnd_sirkReconstruction_isIdempotent (attempt 3)
19:54:21 sol:BookProof_ChapterSirkEndToEnd_sirkReconstruction_isIdempotent: FAIL (theorem not published yet)
19:54:21 processing sol:BookProof_ChapterSirkEndToEnd_sirkReconstruction_isSelfAdjoint (attempt 3)
19:54:21 sol:BookProof_ChapterSirkEndToEnd_sirkReconstruction_isSelfAdjoint: FAIL (theorem not published yet)
19:54:21 processing sol:BookProof_ChapterSirkEndToEnd_sirk_end_to_end (attempt 3)
19:54:21 sol:BookProof_ChapterSirkEndToEnd_sirk_end_to_end: FAIL (theorem not published yet)
19:54:21 processing sol:BookProof_ChapterSirkEndToEnd_sirk_end_to_end_satisfiable (attempt 3)
19:54:21 sol:BookProof_ChapterSirkEndToEnd_sirk_end_to_end_satisfiable: FAIL (theorem not published yet)
19:54:21 processing sol:BookProof_ChapterSirkEndToEnd_sirk_error_bound_at (attempt 3)
19:54:21 sol:BookProof_ChapterSirkEndToEnd_sirk_error_bound_at: FAIL (theorem not published yet)
19:54:21 processing sol:BookProof_ChapterSirkEndToEnd_sirk_flow_error_tendsto_zero (attempt 3)
19:54:21 sol:BookProof_ChapterSirkEndToEnd_sirk_flow_error_tendsto_zero: FAIL (theorem not published yet)
19:54:21 processing sol:BookProof_ChapterSirkEndToEnd_sirk_flow_error_uniform_in_time (attempt 3)
19:54:21 sol:BookProof_ChapterSirkEndToEnd_sirk_flow_error_uniform_in_time: FAIL (theorem not published yet)
19:54:21 processing sol:BookProof_ChapterSirkEndToEnd_tendsto_zero_of_le_sirkBound (attempt 3)
19:54:21 sol:BookProof_ChapterSirkEndToEnd_tendsto_zero_of_le_sirkBound: FAIL (theorem not published yet)
19:54:21 processing sol:BookProof_ChapterSirkPerSystem_diagKR_sirk_crouzeix_domain (attempt 3)
19:54:21 sol:BookProof_ChapterSirkPerSystem_diagKR_sirk_crouzeix_domain: FAIL (theorem not published yet)
19:54:21 processing sol:BookProof_ChapterSirkPerSystem_lagrangian_sirk_crouzeix_domain (attempt 3)
19:54:21 sol:BookProof_ChapterSirkPerSystem_lagrangian_sirk_crouzeix_domain: FAIL (theorem not published yet)
19:54:21 processing sol:BookProof_ChapterSirkPerSystem_nsDiff_sirk_crouzeix_domain (attempt 3)
19:54:21 sol:BookProof_ChapterSirkPerSystem_nsDiff_sirk_crouzeix_domain: FAIL (theorem not published yet)
19:54:21 processing sol:BookProof_ChapterSirkPerSystem_ns_sirk_crouzeix_domain (attempt 3)
19:54:21 sol:BookProof_ChapterSirkPerSystem_ns_sirk_crouzeix_domain: FAIL (theorem not published yet)
19:54:21 processing sol:BookProof_ChapterSirkPerSystem_qgR2_shiftInvert_selects (attempt 3)
19:54:21 sol:BookProof_ChapterSirkPerSystem_qgR2_shiftInvert_selects: FAIL (theorem not published yet)
19:54:21 processing sol:BookProof_ChapterSirkPerSystem_qgR2_sirk_crouzeix_domain (attempt 3)
19:54:21 sol:BookProof_ChapterSirkPerSystem_qgR2_sirk_crouzeix_domain: FAIL (theorem not published yet)
19:54:21 processing sol:BookProof_ChapterSirkPerSystem_ym_sirk_crouzeix_domain (attempt 3)
19:54:21 sol:BookProof_ChapterSirkPerSystem_ym_sirk_crouzeix_domain: FAIL (theorem not published yet)
19:54:21 processing sol:BookProof_ChapterSirkWhitening_adjoint_comp_rangeProj (attempt 3)
19:54:21 sol:BookProof_ChapterSirkWhitening_adjoint_comp_rangeProj: FAIL (theorem not published yet)
19:54:21 processing sol:BookProof_ChapterSirkWhitening_compress_conj_whitening (attempt 3)
19:54:21 sol:BookProof_ChapterSirkWhitening_compress_conj_whitening: FAIL (theorem not published yet)
19:54:21 processing sol:BookProof_ChapterSirkWhitening_compress_reconstruct_eq (attempt 3)
19:54:21 sol:BookProof_ChapterSirkWhitening_compress_reconstruct_eq: FAIL (theorem not published yet)
19:54:21 processing sol:BookProof_ChapterSirkWhitening_embedding_comp_whiteningEquiv (attempt 3)
19:54:21 sol:BookProof_ChapterSirkWhitening_embedding_comp_whiteningEquiv: FAIL (theorem not published yet)
19:54:21 processing sol:BookProof_ChapterSirkWhitening_rangeProj_adjoint (attempt 3)
19:54:21 sol:BookProof_ChapterSirkWhitening_rangeProj_adjoint: FAIL (theorem not published yet)
19:54:21 processing sol:BookProof_ChapterSirkWhitening_rangeProj_apply (attempt 3)
19:54:21 sol:BookProof_ChapterSirkWhitening_rangeProj_apply: FAIL (theorem not published yet)
19:54:21 processing sol:BookProof_ChapterSirkWhitening_rangeProj_comp_embedding (attempt 3)
19:54:21 sol:BookProof_ChapterSirkWhitening_rangeProj_comp_embedding: FAIL (theorem not published yet)
19:54:21 processing sol:BookProof_ChapterSirkWhitening_rangeProj_comp_of_le (attempt 3)
19:54:21 sol:BookProof_ChapterSirkWhitening_rangeProj_comp_of_le: FAIL (theorem not published yet)
19:54:21 processing sol:BookProof_ChapterSirkWhitening_rangeProj_comp_self (attempt 3)
19:54:21 sol:BookProof_ChapterSirkWhitening_rangeProj_comp_self: FAIL (theorem not published yet)
19:54:21 processing sol:BookProof_ChapterSirkWhitening_rangeProj_eq_of_range_eq (attempt 3)
19:54:21 sol:BookProof_ChapterSirkWhitening_rangeProj_eq_of_range_eq: FAIL (theorem not published yet)
19:54:21 processing sol:BookProof_ChapterSirkWhitening_rangeProj_isSelfAdjoint (attempt 3)
19:54:21 sol:BookProof_ChapterSirkWhitening_rangeProj_isSelfAdjoint: FAIL (theorem not published yet)
19:54:21 processing sol:BookProof_ChapterSirkWhitening_sirkApprox_eq_of_range_eq (attempt 3)
19:54:21 sol:BookProof_ChapterSirkWhitening_sirkApprox_eq_of_range_eq: FAIL (theorem not published yet)
19:54:21 processing sol:BookProof_ChapterSirkWhitening_whiteningEquiv_isometry (attempt 3)
19:54:21 sol:BookProof_ChapterSirkWhitening_whiteningEquiv_isometry: FAIL (theorem not published yet)
19:54:21 processing sol:BookProof_ChapterSirkWhitening_whiteningEquiv_left_inverse (attempt 3)
19:54:21 sol:BookProof_ChapterSirkWhitening_whiteningEquiv_left_inverse: FAIL (theorem not published yet)
19:54:21 summary: 254 done, 163 pending, 0 failed
22:33:07 processing def:ChapterYangMillsHermite (attempt 3)
22:33:11 def:ChapterYangMillsHermite: FAIL (local compile failed: /home/leo/prove2me_workspace/Definitions/Def_ChapterYangMillsHermite.lean:96:34: error(lean.unknownIdentifier): Unknown identifi)
22:33:11 processing def:ChapterSirkWhitening (attempt 3)
22:33:27 def:ChapterSirkWhitening: FAIL (publish FAILED: definition does not compile: unknown import: Definitions.Def_ChapterH4. No such definition exists in this Lean environment (mathlib 0d)
22:33:27 processing def:ChapterSirkPerSystem (attempt 3)
22:33:31 def:ChapterSirkPerSystem: FAIL (local compile failed: /home/leo/prove2me_workspace/Definitions/Def_ChapterSirkPerSystem.lean:63:26: error: Function expected at
  L2d
but this term ha)
22:33:31 processing def:ChapterSirkEndToEnd (attempt 3)
22:33:47 def:ChapterSirkEndToEnd: FAIL (publish FAILED: definition does not compile: unknown import: Definitions.Def_ChapterH4. No such definition exists in this Lean environment (mathlib 0d)
22:33:47 processing def:ChapterSirkDiffusiveDecay (attempt 3)
22:34:04 def:ChapterSirkDiffusiveDecay: FAIL (publish FAILED: definition does not compile: unknown import: Definitions.Def_ChapterH4. No such definition exists in this Lean environment (mathlib 0d)
22:34:04 processing def:ChapterYangMillsSU3 (attempt 5)
22:34:11 def:ChapterYangMillsSU3: FAIL (submit-definition rejected: {"error": "A theorem or definition with name \"ChapterYangMillsSU3\" already exists"})
22:34:11 processing def:ChapterSirkGroupTransfer (attempt 5)
22:34:19 def:ChapterSirkGroupTransfer: FAIL (submit-definition rejected: {"error": "A theorem or definition with name \"ChapterSirkGroupTransfer\" already exists"})
22:34:19 processing def:ChapterMajoranaProp76 (attempt 5)
22:34:26 def:ChapterMajoranaProp76: FAIL (submit-definition rejected: {"error": "A theorem or definition with name \"ChapterMajoranaProp76\" already exists"})
22:34:26 processing thm:BookProof_ChapterMajoranaProp76_LinearIsometryEquiv_isNote4Unitary (attempt 5)
22:34:29 thm:BookProof_ChapterMajoranaProp76_LinearIsometryEquiv_isNote4Unitary: FAIL (local compile failed: /home/leo/prove2me_workspace/Theorems/Thm_BookProof_ChapterMajoranaProp76_LinearIsometryEquiv_isNote4Unitary.lean:5:5: error: un)
22:34:29 processing thm:BookProof_ChapterSirkGroupTransfer_norm_pow_le_of_le (attempt 5)
22:34:32 thm:BookProof_ChapterSirkGroupTransfer_norm_pow_le_of_le: FAIL (cannot split formal_statement from /home/leo/prove2me_workspace/Theorems/Thm_BookProof_ChapterSirkGroupTransfer_norm_pow_le_of_le.lean)
22:34:32 processing thm:BookProof_ChapterSirkGroupTransfer_norm_pow_sub_pow_le (attempt 5)
22:34:35 thm:BookProof_ChapterSirkGroupTransfer_norm_pow_sub_pow_le: FAIL (cannot split formal_statement from /home/leo/prove2me_workspace/Theorems/Thm_BookProof_ChapterSirkGroupTransfer_norm_pow_sub_pow_le.lean)
22:34:35 processing thm:BookProof_ChapterSirkGroupTransfer_groupFlow_zero (attempt 5)
22:34:38 thm:BookProof_ChapterSirkGroupTransfer_groupFlow_zero: FAIL (cannot split formal_statement from /home/leo/prove2me_workspace/Theorems/Thm_BookProof_ChapterSirkGroupTransfer_groupFlow_zero.lean)
22:34:38 processing thm:BookProof_ChapterSirkDiffusiveDecay_hasDerivAt_heatFlow_apply (attempt 5)
22:34:55 thm:BookProof_ChapterSirkDiffusiveDecay_hasDerivAt_heatFlow_apply: FAIL (publish FAILED: formal statement does not compile: unknown import: Definitions.Def_ChapterSirkDiffusiveDecay. No such definition exists in this Lean e)
22:34:55 processing thm:BookProof_ChapterSirkDiffusiveDecay_hasDerivAt_heatFlow_normSq (attempt 5)
22:35:14 thm:BookProof_ChapterSirkDiffusiveDecay_hasDerivAt_heatFlow_normSq: FAIL (publish FAILED: formal statement does not compile: unknown import: Definitions.Def_ChapterSirkDiffusiveDecay. No such definition exists in this Lean e)
22:35:14 processing thm:BookProof_ChapterSirkDiffusiveDecay_heatFlow_apply_comm (attempt 5)
22:35:31 thm:BookProof_ChapterSirkDiffusiveDecay_heatFlow_apply_comm: FAIL (publish FAILED: formal statement does not compile: unknown import: Definitions.Def_ChapterSirkDiffusiveDecay. No such definition exists in this Lean e)
22:35:31 processing thm:BookProof_ChapterSirkDiffusiveDecay_heatFlow_zero (attempt 5)
22:35:47 thm:BookProof_ChapterSirkDiffusiveDecay_heatFlow_zero: FAIL (publish FAILED: formal statement does not compile: unknown import: Definitions.Def_ChapterSirkDiffusiveDecay. No such definition exists in this Lean e)
22:35:47 processing thm:BookProof_ChapterSirkDiffusiveDecay_isCoercive_add_algebraMap (attempt 5)
22:36:03 thm:BookProof_ChapterSirkDiffusiveDecay_isCoercive_add_algebraMap: FAIL (publish FAILED: formal statement does not compile: unknown import: Definitions.Def_ChapterSirkDiffusiveDecay. No such definition exists in this Lean e)
22:36:03 processing thm:BookProof_ChapterSirkDiffusiveDecay_isCoercive_compress (attempt 5)
22:36:20 thm:BookProof_ChapterSirkDiffusiveDecay_isCoercive_compress: FAIL (publish FAILED: formal statement does not compile: unknown import: Definitions.Def_ChapterSirkDiffusiveDecay. No such definition exists in this Lean e)
22:36:20 processing thm:BookProof_ChapterSirkDiffusiveDecay_norm_embedding (attempt 5)
22:36:36 thm:BookProof_ChapterSirkDiffusiveDecay_norm_embedding: FAIL (publish FAILED: formal statement does not compile: unknown import: Definitions.Def_ChapterSirkDiffusiveDecay. No such definition exists in this Lean e)
22:36:36 processing thm:BookProof_ChapterSirkDiffusiveDecay_norm_heatFlow_apply_le (attempt 5)
22:36:52 thm:BookProof_ChapterSirkDiffusiveDecay_norm_heatFlow_apply_le: FAIL (publish FAILED: formal statement does not compile: unknown import: Definitions.Def_ChapterSirkDiffusiveDecay. No such definition exists in this Lean e)
22:36:52 processing thm:BookProof_ChapterSirkDiffusiveDecay_norm_heatFlow_compress_apply_le (attempt 4)
22:37:10 thm:BookProof_ChapterSirkDiffusiveDecay_norm_heatFlow_compress_apply_le: FAIL (publish FAILED: formal statement does not compile: unknown import: Definitions.Def_ChapterSirkDiffusiveDecay. No such definition exists in this Lean e)
22:37:10 processing thm:BookProof_ChapterSirkDiffusiveDecay_norm_heatFlow_le (attempt 4)
22:37:26 thm:BookProof_ChapterSirkDiffusiveDecay_norm_heatFlow_le: FAIL (publish FAILED: formal statement does not compile: unknown import: Definitions.Def_ChapterSirkDiffusiveDecay. No such definition exists in this Lean e)
22:37:26 processing thm:BookProof_ChapterSirkEndToEnd_crouzeix_domain_transfer (attempt 4)
22:37:29 thm:BookProof_ChapterSirkEndToEnd_crouzeix_domain_transfer: FAIL (local compile failed: /home/leo/prove2me_workspace/Theorems/Thm_BookProof_ChapterSirkEndToEnd_crouzeix_domain_transfer.lean:28:10: error: Function exp)
22:37:29 processing thm:BookProof_ChapterSirkEndToEnd_crouzeix_domain_uniform (attempt 4)
22:37:32 thm:BookProof_ChapterSirkEndToEnd_crouzeix_domain_uniform: FAIL (local compile failed: /home/leo/prove2me_workspace/Theorems/Thm_BookProof_ChapterSirkEndToEnd_crouzeix_domain_uniform.lean:28:20: error: Function expe)
22:37:32 processing thm:BookProof_ChapterSirkEndToEnd_norm_sirkApprox_apply_le (attempt 4)
22:37:49 thm:BookProof_ChapterSirkEndToEnd_norm_sirkApprox_apply_le: FAIL (publish FAILED: formal statement does not compile: unknown import: Definitions.Def_ChapterSirkEndToEnd. No such definition exists in this Lean environ)
22:37:49 processing thm:BookProof_ChapterSirkEndToEnd_norm_sirkApprox_apply_le_of_isometry (attempt 4)
22:38:05 thm:BookProof_ChapterSirkEndToEnd_norm_sirkApprox_apply_le_of_isometry: FAIL (publish FAILED: formal statement does not compile: unknown import: Definitions.Def_ChapterSirkEndToEnd. No such definition exists in this Lean environ)
22:38:05 processing thm:BookProof_ChapterSirkEndToEnd_sirkApprox_apply (attempt 4)
22:38:21 thm:BookProof_ChapterSirkEndToEnd_sirkApprox_apply: FAIL (publish FAILED: formal statement does not compile: unknown import: Definitions.Def_ChapterSirkEndToEnd. No such definition exists in this Lean environ)
22:38:21 processing thm:BookProof_ChapterSirkEndToEnd_sirkApprox_id (attempt 4)
22:38:37 thm:BookProof_ChapterSirkEndToEnd_sirkApprox_id: FAIL (publish FAILED: formal statement does not compile: unknown import: Definitions.Def_ChapterSirkEndToEnd. No such definition exists in this Lean environ)
22:38:37 processing thm:BookProof_ChapterSirkEndToEnd_sirkReconstruction_isIdempotent (attempt 4)
22:38:54 thm:BookProof_ChapterSirkEndToEnd_sirkReconstruction_isIdempotent: FAIL (publish FAILED: formal statement does not compile: unknown import: Definitions.Def_ChapterSirkEndToEnd. No such definition exists in this Lean environ)
22:38:54 processing thm:BookProof_ChapterSirkEndToEnd_sirkReconstruction_isSelfAdjoint (attempt 4)
22:39:10 thm:BookProof_ChapterSirkEndToEnd_sirkReconstruction_isSelfAdjoint: FAIL (publish FAILED: formal statement does not compile: unknown import: Definitions.Def_ChapterSirkEndToEnd. No such definition exists in this Lean environ)
22:39:10 processing thm:BookProof_ChapterSirkEndToEnd_sirk_end_to_end (attempt 4)
22:39:13 thm:BookProof_ChapterSirkEndToEnd_sirk_end_to_end: FAIL (local compile failed: /home/leo/prove2me_workspace/Theorems/Thm_BookProof_ChapterSirkEndToEnd_sirk_end_to_end.lean:43:37: error: Function expected at
)
22:39:13 processing thm:BookProof_ChapterSirkEndToEnd_sirk_end_to_end_satisfiable (attempt 4)
22:39:17 thm:BookProof_ChapterSirkEndToEnd_sirk_end_to_end_satisfiable: FAIL (local compile failed: /home/leo/prove2me_workspace/Theorems/Thm_BookProof_ChapterSirkEndToEnd_sirk_end_to_end_satisfiable.lean:33:44: error: Function )
22:39:17 processing thm:BookProof_ChapterSirkEndToEnd_sirk_error_bound_at (attempt 4)
22:39:33 thm:BookProof_ChapterSirkEndToEnd_sirk_error_bound_at: FAIL (publish FAILED: formal statement does not compile: unknown import: Definitions.Def_ChapterSirkEndToEnd. No such definition exists in this Lean environ)
22:39:33 processing thm:BookProof_ChapterSirkEndToEnd_sirk_flow_error_tendsto_zero (attempt 4)
22:39:36 thm:BookProof_ChapterSirkEndToEnd_sirk_flow_error_tendsto_zero: FAIL (local compile failed: /home/leo/prove2me_workspace/Theorems/Thm_BookProof_ChapterSirkEndToEnd_sirk_flow_error_tendsto_zero.lean:31:60: error: Function)
22:39:36 processing thm:BookProof_ChapterSirkEndToEnd_sirk_flow_error_uniform_in_time (attempt 4)
22:39:39 thm:BookProof_ChapterSirkEndToEnd_sirk_flow_error_uniform_in_time: FAIL (local compile failed: /home/leo/prove2me_workspace/Theorems/Thm_BookProof_ChapterSirkEndToEnd_sirk_flow_error_uniform_in_time.lean:32:51: error: Funct)
22:39:39 processing thm:BookProof_ChapterSirkEndToEnd_tendsto_zero_of_le_sirkBound (attempt 4)
22:39:42 thm:BookProof_ChapterSirkEndToEnd_tendsto_zero_of_le_sirkBound: FAIL (local compile failed: /home/leo/prove2me_workspace/Theorems/Thm_BookProof_ChapterSirkEndToEnd_tendsto_zero_of_le_sirkBound.lean:27:47: error: Function)
22:39:42 processing thm:BookProof_ChapterSirkPerSystem_diagKR_sirk_crouzeix_domain (attempt 4)
22:39:44 thm:BookProof_ChapterSirkPerSystem_diagKR_sirk_crouzeix_domain: FAIL (local compile failed: /home/leo/prove2me_workspace/Theorems/Thm_BookProof_ChapterSirkPerSystem_diagKR_sirk_crouzeix_domain.lean:2:0: error: object fil)
22:39:44 processing thm:BookProof_ChapterSirkPerSystem_lagrangian_sirk_crouzeix_domain (attempt 4)
22:39:45 thm:BookProof_ChapterSirkPerSystem_lagrangian_sirk_crouzeix_domain: FAIL (local compile failed: /home/leo/prove2me_workspace/Theorems/Thm_BookProof_ChapterSirkPerSystem_lagrangian_sirk_crouzeix_domain.lean:2:0: error: object)
22:39:45 processing thm:BookProof_ChapterSirkPerSystem_nsDiff_sirk_crouzeix_domain (attempt 4)
22:39:46 thm:BookProof_ChapterSirkPerSystem_nsDiff_sirk_crouzeix_domain: FAIL (local compile failed: /home/leo/prove2me_workspace/Theorems/Thm_BookProof_ChapterSirkPerSystem_nsDiff_sirk_crouzeix_domain.lean:2:0: error: object fil)
22:39:46 processing thm:BookProof_ChapterSirkPerSystem_ns_sirk_crouzeix_domain (attempt 4)
22:39:48 thm:BookProof_ChapterSirkPerSystem_ns_sirk_crouzeix_domain: FAIL (local compile failed: /home/leo/prove2me_workspace/Theorems/Thm_BookProof_ChapterSirkPerSystem_ns_sirk_crouzeix_domain.lean:2:0: error: object file '/)
22:39:48 processing thm:BookProof_ChapterSirkPerSystem_qgR2_shiftInvert_selects (attempt 4)
22:39:49 thm:BookProof_ChapterSirkPerSystem_qgR2_shiftInvert_selects: FAIL (local compile failed: /home/leo/prove2me_workspace/Theorems/Thm_BookProof_ChapterSirkPerSystem_qgR2_shiftInvert_selects.lean:2:0: error: object file ')
22:39:49 processing thm:BookProof_ChapterSirkPerSystem_qgR2_sirk_crouzeix_domain (attempt 4)
22:39:50 thm:BookProof_ChapterSirkPerSystem_qgR2_sirk_crouzeix_domain: FAIL (local compile failed: /home/leo/prove2me_workspace/Theorems/Thm_BookProof_ChapterSirkPerSystem_qgR2_sirk_crouzeix_domain.lean:2:0: error: object file )
22:39:50 processing thm:BookProof_ChapterSirkPerSystem_ym_sirk_crouzeix_domain (attempt 4)
22:39:52 thm:BookProof_ChapterSirkPerSystem_ym_sirk_crouzeix_domain: FAIL (local compile failed: /home/leo/prove2me_workspace/Theorems/Thm_BookProof_ChapterSirkPerSystem_ym_sirk_crouzeix_domain.lean:2:0: error: object file '/)
22:39:52 processing thm:BookProof_ChapterSirkWhitening_adjoint_comp_rangeProj (attempt 4)
22:40:08 thm:BookProof_ChapterSirkWhitening_adjoint_comp_rangeProj: FAIL (publish FAILED: formal statement does not compile: unknown import: Definitions.Def_ChapterSirkWhitening. No such definition exists in this Lean enviro)
22:40:08 processing thm:BookProof_ChapterSirkWhitening_compress_conj_whitening (attempt 4)
22:40:24 thm:BookProof_ChapterSirkWhitening_compress_conj_whitening: FAIL (publish FAILED: formal statement does not compile: unknown import: Definitions.Def_ChapterSirkWhitening. No such definition exists in this Lean enviro)
22:40:24 processing thm:BookProof_ChapterSirkWhitening_compress_reconstruct_eq (attempt 4)
22:40:40 thm:BookProof_ChapterSirkWhitening_compress_reconstruct_eq: FAIL (publish FAILED: formal statement does not compile: unknown import: Definitions.Def_ChapterSirkWhitening. No such definition exists in this Lean enviro)
22:40:40 processing thm:BookProof_ChapterSirkWhitening_embedding_comp_whiteningEquiv (attempt 4)
22:40:57 thm:BookProof_ChapterSirkWhitening_embedding_comp_whiteningEquiv: FAIL (publish FAILED: formal statement does not compile: unknown import: Definitions.Def_ChapterSirkWhitening. No such definition exists in this Lean enviro)
22:40:57 processing thm:BookProof_ChapterSirkWhitening_rangeProj_adjoint (attempt 4)
22:41:14 thm:BookProof_ChapterSirkWhitening_rangeProj_adjoint: FAIL (publish FAILED: formal statement does not compile: unknown import: Definitions.Def_ChapterSirkWhitening. No such definition exists in this Lean enviro)
22:41:14 processing thm:BookProof_ChapterSirkWhitening_rangeProj_apply (attempt 4)
22:41:31 thm:BookProof_ChapterSirkWhitening_rangeProj_apply: FAIL (publish FAILED: formal statement does not compile: unknown import: Definitions.Def_ChapterSirkWhitening. No such definition exists in this Lean enviro)
22:41:31 processing thm:BookProof_ChapterSirkWhitening_rangeProj_comp_embedding (attempt 4)
22:41:47 thm:BookProof_ChapterSirkWhitening_rangeProj_comp_embedding: FAIL (publish FAILED: formal statement does not compile: unknown import: Definitions.Def_ChapterSirkWhitening. No such definition exists in this Lean enviro)
22:41:47 processing thm:BookProof_ChapterSirkWhitening_rangeProj_comp_of_le (attempt 4)
22:42:03 thm:BookProof_ChapterSirkWhitening_rangeProj_comp_of_le: FAIL (publish FAILED: formal statement does not compile: unknown import: Definitions.Def_ChapterSirkWhitening. No such definition exists in this Lean enviro)
22:42:03 processing thm:BookProof_ChapterSirkWhitening_rangeProj_comp_self (attempt 4)
22:42:20 thm:BookProof_ChapterSirkWhitening_rangeProj_comp_self: FAIL (publish FAILED: formal statement does not compile: unknown import: Definitions.Def_ChapterSirkWhitening. No such definition exists in this Lean enviro)
22:42:20 processing thm:BookProof_ChapterSirkWhitening_rangeProj_eq_of_range_eq (attempt 4)
22:42:37 thm:BookProof_ChapterSirkWhitening_rangeProj_eq_of_range_eq: FAIL (publish FAILED: formal statement does not compile: unknown import: Definitions.Def_ChapterSirkWhitening. No such definition exists in this Lean enviro)
22:42:37 processing thm:BookProof_ChapterSirkWhitening_rangeProj_isSelfAdjoint (attempt 4)
22:42:53 thm:BookProof_ChapterSirkWhitening_rangeProj_isSelfAdjoint: FAIL (publish FAILED: formal statement does not compile: unknown import: Definitions.Def_ChapterSirkWhitening. No such definition exists in this Lean enviro)
22:42:53 processing thm:BookProof_ChapterSirkWhitening_sirkApprox_eq_of_range_eq (attempt 4)
22:43:10 thm:BookProof_ChapterSirkWhitening_sirkApprox_eq_of_range_eq: FAIL (publish FAILED: formal statement does not compile: unknown import: Definitions.Def_ChapterSirkWhitening. No such definition exists in this Lean enviro)
22:43:10 processing thm:BookProof_ChapterSirkWhitening_whiteningEquiv_isometry (attempt 4)
22:43:26 thm:BookProof_ChapterSirkWhitening_whiteningEquiv_isometry: FAIL (publish FAILED: formal statement does not compile: unknown import: Definitions.Def_ChapterSirkWhitening. No such definition exists in this Lean enviro)
22:43:26 processing thm:BookProof_ChapterSirkWhitening_whiteningEquiv_left_inverse (attempt 4)
22:43:43 thm:BookProof_ChapterSirkWhitening_whiteningEquiv_left_inverse: FAIL (publish FAILED: formal statement does not compile: unknown import: Definitions.Def_ChapterSirkWhitening. No such definition exists in this Lean enviro)
22:43:43 processing sol:BookProof_ChapterMajoranaProp76_LinearIsometryEquiv_isNote4Unitary (attempt 4)
22:43:43 sol:BookProof_ChapterMajoranaProp76_LinearIsometryEquiv_isNote4Unitary: FAIL (theorem not published yet)
22:43:43 processing sol:BookProof_ChapterSirkGroupTransfer_norm_pow_le_of_le (attempt 4)
22:43:43 sol:BookProof_ChapterSirkGroupTransfer_norm_pow_le_of_le: FAIL (theorem not published yet)
22:43:43 processing sol:BookProof_ChapterSirkGroupTransfer_norm_pow_sub_pow_le (attempt 4)
22:43:43 sol:BookProof_ChapterSirkGroupTransfer_norm_pow_sub_pow_le: FAIL (theorem not published yet)
22:43:43 processing sol:BookProof_ChapterSirkGroupTransfer_groupFlow_zero (attempt 4)
22:43:43 sol:BookProof_ChapterSirkGroupTransfer_groupFlow_zero: FAIL (theorem not published yet)
22:43:43 processing sol:BookProof_ChapterSirkDiffusiveDecay_hasDerivAt_heatFlow_apply (attempt 4)
22:43:43 sol:BookProof_ChapterSirkDiffusiveDecay_hasDerivAt_heatFlow_apply: FAIL (theorem not published yet)
22:43:43 processing sol:BookProof_ChapterSirkDiffusiveDecay_hasDerivAt_heatFlow_normSq (attempt 4)
22:43:43 sol:BookProof_ChapterSirkDiffusiveDecay_hasDerivAt_heatFlow_normSq: FAIL (theorem not published yet)
22:43:43 processing sol:BookProof_ChapterSirkDiffusiveDecay_heatFlow_apply_comm (attempt 4)
22:43:43 sol:BookProof_ChapterSirkDiffusiveDecay_heatFlow_apply_comm: FAIL (theorem not published yet)
22:43:43 processing sol:BookProof_ChapterSirkDiffusiveDecay_heatFlow_zero (attempt 4)
22:43:43 sol:BookProof_ChapterSirkDiffusiveDecay_heatFlow_zero: FAIL (theorem not published yet)
22:43:43 processing sol:BookProof_ChapterSirkDiffusiveDecay_isCoercive_add_algebraMap (attempt 4)
22:43:43 sol:BookProof_ChapterSirkDiffusiveDecay_isCoercive_add_algebraMap: FAIL (theorem not published yet)
22:43:43 processing sol:BookProof_ChapterSirkDiffusiveDecay_isCoercive_compress (attempt 4)
22:43:43 sol:BookProof_ChapterSirkDiffusiveDecay_isCoercive_compress: FAIL (theorem not published yet)
22:43:43 processing sol:BookProof_ChapterSirkDiffusiveDecay_norm_embedding (attempt 4)
22:43:43 sol:BookProof_ChapterSirkDiffusiveDecay_norm_embedding: FAIL (theorem not published yet)
22:43:43 processing sol:BookProof_ChapterSirkDiffusiveDecay_norm_heatFlow_apply_le (attempt 4)
22:43:43 sol:BookProof_ChapterSirkDiffusiveDecay_norm_heatFlow_apply_le: FAIL (theorem not published yet)
22:43:43 processing sol:BookProof_ChapterSirkDiffusiveDecay_norm_heatFlow_compress_apply_le (attempt 4)
22:43:43 sol:BookProof_ChapterSirkDiffusiveDecay_norm_heatFlow_compress_apply_le: FAIL (theorem not published yet)
22:43:43 processing sol:BookProof_ChapterSirkDiffusiveDecay_norm_heatFlow_le (attempt 4)
22:43:43 sol:BookProof_ChapterSirkDiffusiveDecay_norm_heatFlow_le: FAIL (theorem not published yet)
22:43:43 processing sol:BookProof_ChapterSirkEndToEnd_crouzeix_domain_transfer (attempt 4)
22:43:43 sol:BookProof_ChapterSirkEndToEnd_crouzeix_domain_transfer: FAIL (theorem not published yet)
22:43:43 processing sol:BookProof_ChapterSirkEndToEnd_crouzeix_domain_uniform (attempt 4)
22:43:43 sol:BookProof_ChapterSirkEndToEnd_crouzeix_domain_uniform: FAIL (theorem not published yet)
22:43:43 processing sol:BookProof_ChapterSirkEndToEnd_norm_sirkApprox_apply_le (attempt 4)
22:43:43 sol:BookProof_ChapterSirkEndToEnd_norm_sirkApprox_apply_le: FAIL (theorem not published yet)
22:43:43 processing sol:BookProof_ChapterSirkEndToEnd_norm_sirkApprox_apply_le_of_isometry (attempt 4)
22:43:43 sol:BookProof_ChapterSirkEndToEnd_norm_sirkApprox_apply_le_of_isometry: FAIL (theorem not published yet)
22:43:43 processing sol:BookProof_ChapterSirkEndToEnd_sirkApprox_apply (attempt 4)
22:43:43 sol:BookProof_ChapterSirkEndToEnd_sirkApprox_apply: FAIL (theorem not published yet)
22:43:43 processing sol:BookProof_ChapterSirkEndToEnd_sirkApprox_id (attempt 4)
22:43:43 sol:BookProof_ChapterSirkEndToEnd_sirkApprox_id: FAIL (theorem not published yet)
22:43:43 processing sol:BookProof_ChapterSirkEndToEnd_sirkReconstruction_isIdempotent (attempt 4)
22:43:43 sol:BookProof_ChapterSirkEndToEnd_sirkReconstruction_isIdempotent: FAIL (theorem not published yet)
22:43:43 processing sol:BookProof_ChapterSirkEndToEnd_sirkReconstruction_isSelfAdjoint (attempt 4)
22:43:43 sol:BookProof_ChapterSirkEndToEnd_sirkReconstruction_isSelfAdjoint: FAIL (theorem not published yet)
22:43:43 processing sol:BookProof_ChapterSirkEndToEnd_sirk_end_to_end (attempt 4)
22:43:43 sol:BookProof_ChapterSirkEndToEnd_sirk_end_to_end: FAIL (theorem not published yet)
22:43:43 processing sol:BookProof_ChapterSirkEndToEnd_sirk_end_to_end_satisfiable (attempt 4)
22:43:43 sol:BookProof_ChapterSirkEndToEnd_sirk_end_to_end_satisfiable: FAIL (theorem not published yet)
22:43:43 processing sol:BookProof_ChapterSirkEndToEnd_sirk_error_bound_at (attempt 4)
22:43:43 sol:BookProof_ChapterSirkEndToEnd_sirk_error_bound_at: FAIL (theorem not published yet)
22:43:43 processing sol:BookProof_ChapterSirkEndToEnd_sirk_flow_error_tendsto_zero (attempt 4)
22:43:43 sol:BookProof_ChapterSirkEndToEnd_sirk_flow_error_tendsto_zero: FAIL (theorem not published yet)
22:43:43 processing sol:BookProof_ChapterSirkEndToEnd_sirk_flow_error_uniform_in_time (attempt 4)
22:43:43 sol:BookProof_ChapterSirkEndToEnd_sirk_flow_error_uniform_in_time: FAIL (theorem not published yet)
22:43:43 processing sol:BookProof_ChapterSirkEndToEnd_tendsto_zero_of_le_sirkBound (attempt 4)
22:43:43 sol:BookProof_ChapterSirkEndToEnd_tendsto_zero_of_le_sirkBound: FAIL (theorem not published yet)
22:43:43 processing sol:BookProof_ChapterSirkPerSystem_diagKR_sirk_crouzeix_domain (attempt 4)
22:43:43 sol:BookProof_ChapterSirkPerSystem_diagKR_sirk_crouzeix_domain: FAIL (theorem not published yet)
22:43:43 processing sol:BookProof_ChapterSirkPerSystem_lagrangian_sirk_crouzeix_domain (attempt 4)
22:43:43 sol:BookProof_ChapterSirkPerSystem_lagrangian_sirk_crouzeix_domain: FAIL (theorem not published yet)
22:43:43 processing sol:BookProof_ChapterSirkPerSystem_nsDiff_sirk_crouzeix_domain (attempt 4)
22:43:43 sol:BookProof_ChapterSirkPerSystem_nsDiff_sirk_crouzeix_domain: FAIL (theorem not published yet)
22:43:43 processing sol:BookProof_ChapterSirkPerSystem_ns_sirk_crouzeix_domain (attempt 4)
22:43:43 sol:BookProof_ChapterSirkPerSystem_ns_sirk_crouzeix_domain: FAIL (theorem not published yet)
22:43:43 processing sol:BookProof_ChapterSirkPerSystem_qgR2_shiftInvert_selects (attempt 4)
22:43:43 sol:BookProof_ChapterSirkPerSystem_qgR2_shiftInvert_selects: FAIL (theorem not published yet)
22:43:43 processing sol:BookProof_ChapterSirkPerSystem_qgR2_sirk_crouzeix_domain (attempt 4)
22:43:43 sol:BookProof_ChapterSirkPerSystem_qgR2_sirk_crouzeix_domain: FAIL (theorem not published yet)
22:43:43 processing sol:BookProof_ChapterSirkPerSystem_ym_sirk_crouzeix_domain (attempt 4)
22:43:43 sol:BookProof_ChapterSirkPerSystem_ym_sirk_crouzeix_domain: FAIL (theorem not published yet)
22:43:43 processing sol:BookProof_ChapterSirkWhitening_adjoint_comp_rangeProj (attempt 4)
22:43:43 sol:BookProof_ChapterSirkWhitening_adjoint_comp_rangeProj: FAIL (theorem not published yet)
22:43:43 processing sol:BookProof_ChapterSirkWhitening_compress_conj_whitening (attempt 4)
22:43:43 sol:BookProof_ChapterSirkWhitening_compress_conj_whitening: FAIL (theorem not published yet)
22:43:43 processing sol:BookProof_ChapterSirkWhitening_compress_reconstruct_eq (attempt 4)
22:43:43 sol:BookProof_ChapterSirkWhitening_compress_reconstruct_eq: FAIL (theorem not published yet)
22:43:43 processing sol:BookProof_ChapterSirkWhitening_embedding_comp_whiteningEquiv (attempt 4)
22:43:43 sol:BookProof_ChapterSirkWhitening_embedding_comp_whiteningEquiv: FAIL (theorem not published yet)
22:43:43 processing sol:BookProof_ChapterSirkWhitening_rangeProj_adjoint (attempt 4)
22:43:43 sol:BookProof_ChapterSirkWhitening_rangeProj_adjoint: FAIL (theorem not published yet)
22:43:43 processing sol:BookProof_ChapterSirkWhitening_rangeProj_apply (attempt 4)
22:43:43 sol:BookProof_ChapterSirkWhitening_rangeProj_apply: FAIL (theorem not published yet)
22:43:43 processing sol:BookProof_ChapterSirkWhitening_rangeProj_comp_embedding (attempt 4)
22:43:43 sol:BookProof_ChapterSirkWhitening_rangeProj_comp_embedding: FAIL (theorem not published yet)
22:43:43 processing sol:BookProof_ChapterSirkWhitening_rangeProj_comp_of_le (attempt 4)
22:43:43 sol:BookProof_ChapterSirkWhitening_rangeProj_comp_of_le: FAIL (theorem not published yet)
22:43:43 processing sol:BookProof_ChapterSirkWhitening_rangeProj_comp_self (attempt 4)
22:43:43 sol:BookProof_ChapterSirkWhitening_rangeProj_comp_self: FAIL (theorem not published yet)
22:43:43 processing sol:BookProof_ChapterSirkWhitening_rangeProj_eq_of_range_eq (attempt 4)
22:43:43 sol:BookProof_ChapterSirkWhitening_rangeProj_eq_of_range_eq: FAIL (theorem not published yet)
22:43:43 processing sol:BookProof_ChapterSirkWhitening_rangeProj_isSelfAdjoint (attempt 4)
22:43:43 sol:BookProof_ChapterSirkWhitening_rangeProj_isSelfAdjoint: FAIL (theorem not published yet)
22:43:43 processing sol:BookProof_ChapterSirkWhitening_sirkApprox_eq_of_range_eq (attempt 4)
22:43:43 sol:BookProof_ChapterSirkWhitening_sirkApprox_eq_of_range_eq: FAIL (theorem not published yet)
22:43:43 processing sol:BookProof_ChapterSirkWhitening_whiteningEquiv_isometry (attempt 4)
22:43:43 sol:BookProof_ChapterSirkWhitening_whiteningEquiv_isometry: FAIL (theorem not published yet)
22:43:43 processing sol:BookProof_ChapterSirkWhitening_whiteningEquiv_left_inverse (attempt 4)
22:43:43 sol:BookProof_ChapterSirkWhitening_whiteningEquiv_left_inverse: FAIL (theorem not published yet)
22:43:43 summary: 254 done, 163 pending, 0 failed
23:29:22 processing def:ChapterYangMillsHermite (attempt 4)
23:29:25 def:ChapterYangMillsHermite: FAIL (local compile failed: /home/leo/prove2me_workspace/Definitions/Def_ChapterYangMillsHermite.lean:96:34: error(lean.unknownIdentifier): Unknown identifi)
23:29:25 processing def:ChapterSirkWhitening (attempt 4)
23:29:52 def:ChapterSirkWhitening: FAIL (publish FAILED: definition does not compile: unknown import: Definitions.Def_ChapterH4. No such definition exists in this Lean environment (mathlib 0d)
23:29:52 processing def:ChapterSirkPerSystem (attempt 4)
23:29:56 def:ChapterSirkPerSystem: FAIL (local compile failed: /home/leo/prove2me_workspace/Definitions/Def_ChapterSirkPerSystem.lean:63:26: error: Function expected at
  L2d
but this term ha)
23:29:56 processing def:ChapterSirkEndToEnd (attempt 4)
23:30:22 def:ChapterSirkEndToEnd: FAIL (publish FAILED: definition does not compile: unknown import: Definitions.Def_ChapterH4. No such definition exists in this Lean environment (mathlib 0d)
23:30:22 processing def:ChapterSirkDiffusiveDecay (attempt 4)
23:30:47 def:ChapterSirkDiffusiveDecay: FAIL (publish FAILED: definition does not compile: unknown import: Definitions.Def_ChapterH4. No such definition exists in this Lean environment (mathlib 0d)
23:30:47 processing thm:BookProof_ChapterSirkDiffusiveDecay_norm_heatFlow_compress_apply_le (attempt 5)
23:31:15 thm:BookProof_ChapterSirkDiffusiveDecay_norm_heatFlow_compress_apply_le: FAIL (publish FAILED: formal statement does not compile: unknown import: Definitions.Def_ChapterSirkDiffusiveDecay. No such definition exists in this Lean e)
23:31:15 processing thm:BookProof_ChapterSirkDiffusiveDecay_norm_heatFlow_le (attempt 5)
23:31:42 thm:BookProof_ChapterSirkDiffusiveDecay_norm_heatFlow_le: FAIL (publish FAILED: formal statement does not compile: unknown import: Definitions.Def_ChapterSirkDiffusiveDecay. No such definition exists in this Lean e)
23:31:42 processing thm:BookProof_ChapterSirkEndToEnd_crouzeix_domain_transfer (attempt 5)
23:31:46 thm:BookProof_ChapterSirkEndToEnd_crouzeix_domain_transfer: FAIL (local compile failed: /home/leo/prove2me_workspace/Theorems/Thm_BookProof_ChapterSirkEndToEnd_crouzeix_domain_transfer.lean:28:10: error: Function exp)
23:31:46 processing thm:BookProof_ChapterSirkEndToEnd_crouzeix_domain_uniform (attempt 5)
23:31:49 thm:BookProof_ChapterSirkEndToEnd_crouzeix_domain_uniform: FAIL (local compile failed: /home/leo/prove2me_workspace/Theorems/Thm_BookProof_ChapterSirkEndToEnd_crouzeix_domain_uniform.lean:28:20: error: Function expe)
23:31:49 processing thm:BookProof_ChapterSirkEndToEnd_norm_sirkApprox_apply_le (attempt 5)
23:32:15 thm:BookProof_ChapterSirkEndToEnd_norm_sirkApprox_apply_le: FAIL (publish FAILED: formal statement does not compile: unknown import: Definitions.Def_ChapterSirkEndToEnd. No such definition exists in this Lean environ)
23:32:15 processing thm:BookProof_ChapterSirkEndToEnd_norm_sirkApprox_apply_le_of_isometry (attempt 5)
23:32:41 thm:BookProof_ChapterSirkEndToEnd_norm_sirkApprox_apply_le_of_isometry: FAIL (publish FAILED: formal statement does not compile: unknown import: Definitions.Def_ChapterSirkEndToEnd. No such definition exists in this Lean environ)
23:32:41 processing thm:BookProof_ChapterSirkEndToEnd_sirkApprox_apply (attempt 5)
23:33:07 thm:BookProof_ChapterSirkEndToEnd_sirkApprox_apply: FAIL (publish FAILED: formal statement does not compile: unknown import: Definitions.Def_ChapterSirkEndToEnd. No such definition exists in this Lean environ)
23:33:07 processing thm:BookProof_ChapterSirkEndToEnd_sirkApprox_id (attempt 5)
23:33:32 thm:BookProof_ChapterSirkEndToEnd_sirkApprox_id: FAIL (publish FAILED: formal statement does not compile: unknown import: Definitions.Def_ChapterSirkEndToEnd. No such definition exists in this Lean environ)
23:33:32 processing thm:BookProof_ChapterSirkEndToEnd_sirkReconstruction_isIdempotent (attempt 5)
23:33:58 thm:BookProof_ChapterSirkEndToEnd_sirkReconstruction_isIdempotent: FAIL (publish FAILED: formal statement does not compile: unknown import: Definitions.Def_ChapterSirkEndToEnd. No such definition exists in this Lean environ)
23:33:58 processing thm:BookProof_ChapterSirkEndToEnd_sirkReconstruction_isSelfAdjoint (attempt 5)
23:34:25 thm:BookProof_ChapterSirkEndToEnd_sirkReconstruction_isSelfAdjoint: FAIL (publish FAILED: formal statement does not compile: unknown import: Definitions.Def_ChapterSirkEndToEnd. No such definition exists in this Lean environ)
23:34:25 processing thm:BookProof_ChapterSirkEndToEnd_sirk_end_to_end (attempt 5)
23:34:28 thm:BookProof_ChapterSirkEndToEnd_sirk_end_to_end: FAIL (local compile failed: /home/leo/prove2me_workspace/Theorems/Thm_BookProof_ChapterSirkEndToEnd_sirk_end_to_end.lean:43:37: error: Function expected at
)
23:34:28 processing thm:BookProof_ChapterSirkEndToEnd_sirk_end_to_end_satisfiable (attempt 5)
23:34:32 thm:BookProof_ChapterSirkEndToEnd_sirk_end_to_end_satisfiable: FAIL (local compile failed: /home/leo/prove2me_workspace/Theorems/Thm_BookProof_ChapterSirkEndToEnd_sirk_end_to_end_satisfiable.lean:33:44: error: Function )
23:34:32 processing thm:BookProof_ChapterSirkEndToEnd_sirk_error_bound_at (attempt 5)
23:34:57 thm:BookProof_ChapterSirkEndToEnd_sirk_error_bound_at: FAIL (publish FAILED: formal statement does not compile: unknown import: Definitions.Def_ChapterSirkEndToEnd. No such definition exists in this Lean environ)
23:34:57 processing thm:BookProof_ChapterSirkEndToEnd_sirk_flow_error_tendsto_zero (attempt 5)
23:35:00 thm:BookProof_ChapterSirkEndToEnd_sirk_flow_error_tendsto_zero: FAIL (local compile failed: /home/leo/prove2me_workspace/Theorems/Thm_BookProof_ChapterSirkEndToEnd_sirk_flow_error_tendsto_zero.lean:31:60: error: Function)
23:35:00 processing thm:BookProof_ChapterSirkEndToEnd_sirk_flow_error_uniform_in_time (attempt 5)
23:35:03 thm:BookProof_ChapterSirkEndToEnd_sirk_flow_error_uniform_in_time: FAIL (local compile failed: /home/leo/prove2me_workspace/Theorems/Thm_BookProof_ChapterSirkEndToEnd_sirk_flow_error_uniform_in_time.lean:32:51: error: Funct)
23:35:03 processing thm:BookProof_ChapterSirkEndToEnd_tendsto_zero_of_le_sirkBound (attempt 5)
23:35:06 thm:BookProof_ChapterSirkEndToEnd_tendsto_zero_of_le_sirkBound: FAIL (local compile failed: /home/leo/prove2me_workspace/Theorems/Thm_BookProof_ChapterSirkEndToEnd_tendsto_zero_of_le_sirkBound.lean:27:47: error: Function)
23:35:06 processing thm:BookProof_ChapterSirkPerSystem_diagKR_sirk_crouzeix_domain (attempt 5)
23:35:07 thm:BookProof_ChapterSirkPerSystem_diagKR_sirk_crouzeix_domain: FAIL (local compile failed: /home/leo/prove2me_workspace/Theorems/Thm_BookProof_ChapterSirkPerSystem_diagKR_sirk_crouzeix_domain.lean:2:0: error: object fil)
23:35:07 processing thm:BookProof_ChapterSirkPerSystem_lagrangian_sirk_crouzeix_domain (attempt 5)
23:35:08 thm:BookProof_ChapterSirkPerSystem_lagrangian_sirk_crouzeix_domain: FAIL (local compile failed: /home/leo/prove2me_workspace/Theorems/Thm_BookProof_ChapterSirkPerSystem_lagrangian_sirk_crouzeix_domain.lean:2:0: error: object)
23:35:08 processing thm:BookProof_ChapterSirkPerSystem_nsDiff_sirk_crouzeix_domain (attempt 5)
23:35:10 thm:BookProof_ChapterSirkPerSystem_nsDiff_sirk_crouzeix_domain: FAIL (local compile failed: /home/leo/prove2me_workspace/Theorems/Thm_BookProof_ChapterSirkPerSystem_nsDiff_sirk_crouzeix_domain.lean:2:0: error: object fil)
23:35:10 processing thm:BookProof_ChapterSirkPerSystem_ns_sirk_crouzeix_domain (attempt 5)
23:35:11 thm:BookProof_ChapterSirkPerSystem_ns_sirk_crouzeix_domain: FAIL (local compile failed: /home/leo/prove2me_workspace/Theorems/Thm_BookProof_ChapterSirkPerSystem_ns_sirk_crouzeix_domain.lean:2:0: error: object file '/)
23:35:11 processing thm:BookProof_ChapterSirkPerSystem_qgR2_shiftInvert_selects (attempt 5)
23:35:12 thm:BookProof_ChapterSirkPerSystem_qgR2_shiftInvert_selects: FAIL (local compile failed: /home/leo/prove2me_workspace/Theorems/Thm_BookProof_ChapterSirkPerSystem_qgR2_shiftInvert_selects.lean:2:0: error: object file ')
23:35:12 processing thm:BookProof_ChapterSirkPerSystem_qgR2_sirk_crouzeix_domain (attempt 5)
23:35:13 thm:BookProof_ChapterSirkPerSystem_qgR2_sirk_crouzeix_domain: FAIL (local compile failed: /home/leo/prove2me_workspace/Theorems/Thm_BookProof_ChapterSirkPerSystem_qgR2_sirk_crouzeix_domain.lean:2:0: error: object file )
23:35:13 processing thm:BookProof_ChapterSirkPerSystem_ym_sirk_crouzeix_domain (attempt 5)
23:35:15 thm:BookProof_ChapterSirkPerSystem_ym_sirk_crouzeix_domain: FAIL (local compile failed: /home/leo/prove2me_workspace/Theorems/Thm_BookProof_ChapterSirkPerSystem_ym_sirk_crouzeix_domain.lean:2:0: error: object file '/)
23:35:15 processing thm:BookProof_ChapterSirkWhitening_adjoint_comp_rangeProj (attempt 5)
23:35:40 thm:BookProof_ChapterSirkWhitening_adjoint_comp_rangeProj: FAIL (publish FAILED: formal statement does not compile: unknown import: Definitions.Def_ChapterSirkWhitening. No such definition exists in this Lean enviro)
23:35:40 processing thm:BookProof_ChapterSirkWhitening_compress_conj_whitening (attempt 5)
23:36:06 thm:BookProof_ChapterSirkWhitening_compress_conj_whitening: FAIL (publish FAILED: formal statement does not compile: unknown import: Definitions.Def_ChapterSirkWhitening. No such definition exists in this Lean enviro)
23:36:06 processing thm:BookProof_ChapterSirkWhitening_compress_reconstruct_eq (attempt 5)
23:36:31 thm:BookProof_ChapterSirkWhitening_compress_reconstruct_eq: FAIL (publish FAILED: formal statement does not compile: unknown import: Definitions.Def_ChapterSirkWhitening. No such definition exists in this Lean enviro)
23:36:31 processing thm:BookProof_ChapterSirkWhitening_embedding_comp_whiteningEquiv (attempt 5)
23:36:57 thm:BookProof_ChapterSirkWhitening_embedding_comp_whiteningEquiv: FAIL (publish FAILED: formal statement does not compile: unknown import: Definitions.Def_ChapterSirkWhitening. No such definition exists in this Lean enviro)
23:36:57 processing thm:BookProof_ChapterSirkWhitening_rangeProj_adjoint (attempt 5)
23:37:23 thm:BookProof_ChapterSirkWhitening_rangeProj_adjoint: FAIL (publish FAILED: formal statement does not compile: unknown import: Definitions.Def_ChapterSirkWhitening. No such definition exists in this Lean enviro)
23:37:23 processing thm:BookProof_ChapterSirkWhitening_rangeProj_apply (attempt 5)
23:37:51 thm:BookProof_ChapterSirkWhitening_rangeProj_apply: FAIL (publish FAILED: formal statement does not compile: unknown import: Definitions.Def_ChapterSirkWhitening. No such definition exists in this Lean enviro)
23:37:51 processing thm:BookProof_ChapterSirkWhitening_rangeProj_comp_embedding (attempt 5)
23:38:16 thm:BookProof_ChapterSirkWhitening_rangeProj_comp_embedding: FAIL (publish FAILED: formal statement does not compile: unknown import: Definitions.Def_ChapterSirkWhitening. No such definition exists in this Lean enviro)
23:38:16 processing thm:BookProof_ChapterSirkWhitening_rangeProj_comp_of_le (attempt 5)
23:38:41 thm:BookProof_ChapterSirkWhitening_rangeProj_comp_of_le: FAIL (publish FAILED: formal statement does not compile: unknown import: Definitions.Def_ChapterSirkWhitening. No such definition exists in this Lean enviro)
23:38:41 processing thm:BookProof_ChapterSirkWhitening_rangeProj_comp_self (attempt 5)
23:39:06 thm:BookProof_ChapterSirkWhitening_rangeProj_comp_self: FAIL (publish FAILED: formal statement does not compile: unknown import: Definitions.Def_ChapterSirkWhitening. No such definition exists in this Lean enviro)
23:39:06 processing thm:BookProof_ChapterSirkWhitening_rangeProj_eq_of_range_eq (attempt 5)
23:39:31 thm:BookProof_ChapterSirkWhitening_rangeProj_eq_of_range_eq: FAIL (publish FAILED: formal statement does not compile: unknown import: Definitions.Def_ChapterSirkWhitening. No such definition exists in this Lean enviro)
23:39:31 processing thm:BookProof_ChapterSirkWhitening_rangeProj_isSelfAdjoint (attempt 5)
23:39:56 thm:BookProof_ChapterSirkWhitening_rangeProj_isSelfAdjoint: FAIL (publish FAILED: formal statement does not compile: unknown import: Definitions.Def_ChapterSirkWhitening. No such definition exists in this Lean enviro)
23:39:56 processing thm:BookProof_ChapterSirkWhitening_sirkApprox_eq_of_range_eq (attempt 5)
23:40:23 thm:BookProof_ChapterSirkWhitening_sirkApprox_eq_of_range_eq: FAIL (publish FAILED: formal statement does not compile: unknown import: Definitions.Def_ChapterSirkWhitening. No such definition exists in this Lean enviro)
23:40:23 processing thm:BookProof_ChapterSirkWhitening_whiteningEquiv_isometry (attempt 5)
23:40:50 thm:BookProof_ChapterSirkWhitening_whiteningEquiv_isometry: FAIL (publish FAILED: formal statement does not compile: unknown import: Definitions.Def_ChapterSirkWhitening. No such definition exists in this Lean enviro)
23:40:50 processing thm:BookProof_ChapterSirkWhitening_whiteningEquiv_left_inverse (attempt 5)
23:41:16 thm:BookProof_ChapterSirkWhitening_whiteningEquiv_left_inverse: FAIL (publish FAILED: formal statement does not compile: unknown import: Definitions.Def_ChapterSirkWhitening. No such definition exists in this Lean enviro)
23:41:16 processing sol:BookProof_ChapterMajoranaProp76_LinearIsometryEquiv_isNote4Unitary (attempt 5)
23:41:16 sol:BookProof_ChapterMajoranaProp76_LinearIsometryEquiv_isNote4Unitary: FAIL (theorem not published yet)
23:41:16 processing sol:BookProof_ChapterSirkGroupTransfer_norm_pow_le_of_le (attempt 5)
23:41:16 sol:BookProof_ChapterSirkGroupTransfer_norm_pow_le_of_le: FAIL (theorem not published yet)
23:41:16 processing sol:BookProof_ChapterSirkGroupTransfer_norm_pow_sub_pow_le (attempt 5)
23:41:16 sol:BookProof_ChapterSirkGroupTransfer_norm_pow_sub_pow_le: FAIL (theorem not published yet)
23:41:16 processing sol:BookProof_ChapterSirkGroupTransfer_groupFlow_zero (attempt 5)
23:41:16 sol:BookProof_ChapterSirkGroupTransfer_groupFlow_zero: FAIL (theorem not published yet)
23:41:16 processing sol:BookProof_ChapterSirkDiffusiveDecay_hasDerivAt_heatFlow_apply (attempt 5)
23:41:16 sol:BookProof_ChapterSirkDiffusiveDecay_hasDerivAt_heatFlow_apply: FAIL (theorem not published yet)
23:41:16 processing sol:BookProof_ChapterSirkDiffusiveDecay_hasDerivAt_heatFlow_normSq (attempt 5)
23:41:16 sol:BookProof_ChapterSirkDiffusiveDecay_hasDerivAt_heatFlow_normSq: FAIL (theorem not published yet)
23:41:16 processing sol:BookProof_ChapterSirkDiffusiveDecay_heatFlow_apply_comm (attempt 5)
23:41:16 sol:BookProof_ChapterSirkDiffusiveDecay_heatFlow_apply_comm: FAIL (theorem not published yet)
23:41:16 processing sol:BookProof_ChapterSirkDiffusiveDecay_heatFlow_zero (attempt 5)
23:41:16 sol:BookProof_ChapterSirkDiffusiveDecay_heatFlow_zero: FAIL (theorem not published yet)
23:41:16 processing sol:BookProof_ChapterSirkDiffusiveDecay_isCoercive_add_algebraMap (attempt 5)
23:41:16 sol:BookProof_ChapterSirkDiffusiveDecay_isCoercive_add_algebraMap: FAIL (theorem not published yet)
23:41:16 processing sol:BookProof_ChapterSirkDiffusiveDecay_isCoercive_compress (attempt 5)
23:41:16 sol:BookProof_ChapterSirkDiffusiveDecay_isCoercive_compress: FAIL (theorem not published yet)
23:41:16 processing sol:BookProof_ChapterSirkDiffusiveDecay_norm_embedding (attempt 5)
23:41:16 sol:BookProof_ChapterSirkDiffusiveDecay_norm_embedding: FAIL (theorem not published yet)
23:41:16 processing sol:BookProof_ChapterSirkDiffusiveDecay_norm_heatFlow_apply_le (attempt 5)
23:41:16 sol:BookProof_ChapterSirkDiffusiveDecay_norm_heatFlow_apply_le: FAIL (theorem not published yet)
23:41:16 processing sol:BookProof_ChapterSirkDiffusiveDecay_norm_heatFlow_compress_apply_le (attempt 5)
23:41:16 sol:BookProof_ChapterSirkDiffusiveDecay_norm_heatFlow_compress_apply_le: FAIL (theorem not published yet)
23:41:16 processing sol:BookProof_ChapterSirkDiffusiveDecay_norm_heatFlow_le (attempt 5)
23:41:16 sol:BookProof_ChapterSirkDiffusiveDecay_norm_heatFlow_le: FAIL (theorem not published yet)
23:41:16 processing sol:BookProof_ChapterSirkEndToEnd_crouzeix_domain_transfer (attempt 5)
23:41:16 sol:BookProof_ChapterSirkEndToEnd_crouzeix_domain_transfer: FAIL (theorem not published yet)
23:41:16 processing sol:BookProof_ChapterSirkEndToEnd_crouzeix_domain_uniform (attempt 5)
23:41:16 sol:BookProof_ChapterSirkEndToEnd_crouzeix_domain_uniform: FAIL (theorem not published yet)
23:41:16 processing sol:BookProof_ChapterSirkEndToEnd_norm_sirkApprox_apply_le (attempt 5)
23:41:16 sol:BookProof_ChapterSirkEndToEnd_norm_sirkApprox_apply_le: FAIL (theorem not published yet)
23:41:16 processing sol:BookProof_ChapterSirkEndToEnd_norm_sirkApprox_apply_le_of_isometry (attempt 5)
23:41:16 sol:BookProof_ChapterSirkEndToEnd_norm_sirkApprox_apply_le_of_isometry: FAIL (theorem not published yet)
23:41:16 processing sol:BookProof_ChapterSirkEndToEnd_sirkApprox_apply (attempt 5)
23:41:16 sol:BookProof_ChapterSirkEndToEnd_sirkApprox_apply: FAIL (theorem not published yet)
23:41:16 processing sol:BookProof_ChapterSirkEndToEnd_sirkApprox_id (attempt 5)
23:41:16 sol:BookProof_ChapterSirkEndToEnd_sirkApprox_id: FAIL (theorem not published yet)
23:41:16 processing sol:BookProof_ChapterSirkEndToEnd_sirkReconstruction_isIdempotent (attempt 5)
23:41:16 sol:BookProof_ChapterSirkEndToEnd_sirkReconstruction_isIdempotent: FAIL (theorem not published yet)
23:41:16 processing sol:BookProof_ChapterSirkEndToEnd_sirkReconstruction_isSelfAdjoint (attempt 5)
23:41:16 sol:BookProof_ChapterSirkEndToEnd_sirkReconstruction_isSelfAdjoint: FAIL (theorem not published yet)
23:41:16 processing sol:BookProof_ChapterSirkEndToEnd_sirk_end_to_end (attempt 5)
23:41:16 sol:BookProof_ChapterSirkEndToEnd_sirk_end_to_end: FAIL (theorem not published yet)
23:41:16 processing sol:BookProof_ChapterSirkEndToEnd_sirk_end_to_end_satisfiable (attempt 5)
23:41:16 sol:BookProof_ChapterSirkEndToEnd_sirk_end_to_end_satisfiable: FAIL (theorem not published yet)
23:41:16 processing sol:BookProof_ChapterSirkEndToEnd_sirk_error_bound_at (attempt 5)
23:41:16 sol:BookProof_ChapterSirkEndToEnd_sirk_error_bound_at: FAIL (theorem not published yet)
23:41:16 processing sol:BookProof_ChapterSirkEndToEnd_sirk_flow_error_tendsto_zero (attempt 5)
23:41:16 sol:BookProof_ChapterSirkEndToEnd_sirk_flow_error_tendsto_zero: FAIL (theorem not published yet)
23:41:16 processing sol:BookProof_ChapterSirkEndToEnd_sirk_flow_error_uniform_in_time (attempt 5)
23:41:16 sol:BookProof_ChapterSirkEndToEnd_sirk_flow_error_uniform_in_time: FAIL (theorem not published yet)
23:41:16 processing sol:BookProof_ChapterSirkEndToEnd_tendsto_zero_of_le_sirkBound (attempt 5)
23:41:16 sol:BookProof_ChapterSirkEndToEnd_tendsto_zero_of_le_sirkBound: FAIL (theorem not published yet)
23:41:16 processing sol:BookProof_ChapterSirkPerSystem_diagKR_sirk_crouzeix_domain (attempt 5)
23:41:16 sol:BookProof_ChapterSirkPerSystem_diagKR_sirk_crouzeix_domain: FAIL (theorem not published yet)
23:41:16 processing sol:BookProof_ChapterSirkPerSystem_lagrangian_sirk_crouzeix_domain (attempt 5)
23:41:16 sol:BookProof_ChapterSirkPerSystem_lagrangian_sirk_crouzeix_domain: FAIL (theorem not published yet)
23:41:16 processing sol:BookProof_ChapterSirkPerSystem_nsDiff_sirk_crouzeix_domain (attempt 5)
23:41:16 sol:BookProof_ChapterSirkPerSystem_nsDiff_sirk_crouzeix_domain: FAIL (theorem not published yet)
23:41:16 processing sol:BookProof_ChapterSirkPerSystem_ns_sirk_crouzeix_domain (attempt 5)
23:41:16 sol:BookProof_ChapterSirkPerSystem_ns_sirk_crouzeix_domain: FAIL (theorem not published yet)
23:41:16 processing sol:BookProof_ChapterSirkPerSystem_qgR2_shiftInvert_selects (attempt 5)
23:41:16 sol:BookProof_ChapterSirkPerSystem_qgR2_shiftInvert_selects: FAIL (theorem not published yet)
23:41:16 processing sol:BookProof_ChapterSirkPerSystem_qgR2_sirk_crouzeix_domain (attempt 5)
23:41:16 sol:BookProof_ChapterSirkPerSystem_qgR2_sirk_crouzeix_domain: FAIL (theorem not published yet)
23:41:16 processing sol:BookProof_ChapterSirkPerSystem_ym_sirk_crouzeix_domain (attempt 5)
23:41:16 sol:BookProof_ChapterSirkPerSystem_ym_sirk_crouzeix_domain: FAIL (theorem not published yet)
23:41:16 processing sol:BookProof_ChapterSirkWhitening_adjoint_comp_rangeProj (attempt 5)
23:41:16 sol:BookProof_ChapterSirkWhitening_adjoint_comp_rangeProj: FAIL (theorem not published yet)
23:41:16 processing sol:BookProof_ChapterSirkWhitening_compress_conj_whitening (attempt 5)
23:41:16 sol:BookProof_ChapterSirkWhitening_compress_conj_whitening: FAIL (theorem not published yet)
23:41:16 processing sol:BookProof_ChapterSirkWhitening_compress_reconstruct_eq (attempt 5)
23:41:16 sol:BookProof_ChapterSirkWhitening_compress_reconstruct_eq: FAIL (theorem not published yet)
23:41:16 processing sol:BookProof_ChapterSirkWhitening_embedding_comp_whiteningEquiv (attempt 5)
23:41:16 sol:BookProof_ChapterSirkWhitening_embedding_comp_whiteningEquiv: FAIL (theorem not published yet)
23:41:16 processing sol:BookProof_ChapterSirkWhitening_rangeProj_adjoint (attempt 5)
23:41:16 sol:BookProof_ChapterSirkWhitening_rangeProj_adjoint: FAIL (theorem not published yet)
23:41:16 processing sol:BookProof_ChapterSirkWhitening_rangeProj_apply (attempt 5)
23:41:16 sol:BookProof_ChapterSirkWhitening_rangeProj_apply: FAIL (theorem not published yet)
23:41:16 processing sol:BookProof_ChapterSirkWhitening_rangeProj_comp_embedding (attempt 5)
23:41:16 sol:BookProof_ChapterSirkWhitening_rangeProj_comp_embedding: FAIL (theorem not published yet)
23:41:16 processing sol:BookProof_ChapterSirkWhitening_rangeProj_comp_of_le (attempt 5)
23:41:16 sol:BookProof_ChapterSirkWhitening_rangeProj_comp_of_le: FAIL (theorem not published yet)
23:41:16 processing sol:BookProof_ChapterSirkWhitening_rangeProj_comp_self (attempt 5)
23:41:16 sol:BookProof_ChapterSirkWhitening_rangeProj_comp_self: FAIL (theorem not published yet)
23:41:16 processing sol:BookProof_ChapterSirkWhitening_rangeProj_eq_of_range_eq (attempt 5)
23:41:16 sol:BookProof_ChapterSirkWhitening_rangeProj_eq_of_range_eq: FAIL (theorem not published yet)
23:41:16 processing sol:BookProof_ChapterSirkWhitening_rangeProj_isSelfAdjoint (attempt 5)
23:41:16 sol:BookProof_ChapterSirkWhitening_rangeProj_isSelfAdjoint: FAIL (theorem not published yet)
23:41:16 processing sol:BookProof_ChapterSirkWhitening_sirkApprox_eq_of_range_eq (attempt 5)
23:41:16 sol:BookProof_ChapterSirkWhitening_sirkApprox_eq_of_range_eq: FAIL (theorem not published yet)
23:41:16 processing sol:BookProof_ChapterSirkWhitening_whiteningEquiv_isometry (attempt 5)
23:41:16 sol:BookProof_ChapterSirkWhitening_whiteningEquiv_isometry: FAIL (theorem not published yet)
23:41:16 processing sol:BookProof_ChapterSirkWhitening_whiteningEquiv_left_inverse (attempt 5)
23:41:16 sol:BookProof_ChapterSirkWhitening_whiteningEquiv_left_inverse: FAIL (theorem not published yet)
23:41:16 summary: 254 done, 148 pending, 15 failed
07:39:13 processing def:ChapterYangMillsHermite (attempt 5)
07:39:14 def:ChapterYangMillsHermite: FAIL (local compile failed: /home/leo/prove2me_workspace/Definitions/Def_ChapterYangMillsHermite.lean:1:0: error: object file '/home/leo/prove2me_workspace/)
07:39:14 processing def:ChapterSirkWhitening (attempt 5)
07:39:29 def:ChapterSirkWhitening: FAIL (local compile failed: /home/leo/prove2me_workspace/Definitions/Def_ChapterSirkWhitening.lean:85:13: warning: `ContinuousLinearMap.coe_comp'` has been )
07:39:29 processing def:ChapterSirkPerSystem (attempt 5)
07:39:33 def:ChapterSirkPerSystem: FAIL (local compile failed: /home/leo/prove2me_workspace/Definitions/Def_ChapterSirkPerSystem.lean:52:5: error: unknown namespace `BookProof.ChapterH4`
/hom)
07:39:33 processing def:ChapterSirkEndToEnd (attempt 5)
07:39:53 def:ChapterSirkEndToEnd: FAIL (local compile failed: /home/leo/prove2me_workspace/Definitions/Def_ChapterSirkEndToEnd.lean:62:5: error: unknown namespace `BookProof.ChapterH4`
/home)
07:39:53 processing def:ChapterSirkDiffusiveDecay (attempt 5)
07:40:08 def:ChapterSirkDiffusiveDecay: FAIL (local compile failed: /home/leo/prove2me_workspace/Definitions/Def_ChapterSirkDiffusiveDecay.lean:55:5: error: unknown namespace `BookProof.ChapterH4`)
07:40:08 summary: 254 done, 62 pending, 101 failed
09:18:51 summary: 254 done, 57 pending, 106 failed
09:19:12 summary: 254 done, 57 pending, 106 failed
13:39:29 processing def:ChapterYangMillsHermite (attempt 1)
13:39:36 def:ChapterYangMillsHermite: FAIL (local compile failed: /home/leo/prove2me_workspace/Definitions/Def_ChapterYangMillsHermite.lean:306:21: error: Type mismatch: After simplification, te)
13:39:36 processing def:ChapterSirkWhitening (attempt 1)
13:49:58 processing def:ChapterSirkDiffusiveDecay (attempt 1)
13:54:35 processing def:ChapterSirkDiffusiveDecay (attempt 1)
13:54:44 def:ChapterSirkDiffusiveDecay: DONE
13:54:44 processing def:ChapterYangMillsSU3 (attempt 1)
13:54:52 def:ChapterYangMillsSU3: REUSING existing Definition node 9e152958-8ad1-49a6-acf4-0ed55b3277fb
13:54:52 def:ChapterYangMillsSU3: DONE
13:54:52 processing def:ChapterSirkGroupTransfer (attempt 1)
13:54:59 def:ChapterSirkGroupTransfer: REUSING existing Definition node 422adb03-7eaa-429a-be1d-a62cc1f0a961
13:54:59 def:ChapterSirkGroupTransfer: DONE
13:54:59 processing def:ChapterMajoranaProp76 (attempt 1)
13:55:06 def:ChapterMajoranaProp76: REUSING existing Definition node 9fe838b9-2763-4db9-971a-5d7df28f5658
13:55:06 def:ChapterMajoranaProp76: DONE
13:55:06 processing thm:BookProof_ChapterMajoranaProp76_LinearIsometryEquiv_isNote4Unitary (attempt 1)
13:55:14 thm:BookProof_ChapterMajoranaProp76_LinearIsometryEquiv_isNote4Unitary: REUSING existing BookProof.ChapterMajoranaProp76.LinearIsometryEquiv.isNote4Unitary (Proved) b3da917e-e1cd-4760-a550-838d8a2b9aaa
13:55:14 thm:BookProof_ChapterMajoranaProp76_LinearIsometryEquiv_isNote4Unitary: DONE
13:55:14 processing thm:BookProof_ChapterSirkGroupTransfer_norm_pow_le_of_le (attempt 1)
13:55:21 thm:BookProof_ChapterSirkGroupTransfer_norm_pow_le_of_le: REUSING existing BookProof.ChapterSirkGroupTransfer.norm_pow_le_of_le (Proved) 631799c9-817c-452b-9eb5-54117cfae1e9
13:55:21 thm:BookProof_ChapterSirkGroupTransfer_norm_pow_le_of_le: DONE
13:55:21 processing thm:BookProof_ChapterSirkGroupTransfer_norm_pow_sub_pow_le (attempt 1)
13:55:28 thm:BookProof_ChapterSirkGroupTransfer_norm_pow_sub_pow_le: REUSING existing BookProof.ChapterSirkGroupTransfer.norm_pow_sub_pow_le (Proved) 1efced88-f3fb-4878-8118-9705010de53b
13:55:28 thm:BookProof_ChapterSirkGroupTransfer_norm_pow_sub_pow_le: DONE
13:55:28 processing thm:BookProof_ChapterSirkGroupTransfer_groupFlow_zero (attempt 1)
13:55:36 thm:BookProof_ChapterSirkGroupTransfer_groupFlow_zero: REUSING existing BookProof.ChapterSirkGroupTransfer.groupFlow_zero (Proved) 8e1d8a6d-c16b-4b29-abed-978fd4795604
13:55:36 thm:BookProof_ChapterSirkGroupTransfer_groupFlow_zero: DONE
13:55:36 processing thm:BookProof_ChapterSirkDiffusiveDecay_hasDerivAt_heatFlow_apply (attempt 1)
13:55:39 thm:BookProof_ChapterSirkDiffusiveDecay_hasDerivAt_heatFlow_apply: FAIL (local compile failed: /home/leo/prove2me_workspace/Theorems/Thm_BookProof_ChapterSirkDiffusiveDecay_hasDerivAt_heatFlow_apply.lean:17:5: error: unknow)
13:55:39 processing thm:BookProof_ChapterSirkDiffusiveDecay_hasDerivAt_heatFlow_normSq (attempt 1)
13:55:42 thm:BookProof_ChapterSirkDiffusiveDecay_hasDerivAt_heatFlow_normSq: FAIL (local compile failed: /home/leo/prove2me_workspace/Theorems/Thm_BookProof_ChapterSirkDiffusiveDecay_hasDerivAt_heatFlow_normSq.lean:17:5: error: unkno)
13:55:42 processing thm:BookProof_ChapterSirkDiffusiveDecay_heatFlow_apply_comm (attempt 1)
13:55:46 thm:BookProof_ChapterSirkDiffusiveDecay_heatFlow_apply_comm: FAIL (local compile failed: /home/leo/prove2me_workspace/Theorems/Thm_BookProof_ChapterSirkDiffusiveDecay_heatFlow_apply_comm.lean:17:5: error: unknown name)
13:55:46 processing thm:BookProof_ChapterSirkDiffusiveDecay_heatFlow_zero (attempt 1)
13:55:49 thm:BookProof_ChapterSirkDiffusiveDecay_heatFlow_zero: FAIL (local compile failed: /home/leo/prove2me_workspace/Theorems/Thm_BookProof_ChapterSirkDiffusiveDecay_heatFlow_zero.lean:17:5: error: unknown namespace )
13:55:49 processing thm:BookProof_ChapterSirkDiffusiveDecay_isCoercive_add_algebraMap (attempt 1)
13:55:52 thm:BookProof_ChapterSirkDiffusiveDecay_isCoercive_add_algebraMap: FAIL (local compile failed: /home/leo/prove2me_workspace/Theorems/Thm_BookProof_ChapterSirkDiffusiveDecay_isCoercive_add_algebraMap.lean:17:5: error: unknow)
13:55:52 processing thm:BookProof_ChapterSirkDiffusiveDecay_isCoercive_compress (attempt 1)
13:55:56 thm:BookProof_ChapterSirkDiffusiveDecay_isCoercive_compress: FAIL (local compile failed: /home/leo/prove2me_workspace/Theorems/Thm_BookProof_ChapterSirkDiffusiveDecay_isCoercive_compress.lean:17:5: error: unknown name)
13:55:56 processing thm:BookProof_ChapterSirkDiffusiveDecay_norm_embedding (attempt 1)
13:55:59 thm:BookProof_ChapterSirkDiffusiveDecay_norm_embedding: FAIL (local compile failed: /home/leo/prove2me_workspace/Theorems/Thm_BookProof_ChapterSirkDiffusiveDecay_norm_embedding.lean:17:5: error: unknown namespace)
13:55:59 processing thm:BookProof_ChapterSirkDiffusiveDecay_norm_heatFlow_apply_le (attempt 1)
13:56:02 thm:BookProof_ChapterSirkDiffusiveDecay_norm_heatFlow_apply_le: FAIL (local compile failed: /home/leo/prove2me_workspace/Theorems/Thm_BookProof_ChapterSirkDiffusiveDecay_norm_heatFlow_apply_le.lean:17:5: error: unknown n)
13:56:02 processing thm:BookProof_ChapterSirkDiffusiveDecay_norm_heatFlow_compress_apply_le (attempt 1)
13:56:06 thm:BookProof_ChapterSirkDiffusiveDecay_norm_heatFlow_compress_apply_le: FAIL (local compile failed: /home/leo/prove2me_workspace/Theorems/Thm_BookProof_ChapterSirkDiffusiveDecay_norm_heatFlow_compress_apply_le.lean:17:5: error: )
13:56:06 processing thm:BookProof_ChapterSirkDiffusiveDecay_norm_heatFlow_le (attempt 1)
13:56:09 thm:BookProof_ChapterSirkDiffusiveDecay_norm_heatFlow_le: FAIL (local compile failed: /home/leo/prove2me_workspace/Theorems/Thm_BookProof_ChapterSirkDiffusiveDecay_norm_heatFlow_le.lean:17:5: error: unknown namespa)
13:56:09 processing sol:BookProof_ChapterMajoranaProp76_LinearIsometryEquiv_isNote4Unitary (attempt 1)
13:56:09 sol:BookProof_ChapterMajoranaProp76_LinearIsometryEquiv_isNote4Unitary: DONE
13:56:09 processing sol:BookProof_ChapterSirkGroupTransfer_norm_pow_le_of_le (attempt 1)
13:56:09 sol:BookProof_ChapterSirkGroupTransfer_norm_pow_le_of_le: DONE
13:56:09 processing sol:BookProof_ChapterSirkGroupTransfer_norm_pow_sub_pow_le (attempt 1)
13:56:09 sol:BookProof_ChapterSirkGroupTransfer_norm_pow_sub_pow_le: DONE
13:56:09 processing sol:BookProof_ChapterSirkGroupTransfer_groupFlow_zero (attempt 1)
13:56:09 sol:BookProof_ChapterSirkGroupTransfer_groupFlow_zero: DONE
13:56:09 processing sol:BookProof_ChapterSirkDiffusiveDecay_hasDerivAt_heatFlow_apply (attempt 1)
13:56:09 sol:BookProof_ChapterSirkDiffusiveDecay_hasDerivAt_heatFlow_apply: FAIL (theorem not published yet)
13:56:09 processing sol:BookProof_ChapterSirkDiffusiveDecay_hasDerivAt_heatFlow_normSq (attempt 1)
13:56:09 sol:BookProof_ChapterSirkDiffusiveDecay_hasDerivAt_heatFlow_normSq: FAIL (theorem not published yet)
13:56:09 processing sol:BookProof_ChapterSirkDiffusiveDecay_heatFlow_apply_comm (attempt 1)
13:56:09 sol:BookProof_ChapterSirkDiffusiveDecay_heatFlow_apply_comm: FAIL (theorem not published yet)
13:56:09 processing sol:BookProof_ChapterSirkDiffusiveDecay_heatFlow_zero (attempt 1)
13:56:09 sol:BookProof_ChapterSirkDiffusiveDecay_heatFlow_zero: FAIL (theorem not published yet)
13:56:09 processing sol:BookProof_ChapterSirkDiffusiveDecay_isCoercive_add_algebraMap (attempt 1)
13:56:09 sol:BookProof_ChapterSirkDiffusiveDecay_isCoercive_add_algebraMap: FAIL (theorem not published yet)
13:56:09 processing sol:BookProof_ChapterSirkDiffusiveDecay_isCoercive_compress (attempt 1)
13:56:09 sol:BookProof_ChapterSirkDiffusiveDecay_isCoercive_compress: FAIL (theorem not published yet)
13:56:09 processing sol:BookProof_ChapterSirkDiffusiveDecay_norm_embedding (attempt 1)
13:56:09 sol:BookProof_ChapterSirkDiffusiveDecay_norm_embedding: FAIL (theorem not published yet)
13:56:09 processing sol:BookProof_ChapterSirkDiffusiveDecay_norm_heatFlow_apply_le (attempt 1)
13:56:09 sol:BookProof_ChapterSirkDiffusiveDecay_norm_heatFlow_apply_le: FAIL (theorem not published yet)
13:56:09 processing sol:BookProof_ChapterSirkDiffusiveDecay_norm_heatFlow_compress_apply_le (attempt 1)
13:56:09 sol:BookProof_ChapterSirkDiffusiveDecay_norm_heatFlow_compress_apply_le: FAIL (theorem not published yet)
13:56:09 processing sol:BookProof_ChapterSirkDiffusiveDecay_norm_heatFlow_le (attempt 1)
13:56:09 sol:BookProof_ChapterSirkDiffusiveDecay_norm_heatFlow_le: FAIL (theorem not published yet)
13:56:09 summary: 144 done, 20 pending, 0 failed (253 out-of-order orphans ignored)
13:56:29 processing thm:BookProof_ChapterSirkDiffusiveDecay_hasDerivAt_heatFlow_apply (attempt 2)
13:56:32 thm:BookProof_ChapterSirkDiffusiveDecay_hasDerivAt_heatFlow_apply: FAIL (local compile failed: /home/leo/prove2me_workspace/Theorems/Thm_BookProof_ChapterSirkDiffusiveDecay_hasDerivAt_heatFlow_apply.lean:17:5: error: unknow)
13:56:32 processing thm:BookProof_ChapterSirkDiffusiveDecay_hasDerivAt_heatFlow_normSq (attempt 2)
13:56:36 thm:BookProof_ChapterSirkDiffusiveDecay_hasDerivAt_heatFlow_normSq: FAIL (local compile failed: /home/leo/prove2me_workspace/Theorems/Thm_BookProof_ChapterSirkDiffusiveDecay_hasDerivAt_heatFlow_normSq.lean:17:5: error: unkno)
13:56:36 processing thm:BookProof_ChapterSirkDiffusiveDecay_heatFlow_apply_comm (attempt 2)
13:56:39 thm:BookProof_ChapterSirkDiffusiveDecay_heatFlow_apply_comm: FAIL (local compile failed: /home/leo/prove2me_workspace/Theorems/Thm_BookProof_ChapterSirkDiffusiveDecay_heatFlow_apply_comm.lean:17:5: error: unknown name)
13:56:39 processing thm:BookProof_ChapterSirkDiffusiveDecay_heatFlow_zero (attempt 2)
13:56:43 thm:BookProof_ChapterSirkDiffusiveDecay_heatFlow_zero: FAIL (local compile failed: /home/leo/prove2me_workspace/Theorems/Thm_BookProof_ChapterSirkDiffusiveDecay_heatFlow_zero.lean:17:5: error: unknown namespace )
13:56:43 processing thm:BookProof_ChapterSirkDiffusiveDecay_isCoercive_add_algebraMap (attempt 2)
13:56:47 thm:BookProof_ChapterSirkDiffusiveDecay_isCoercive_add_algebraMap: FAIL (local compile failed: /home/leo/prove2me_workspace/Theorems/Thm_BookProof_ChapterSirkDiffusiveDecay_isCoercive_add_algebraMap.lean:17:5: error: unknow)
13:56:47 processing thm:BookProof_ChapterSirkDiffusiveDecay_isCoercive_compress (attempt 2)
13:56:50 thm:BookProof_ChapterSirkDiffusiveDecay_isCoercive_compress: FAIL (local compile failed: /home/leo/prove2me_workspace/Theorems/Thm_BookProof_ChapterSirkDiffusiveDecay_isCoercive_compress.lean:17:5: error: unknown name)
13:56:50 processing thm:BookProof_ChapterSirkDiffusiveDecay_norm_embedding (attempt 2)
13:56:53 thm:BookProof_ChapterSirkDiffusiveDecay_norm_embedding: FAIL (local compile failed: /home/leo/prove2me_workspace/Theorems/Thm_BookProof_ChapterSirkDiffusiveDecay_norm_embedding.lean:17:5: error: unknown namespace)
13:56:53 processing thm:BookProof_ChapterSirkDiffusiveDecay_norm_heatFlow_apply_le (attempt 2)
13:56:57 thm:BookProof_ChapterSirkDiffusiveDecay_norm_heatFlow_apply_le: FAIL (local compile failed: /home/leo/prove2me_workspace/Theorems/Thm_BookProof_ChapterSirkDiffusiveDecay_norm_heatFlow_apply_le.lean:17:5: error: unknown n)
13:56:57 processing thm:BookProof_ChapterSirkDiffusiveDecay_norm_heatFlow_compress_apply_le (attempt 2)
13:57:01 thm:BookProof_ChapterSirkDiffusiveDecay_norm_heatFlow_compress_apply_le: FAIL (local compile failed: /home/leo/prove2me_workspace/Theorems/Thm_BookProof_ChapterSirkDiffusiveDecay_norm_heatFlow_compress_apply_le.lean:17:5: error: )
13:57:01 processing thm:BookProof_ChapterSirkDiffusiveDecay_norm_heatFlow_le (attempt 2)
13:57:05 thm:BookProof_ChapterSirkDiffusiveDecay_norm_heatFlow_le: FAIL (local compile failed: /home/leo/prove2me_workspace/Theorems/Thm_BookProof_ChapterSirkDiffusiveDecay_norm_heatFlow_le.lean:17:5: error: unknown namespa)
13:57:05 processing sol:BookProof_ChapterSirkDiffusiveDecay_hasDerivAt_heatFlow_apply (attempt 2)
13:57:05 sol:BookProof_ChapterSirkDiffusiveDecay_hasDerivAt_heatFlow_apply: FAIL (theorem not published yet)
13:57:05 processing sol:BookProof_ChapterSirkDiffusiveDecay_hasDerivAt_heatFlow_normSq (attempt 2)
13:57:05 sol:BookProof_ChapterSirkDiffusiveDecay_hasDerivAt_heatFlow_normSq: FAIL (theorem not published yet)
13:57:05 processing sol:BookProof_ChapterSirkDiffusiveDecay_heatFlow_apply_comm (attempt 2)
13:57:05 sol:BookProof_ChapterSirkDiffusiveDecay_heatFlow_apply_comm: FAIL (theorem not published yet)
13:57:05 processing sol:BookProof_ChapterSirkDiffusiveDecay_heatFlow_zero (attempt 2)
13:57:05 sol:BookProof_ChapterSirkDiffusiveDecay_heatFlow_zero: FAIL (theorem not published yet)
13:57:05 processing sol:BookProof_ChapterSirkDiffusiveDecay_isCoercive_add_algebraMap (attempt 2)
13:57:05 sol:BookProof_ChapterSirkDiffusiveDecay_isCoercive_add_algebraMap: FAIL (theorem not published yet)
13:57:05 processing sol:BookProof_ChapterSirkDiffusiveDecay_isCoercive_compress (attempt 2)
13:57:05 sol:BookProof_ChapterSirkDiffusiveDecay_isCoercive_compress: FAIL (theorem not published yet)
13:57:05 processing sol:BookProof_ChapterSirkDiffusiveDecay_norm_embedding (attempt 2)
13:57:05 sol:BookProof_ChapterSirkDiffusiveDecay_norm_embedding: FAIL (theorem not published yet)
13:57:05 processing sol:BookProof_ChapterSirkDiffusiveDecay_norm_heatFlow_apply_le (attempt 2)
13:57:05 sol:BookProof_ChapterSirkDiffusiveDecay_norm_heatFlow_apply_le: FAIL (theorem not published yet)
13:57:05 processing sol:BookProof_ChapterSirkDiffusiveDecay_norm_heatFlow_compress_apply_le (attempt 2)
13:57:05 sol:BookProof_ChapterSirkDiffusiveDecay_norm_heatFlow_compress_apply_le: FAIL (theorem not published yet)
13:57:05 processing sol:BookProof_ChapterSirkDiffusiveDecay_norm_heatFlow_le (attempt 2)
13:57:05 sol:BookProof_ChapterSirkDiffusiveDecay_norm_heatFlow_le: FAIL (theorem not published yet)
13:57:05 summary: 144 done, 20 pending, 0 failed (253 out-of-order orphans ignored)
13:57:25 processing thm:BookProof_ChapterSirkDiffusiveDecay_hasDerivAt_heatFlow_apply (attempt 3)
13:57:27 thm:BookProof_ChapterSirkDiffusiveDecay_hasDerivAt_heatFlow_apply: FAIL (local compile failed: /home/leo/prove2me_workspace/Theorems/Thm_BookProof_ChapterSirkDiffusiveDecay_hasDerivAt_heatFlow_apply.lean:2:0: error: object )
13:57:27 processing thm:BookProof_ChapterSirkDiffusiveDecay_hasDerivAt_heatFlow_normSq (attempt 3)
13:57:28 thm:BookProof_ChapterSirkDiffusiveDecay_hasDerivAt_heatFlow_normSq: FAIL (local compile failed: /home/leo/prove2me_workspace/Theorems/Thm_BookProof_ChapterSirkDiffusiveDecay_hasDerivAt_heatFlow_normSq.lean:2:0: error: object)
13:57:28 processing thm:BookProof_ChapterSirkDiffusiveDecay_heatFlow_apply_comm (attempt 3)
13:57:32 thm:BookProof_ChapterSirkDiffusiveDecay_heatFlow_apply_comm: FAIL (local compile failed: /home/leo/prove2me_workspace/Theorems/Thm_BookProof_ChapterSirkDiffusiveDecay_heatFlow_apply_comm.lean:2:0: error: object file ')
13:57:32 processing thm:BookProof_ChapterSirkDiffusiveDecay_heatFlow_zero (attempt 3)
13:57:35 thm:BookProof_ChapterSirkDiffusiveDecay_heatFlow_zero: FAIL (local compile failed: /home/leo/prove2me_workspace/Theorems/Thm_BookProof_ChapterSirkDiffusiveDecay_heatFlow_zero.lean:2:0: error: object file '/home/)
13:57:35 processing thm:BookProof_ChapterSirkDiffusiveDecay_isCoercive_add_algebraMap (attempt 3)
13:57:43 thm:BookProof_ChapterSirkDiffusiveDecay_isCoercive_add_algebraMap: FAIL (cannot split formal_statement from /home/leo/prove2me_workspace/Theorems/Thm_BookProof_ChapterSirkDiffusiveDecay_isCoercive_add_algebraMap.lean)
13:57:43 processing thm:BookProof_ChapterSirkDiffusiveDecay_isCoercive_compress (attempt 3)
13:57:52 thm:BookProof_ChapterSirkDiffusiveDecay_isCoercive_compress: FAIL (cannot split formal_statement from /home/leo/prove2me_workspace/Theorems/Thm_BookProof_ChapterSirkDiffusiveDecay_isCoercive_compress.lean)
13:57:52 processing thm:BookProof_ChapterSirkDiffusiveDecay_norm_embedding (attempt 3)
13:57:59 thm:BookProof_ChapterSirkDiffusiveDecay_norm_embedding: FAIL (cannot split formal_statement from /home/leo/prove2me_workspace/Theorems/Thm_BookProof_ChapterSirkDiffusiveDecay_norm_embedding.lean)
13:57:59 processing thm:BookProof_ChapterSirkDiffusiveDecay_norm_heatFlow_apply_le (attempt 3)
13:58:04 thm:BookProof_ChapterSirkDiffusiveDecay_norm_heatFlow_apply_le: FAIL (cannot split formal_statement from /home/leo/prove2me_workspace/Theorems/Thm_BookProof_ChapterSirkDiffusiveDecay_norm_heatFlow_apply_le.lean)
13:58:04 processing thm:BookProof_ChapterSirkDiffusiveDecay_norm_heatFlow_compress_apply_le (attempt 3)
13:58:08 thm:BookProof_ChapterSirkDiffusiveDecay_norm_heatFlow_compress_apply_le: FAIL (cannot split formal_statement from /home/leo/prove2me_workspace/Theorems/Thm_BookProof_ChapterSirkDiffusiveDecay_norm_heatFlow_compress_apply_le.lean)
13:58:08 processing thm:BookProof_ChapterSirkDiffusiveDecay_norm_heatFlow_le (attempt 3)
13:58:12 thm:BookProof_ChapterSirkDiffusiveDecay_norm_heatFlow_le: FAIL (cannot split formal_statement from /home/leo/prove2me_workspace/Theorems/Thm_BookProof_ChapterSirkDiffusiveDecay_norm_heatFlow_le.lean)
13:58:12 processing sol:BookProof_ChapterSirkDiffusiveDecay_hasDerivAt_heatFlow_apply (attempt 3)
13:58:12 sol:BookProof_ChapterSirkDiffusiveDecay_hasDerivAt_heatFlow_apply: FAIL (theorem not published yet)
13:58:12 processing sol:BookProof_ChapterSirkDiffusiveDecay_hasDerivAt_heatFlow_normSq (attempt 3)
13:58:12 sol:BookProof_ChapterSirkDiffusiveDecay_hasDerivAt_heatFlow_normSq: FAIL (theorem not published yet)
13:58:12 processing sol:BookProof_ChapterSirkDiffusiveDecay_heatFlow_apply_comm (attempt 3)
13:58:12 sol:BookProof_ChapterSirkDiffusiveDecay_heatFlow_apply_comm: FAIL (theorem not published yet)
13:58:12 processing sol:BookProof_ChapterSirkDiffusiveDecay_heatFlow_zero (attempt 3)
13:58:12 sol:BookProof_ChapterSirkDiffusiveDecay_heatFlow_zero: FAIL (theorem not published yet)
13:58:12 processing sol:BookProof_ChapterSirkDiffusiveDecay_isCoercive_add_algebraMap (attempt 3)
13:58:12 sol:BookProof_ChapterSirkDiffusiveDecay_isCoercive_add_algebraMap: FAIL (theorem not published yet)
13:58:12 processing sol:BookProof_ChapterSirkDiffusiveDecay_isCoercive_compress (attempt 3)
13:58:12 sol:BookProof_ChapterSirkDiffusiveDecay_isCoercive_compress: FAIL (theorem not published yet)
13:58:12 processing sol:BookProof_ChapterSirkDiffusiveDecay_norm_embedding (attempt 3)
13:58:12 sol:BookProof_ChapterSirkDiffusiveDecay_norm_embedding: FAIL (theorem not published yet)
13:58:12 processing sol:BookProof_ChapterSirkDiffusiveDecay_norm_heatFlow_apply_le (attempt 3)
13:58:12 sol:BookProof_ChapterSirkDiffusiveDecay_norm_heatFlow_apply_le: FAIL (theorem not published yet)
13:58:12 processing sol:BookProof_ChapterSirkDiffusiveDecay_norm_heatFlow_compress_apply_le (attempt 3)
13:58:12 sol:BookProof_ChapterSirkDiffusiveDecay_norm_heatFlow_compress_apply_le: FAIL (theorem not published yet)
13:58:12 processing sol:BookProof_ChapterSirkDiffusiveDecay_norm_heatFlow_le (attempt 3)
13:58:12 sol:BookProof_ChapterSirkDiffusiveDecay_norm_heatFlow_le: FAIL (theorem not published yet)
13:58:12 summary: 144 done, 20 pending, 0 failed (253 out-of-order orphans ignored)
13:58:32 processing thm:BookProof_ChapterSirkDiffusiveDecay_hasDerivAt_heatFlow_apply (attempt 4)
13:58:40 thm:BookProof_ChapterSirkDiffusiveDecay_hasDerivAt_heatFlow_apply: FAIL (cannot split formal_statement from /home/leo/prove2me_workspace/Theorems/Thm_BookProof_ChapterSirkDiffusiveDecay_hasDerivAt_heatFlow_apply.lean)
13:58:40 processing thm:BookProof_ChapterSirkDiffusiveDecay_hasDerivAt_heatFlow_normSq (attempt 4)
13:58:45 thm:BookProof_ChapterSirkDiffusiveDecay_hasDerivAt_heatFlow_normSq: FAIL (cannot split formal_statement from /home/leo/prove2me_workspace/Theorems/Thm_BookProof_ChapterSirkDiffusiveDecay_hasDerivAt_heatFlow_normSq.lean)
13:58:45 processing thm:BookProof_ChapterSirkDiffusiveDecay_heatFlow_apply_comm (attempt 4)
13:58:49 thm:BookProof_ChapterSirkDiffusiveDecay_heatFlow_apply_comm: FAIL (cannot split formal_statement from /home/leo/prove2me_workspace/Theorems/Thm_BookProof_ChapterSirkDiffusiveDecay_heatFlow_apply_comm.lean)
13:58:49 processing thm:BookProof_ChapterSirkDiffusiveDecay_heatFlow_zero (attempt 4)
13:58:52 thm:BookProof_ChapterSirkDiffusiveDecay_heatFlow_zero: FAIL (cannot split formal_statement from /home/leo/prove2me_workspace/Theorems/Thm_BookProof_ChapterSirkDiffusiveDecay_heatFlow_zero.lean)
13:58:52 processing thm:BookProof_ChapterSirkDiffusiveDecay_isCoercive_add_algebraMap (attempt 4)
13:58:56 thm:BookProof_ChapterSirkDiffusiveDecay_isCoercive_add_algebraMap: FAIL (cannot split formal_statement from /home/leo/prove2me_workspace/Theorems/Thm_BookProof_ChapterSirkDiffusiveDecay_isCoercive_add_algebraMap.lean)
13:58:56 processing thm:BookProof_ChapterSirkDiffusiveDecay_isCoercive_compress (attempt 4)
13:59:00 thm:BookProof_ChapterSirkDiffusiveDecay_isCoercive_compress: FAIL (cannot split formal_statement from /home/leo/prove2me_workspace/Theorems/Thm_BookProof_ChapterSirkDiffusiveDecay_isCoercive_compress.lean)
13:59:00 processing thm:BookProof_ChapterSirkDiffusiveDecay_norm_embedding (attempt 4)
13:59:03 thm:BookProof_ChapterSirkDiffusiveDecay_norm_embedding: FAIL (cannot split formal_statement from /home/leo/prove2me_workspace/Theorems/Thm_BookProof_ChapterSirkDiffusiveDecay_norm_embedding.lean)
13:59:03 processing thm:BookProof_ChapterSirkDiffusiveDecay_norm_heatFlow_apply_le (attempt 4)
13:59:07 thm:BookProof_ChapterSirkDiffusiveDecay_norm_heatFlow_apply_le: FAIL (cannot split formal_statement from /home/leo/prove2me_workspace/Theorems/Thm_BookProof_ChapterSirkDiffusiveDecay_norm_heatFlow_apply_le.lean)
13:59:07 processing thm:BookProof_ChapterSirkDiffusiveDecay_norm_heatFlow_compress_apply_le (attempt 4)
13:59:11 thm:BookProof_ChapterSirkDiffusiveDecay_norm_heatFlow_compress_apply_le: FAIL (cannot split formal_statement from /home/leo/prove2me_workspace/Theorems/Thm_BookProof_ChapterSirkDiffusiveDecay_norm_heatFlow_compress_apply_le.lean)
13:59:11 processing thm:BookProof_ChapterSirkDiffusiveDecay_norm_heatFlow_le (attempt 4)
13:59:14 thm:BookProof_ChapterSirkDiffusiveDecay_norm_heatFlow_le: FAIL (cannot split formal_statement from /home/leo/prove2me_workspace/Theorems/Thm_BookProof_ChapterSirkDiffusiveDecay_norm_heatFlow_le.lean)
13:59:14 processing sol:BookProof_ChapterSirkDiffusiveDecay_hasDerivAt_heatFlow_apply (attempt 4)
13:59:14 sol:BookProof_ChapterSirkDiffusiveDecay_hasDerivAt_heatFlow_apply: FAIL (theorem not published yet)
13:59:14 processing sol:BookProof_ChapterSirkDiffusiveDecay_hasDerivAt_heatFlow_normSq (attempt 4)
13:59:14 sol:BookProof_ChapterSirkDiffusiveDecay_hasDerivAt_heatFlow_normSq: FAIL (theorem not published yet)
13:59:14 processing sol:BookProof_ChapterSirkDiffusiveDecay_heatFlow_apply_comm (attempt 4)
13:59:14 sol:BookProof_ChapterSirkDiffusiveDecay_heatFlow_apply_comm: FAIL (theorem not published yet)
13:59:14 processing sol:BookProof_ChapterSirkDiffusiveDecay_heatFlow_zero (attempt 4)
13:59:14 sol:BookProof_ChapterSirkDiffusiveDecay_heatFlow_zero: FAIL (theorem not published yet)
13:59:14 processing sol:BookProof_ChapterSirkDiffusiveDecay_isCoercive_add_algebraMap (attempt 4)
13:59:14 sol:BookProof_ChapterSirkDiffusiveDecay_isCoercive_add_algebraMap: FAIL (theorem not published yet)
13:59:14 processing sol:BookProof_ChapterSirkDiffusiveDecay_isCoercive_compress (attempt 4)
13:59:14 sol:BookProof_ChapterSirkDiffusiveDecay_isCoercive_compress: FAIL (theorem not published yet)
13:59:14 processing sol:BookProof_ChapterSirkDiffusiveDecay_norm_embedding (attempt 4)
13:59:14 sol:BookProof_ChapterSirkDiffusiveDecay_norm_embedding: FAIL (theorem not published yet)
13:59:14 processing sol:BookProof_ChapterSirkDiffusiveDecay_norm_heatFlow_apply_le (attempt 4)
13:59:14 sol:BookProof_ChapterSirkDiffusiveDecay_norm_heatFlow_apply_le: FAIL (theorem not published yet)
13:59:14 processing sol:BookProof_ChapterSirkDiffusiveDecay_norm_heatFlow_compress_apply_le (attempt 4)
13:59:14 sol:BookProof_ChapterSirkDiffusiveDecay_norm_heatFlow_compress_apply_le: FAIL (theorem not published yet)
13:59:14 processing sol:BookProof_ChapterSirkDiffusiveDecay_norm_heatFlow_le (attempt 4)
13:59:14 sol:BookProof_ChapterSirkDiffusiveDecay_norm_heatFlow_le: FAIL (theorem not published yet)
13:59:14 summary: 144 done, 20 pending, 0 failed (253 out-of-order orphans ignored)
13:59:34 processing thm:BookProof_ChapterSirkDiffusiveDecay_hasDerivAt_heatFlow_apply (attempt 5)
13:59:38 thm:BookProof_ChapterSirkDiffusiveDecay_hasDerivAt_heatFlow_apply: FAIL (cannot split formal_statement from /home/leo/prove2me_workspace/Theorems/Thm_BookProof_ChapterSirkDiffusiveDecay_hasDerivAt_heatFlow_apply.lean)
13:59:38 processing thm:BookProof_ChapterSirkDiffusiveDecay_hasDerivAt_heatFlow_normSq (attempt 5)
13:59:41 thm:BookProof_ChapterSirkDiffusiveDecay_hasDerivAt_heatFlow_normSq: FAIL (cannot split formal_statement from /home/leo/prove2me_workspace/Theorems/Thm_BookProof_ChapterSirkDiffusiveDecay_hasDerivAt_heatFlow_normSq.lean)
13:59:41 processing thm:BookProof_ChapterSirkDiffusiveDecay_heatFlow_apply_comm (attempt 5)
13:59:44 thm:BookProof_ChapterSirkDiffusiveDecay_heatFlow_apply_comm: FAIL (cannot split formal_statement from /home/leo/prove2me_workspace/Theorems/Thm_BookProof_ChapterSirkDiffusiveDecay_heatFlow_apply_comm.lean)
13:59:44 processing thm:BookProof_ChapterSirkDiffusiveDecay_heatFlow_zero (attempt 5)
13:59:48 thm:BookProof_ChapterSirkDiffusiveDecay_heatFlow_zero: FAIL (cannot split formal_statement from /home/leo/prove2me_workspace/Theorems/Thm_BookProof_ChapterSirkDiffusiveDecay_heatFlow_zero.lean)
13:59:48 processing thm:BookProof_ChapterSirkDiffusiveDecay_isCoercive_add_algebraMap (attempt 5)
13:59:51 thm:BookProof_ChapterSirkDiffusiveDecay_isCoercive_add_algebraMap: FAIL (cannot split formal_statement from /home/leo/prove2me_workspace/Theorems/Thm_BookProof_ChapterSirkDiffusiveDecay_isCoercive_add_algebraMap.lean)
13:59:51 processing thm:BookProof_ChapterSirkDiffusiveDecay_isCoercive_compress (attempt 5)
13:59:55 thm:BookProof_ChapterSirkDiffusiveDecay_isCoercive_compress: FAIL (cannot split formal_statement from /home/leo/prove2me_workspace/Theorems/Thm_BookProof_ChapterSirkDiffusiveDecay_isCoercive_compress.lean)
13:59:55 processing thm:BookProof_ChapterSirkDiffusiveDecay_norm_embedding (attempt 5)
13:59:58 thm:BookProof_ChapterSirkDiffusiveDecay_norm_embedding: FAIL (cannot split formal_statement from /home/leo/prove2me_workspace/Theorems/Thm_BookProof_ChapterSirkDiffusiveDecay_norm_embedding.lean)
13:59:58 processing thm:BookProof_ChapterSirkDiffusiveDecay_norm_heatFlow_apply_le (attempt 5)
14:00:02 thm:BookProof_ChapterSirkDiffusiveDecay_norm_heatFlow_apply_le: FAIL (cannot split formal_statement from /home/leo/prove2me_workspace/Theorems/Thm_BookProof_ChapterSirkDiffusiveDecay_norm_heatFlow_apply_le.lean)
14:00:02 processing thm:BookProof_ChapterSirkDiffusiveDecay_norm_heatFlow_compress_apply_le (attempt 5)
14:00:05 thm:BookProof_ChapterSirkDiffusiveDecay_norm_heatFlow_compress_apply_le: FAIL (cannot split formal_statement from /home/leo/prove2me_workspace/Theorems/Thm_BookProof_ChapterSirkDiffusiveDecay_norm_heatFlow_compress_apply_le.lean)
14:00:05 processing thm:BookProof_ChapterSirkDiffusiveDecay_norm_heatFlow_le (attempt 5)
14:00:08 thm:BookProof_ChapterSirkDiffusiveDecay_norm_heatFlow_le: FAIL (cannot split formal_statement from /home/leo/prove2me_workspace/Theorems/Thm_BookProof_ChapterSirkDiffusiveDecay_norm_heatFlow_le.lean)
14:00:08 processing sol:BookProof_ChapterSirkDiffusiveDecay_hasDerivAt_heatFlow_apply (attempt 5)
14:00:08 sol:BookProof_ChapterSirkDiffusiveDecay_hasDerivAt_heatFlow_apply: FAIL (theorem not published yet)
14:00:08 processing sol:BookProof_ChapterSirkDiffusiveDecay_hasDerivAt_heatFlow_normSq (attempt 5)
14:00:08 sol:BookProof_ChapterSirkDiffusiveDecay_hasDerivAt_heatFlow_normSq: FAIL (theorem not published yet)
14:00:08 processing sol:BookProof_ChapterSirkDiffusiveDecay_heatFlow_apply_comm (attempt 5)
14:00:08 sol:BookProof_ChapterSirkDiffusiveDecay_heatFlow_apply_comm: FAIL (theorem not published yet)
14:00:08 processing sol:BookProof_ChapterSirkDiffusiveDecay_heatFlow_zero (attempt 5)
14:00:08 sol:BookProof_ChapterSirkDiffusiveDecay_heatFlow_zero: FAIL (theorem not published yet)
14:00:08 processing sol:BookProof_ChapterSirkDiffusiveDecay_isCoercive_add_algebraMap (attempt 5)
14:00:08 sol:BookProof_ChapterSirkDiffusiveDecay_isCoercive_add_algebraMap: FAIL (theorem not published yet)
14:00:08 processing sol:BookProof_ChapterSirkDiffusiveDecay_isCoercive_compress (attempt 5)
14:00:08 sol:BookProof_ChapterSirkDiffusiveDecay_isCoercive_compress: FAIL (theorem not published yet)
14:00:08 processing sol:BookProof_ChapterSirkDiffusiveDecay_norm_embedding (attempt 5)
14:00:08 sol:BookProof_ChapterSirkDiffusiveDecay_norm_embedding: FAIL (theorem not published yet)
14:00:08 processing sol:BookProof_ChapterSirkDiffusiveDecay_norm_heatFlow_apply_le (attempt 5)
14:00:08 sol:BookProof_ChapterSirkDiffusiveDecay_norm_heatFlow_apply_le: FAIL (theorem not published yet)
14:00:08 processing sol:BookProof_ChapterSirkDiffusiveDecay_norm_heatFlow_compress_apply_le (attempt 5)
14:00:08 sol:BookProof_ChapterSirkDiffusiveDecay_norm_heatFlow_compress_apply_le: FAIL (theorem not published yet)
14:00:08 processing sol:BookProof_ChapterSirkDiffusiveDecay_norm_heatFlow_le (attempt 5)
14:00:08 sol:BookProof_ChapterSirkDiffusiveDecay_norm_heatFlow_le: FAIL (theorem not published yet)
14:00:08 summary: 144 done, 20 pending, 0 failed (253 out-of-order orphans ignored)
14:00:28 summary: 144 done, 0 pending, 20 failed (253 out-of-order orphans ignored)
14:01:12 processing thm:BookProof_ChapterSirkDiffusiveDecay_hasDerivAt_heatFlow_apply (attempt 1)
14:01:15 thm:BookProof_ChapterSirkDiffusiveDecay_hasDerivAt_heatFlow_apply: FAIL (cannot split formal_statement from /home/leo/prove2me_workspace/Theorems/Thm_BookProof_ChapterSirkDiffusiveDecay_hasDerivAt_heatFlow_apply.lean)
14:01:15 processing thm:BookProof_ChapterSirkDiffusiveDecay_hasDerivAt_heatFlow_normSq (attempt 1)
14:01:19 thm:BookProof_ChapterSirkDiffusiveDecay_hasDerivAt_heatFlow_normSq: FAIL (cannot split formal_statement from /home/leo/prove2me_workspace/Theorems/Thm_BookProof_ChapterSirkDiffusiveDecay_hasDerivAt_heatFlow_normSq.lean)
14:01:19 processing thm:BookProof_ChapterSirkDiffusiveDecay_heatFlow_apply_comm (attempt 1)
14:01:22 thm:BookProof_ChapterSirkDiffusiveDecay_heatFlow_apply_comm: FAIL (cannot split formal_statement from /home/leo/prove2me_workspace/Theorems/Thm_BookProof_ChapterSirkDiffusiveDecay_heatFlow_apply_comm.lean)
14:01:22 processing thm:BookProof_ChapterSirkDiffusiveDecay_heatFlow_zero (attempt 1)
14:01:25 thm:BookProof_ChapterSirkDiffusiveDecay_heatFlow_zero: FAIL (cannot split formal_statement from /home/leo/prove2me_workspace/Theorems/Thm_BookProof_ChapterSirkDiffusiveDecay_heatFlow_zero.lean)
14:01:25 processing thm:BookProof_ChapterSirkDiffusiveDecay_isCoercive_add_algebraMap (attempt 1)
14:01:29 thm:BookProof_ChapterSirkDiffusiveDecay_isCoercive_add_algebraMap: FAIL (cannot split formal_statement from /home/leo/prove2me_workspace/Theorems/Thm_BookProof_ChapterSirkDiffusiveDecay_isCoercive_add_algebraMap.lean)
14:01:29 processing thm:BookProof_ChapterSirkDiffusiveDecay_isCoercive_compress (attempt 1)
14:01:32 thm:BookProof_ChapterSirkDiffusiveDecay_isCoercive_compress: FAIL (cannot split formal_statement from /home/leo/prove2me_workspace/Theorems/Thm_BookProof_ChapterSirkDiffusiveDecay_isCoercive_compress.lean)
14:01:32 processing thm:BookProof_ChapterSirkDiffusiveDecay_norm_embedding (attempt 1)
14:01:36 thm:BookProof_ChapterSirkDiffusiveDecay_norm_embedding: FAIL (cannot split formal_statement from /home/leo/prove2me_workspace/Theorems/Thm_BookProof_ChapterSirkDiffusiveDecay_norm_embedding.lean)
14:01:36 processing thm:BookProof_ChapterSirkDiffusiveDecay_norm_heatFlow_apply_le (attempt 1)
14:01:39 thm:BookProof_ChapterSirkDiffusiveDecay_norm_heatFlow_apply_le: FAIL (cannot split formal_statement from /home/leo/prove2me_workspace/Theorems/Thm_BookProof_ChapterSirkDiffusiveDecay_norm_heatFlow_apply_le.lean)
14:01:39 processing thm:BookProof_ChapterSirkDiffusiveDecay_norm_heatFlow_compress_apply_le (attempt 1)
14:01:42 thm:BookProof_ChapterSirkDiffusiveDecay_norm_heatFlow_compress_apply_le: FAIL (cannot split formal_statement from /home/leo/prove2me_workspace/Theorems/Thm_BookProof_ChapterSirkDiffusiveDecay_norm_heatFlow_compress_apply_le.lean)
14:01:42 processing thm:BookProof_ChapterSirkDiffusiveDecay_norm_heatFlow_le (attempt 1)
14:01:46 thm:BookProof_ChapterSirkDiffusiveDecay_norm_heatFlow_le: FAIL (cannot split formal_statement from /home/leo/prove2me_workspace/Theorems/Thm_BookProof_ChapterSirkDiffusiveDecay_norm_heatFlow_le.lean)
14:01:46 processing sol:BookProof_ChapterSirkDiffusiveDecay_hasDerivAt_heatFlow_apply (attempt 1)
14:01:46 sol:BookProof_ChapterSirkDiffusiveDecay_hasDerivAt_heatFlow_apply: FAIL (theorem not published yet)
14:01:46 processing sol:BookProof_ChapterSirkDiffusiveDecay_hasDerivAt_heatFlow_normSq (attempt 1)
14:01:46 sol:BookProof_ChapterSirkDiffusiveDecay_hasDerivAt_heatFlow_normSq: FAIL (theorem not published yet)
14:01:46 processing sol:BookProof_ChapterSirkDiffusiveDecay_heatFlow_apply_comm (attempt 1)
14:01:46 sol:BookProof_ChapterSirkDiffusiveDecay_heatFlow_apply_comm: FAIL (theorem not published yet)
14:01:46 processing sol:BookProof_ChapterSirkDiffusiveDecay_heatFlow_zero (attempt 1)
14:01:46 sol:BookProof_ChapterSirkDiffusiveDecay_heatFlow_zero: FAIL (theorem not published yet)
14:01:46 processing sol:BookProof_ChapterSirkDiffusiveDecay_isCoercive_add_algebraMap (attempt 1)
14:01:46 sol:BookProof_ChapterSirkDiffusiveDecay_isCoercive_add_algebraMap: FAIL (theorem not published yet)
14:01:46 processing sol:BookProof_ChapterSirkDiffusiveDecay_isCoercive_compress (attempt 1)
14:01:46 sol:BookProof_ChapterSirkDiffusiveDecay_isCoercive_compress: FAIL (theorem not published yet)
14:01:46 processing sol:BookProof_ChapterSirkDiffusiveDecay_norm_embedding (attempt 1)
14:01:46 sol:BookProof_ChapterSirkDiffusiveDecay_norm_embedding: FAIL (theorem not published yet)
14:01:46 processing sol:BookProof_ChapterSirkDiffusiveDecay_norm_heatFlow_apply_le (attempt 1)
14:01:46 sol:BookProof_ChapterSirkDiffusiveDecay_norm_heatFlow_apply_le: FAIL (theorem not published yet)
14:01:46 processing sol:BookProof_ChapterSirkDiffusiveDecay_norm_heatFlow_compress_apply_le (attempt 1)
14:01:46 sol:BookProof_ChapterSirkDiffusiveDecay_norm_heatFlow_compress_apply_le: FAIL (theorem not published yet)
14:01:46 processing sol:BookProof_ChapterSirkDiffusiveDecay_norm_heatFlow_le (attempt 1)
14:01:46 sol:BookProof_ChapterSirkDiffusiveDecay_norm_heatFlow_le: FAIL (theorem not published yet)
14:01:46 summary: 144 done, 20 pending, 0 failed (253 out-of-order orphans ignored)
14:02:06 processing thm:BookProof_ChapterSirkDiffusiveDecay_hasDerivAt_heatFlow_apply (attempt 2)
14:02:09 thm:BookProof_ChapterSirkDiffusiveDecay_hasDerivAt_heatFlow_apply: FAIL (cannot split formal_statement from /home/leo/prove2me_workspace/Theorems/Thm_BookProof_ChapterSirkDiffusiveDecay_hasDerivAt_heatFlow_apply.lean)
14:02:09 processing thm:BookProof_ChapterSirkDiffusiveDecay_hasDerivAt_heatFlow_normSq (attempt 2)
14:02:13 thm:BookProof_ChapterSirkDiffusiveDecay_hasDerivAt_heatFlow_normSq: FAIL (cannot split formal_statement from /home/leo/prove2me_workspace/Theorems/Thm_BookProof_ChapterSirkDiffusiveDecay_hasDerivAt_heatFlow_normSq.lean)
14:02:13 processing thm:BookProof_ChapterSirkDiffusiveDecay_heatFlow_apply_comm (attempt 2)
14:02:16 thm:BookProof_ChapterSirkDiffusiveDecay_heatFlow_apply_comm: FAIL (cannot split formal_statement from /home/leo/prove2me_workspace/Theorems/Thm_BookProof_ChapterSirkDiffusiveDecay_heatFlow_apply_comm.lean)
14:02:16 processing thm:BookProof_ChapterSirkDiffusiveDecay_heatFlow_zero (attempt 2)
14:02:19 thm:BookProof_ChapterSirkDiffusiveDecay_heatFlow_zero: FAIL (cannot split formal_statement from /home/leo/prove2me_workspace/Theorems/Thm_BookProof_ChapterSirkDiffusiveDecay_heatFlow_zero.lean)
14:02:19 processing thm:BookProof_ChapterSirkDiffusiveDecay_isCoercive_add_algebraMap (attempt 2)
14:02:23 thm:BookProof_ChapterSirkDiffusiveDecay_isCoercive_add_algebraMap: FAIL (cannot split formal_statement from /home/leo/prove2me_workspace/Theorems/Thm_BookProof_ChapterSirkDiffusiveDecay_isCoercive_add_algebraMap.lean)
14:02:23 processing thm:BookProof_ChapterSirkDiffusiveDecay_isCoercive_compress (attempt 2)
14:02:26 thm:BookProof_ChapterSirkDiffusiveDecay_isCoercive_compress: FAIL (cannot split formal_statement from /home/leo/prove2me_workspace/Theorems/Thm_BookProof_ChapterSirkDiffusiveDecay_isCoercive_compress.lean)
14:02:26 processing thm:BookProof_ChapterSirkDiffusiveDecay_norm_embedding (attempt 2)
14:02:30 thm:BookProof_ChapterSirkDiffusiveDecay_norm_embedding: FAIL (cannot split formal_statement from /home/leo/prove2me_workspace/Theorems/Thm_BookProof_ChapterSirkDiffusiveDecay_norm_embedding.lean)
14:02:30 processing thm:BookProof_ChapterSirkDiffusiveDecay_norm_heatFlow_apply_le (attempt 2)
14:02:33 thm:BookProof_ChapterSirkDiffusiveDecay_norm_heatFlow_apply_le: FAIL (cannot split formal_statement from /home/leo/prove2me_workspace/Theorems/Thm_BookProof_ChapterSirkDiffusiveDecay_norm_heatFlow_apply_le.lean)
14:02:33 processing thm:BookProof_ChapterSirkDiffusiveDecay_norm_heatFlow_compress_apply_le (attempt 2)
14:02:37 thm:BookProof_ChapterSirkDiffusiveDecay_norm_heatFlow_compress_apply_le: FAIL (cannot split formal_statement from /home/leo/prove2me_workspace/Theorems/Thm_BookProof_ChapterSirkDiffusiveDecay_norm_heatFlow_compress_apply_le.lean)
14:02:37 processing thm:BookProof_ChapterSirkDiffusiveDecay_norm_heatFlow_le (attempt 2)
14:02:40 thm:BookProof_ChapterSirkDiffusiveDecay_norm_heatFlow_le: FAIL (cannot split formal_statement from /home/leo/prove2me_workspace/Theorems/Thm_BookProof_ChapterSirkDiffusiveDecay_norm_heatFlow_le.lean)
14:02:40 processing sol:BookProof_ChapterSirkDiffusiveDecay_hasDerivAt_heatFlow_apply (attempt 2)
14:02:40 sol:BookProof_ChapterSirkDiffusiveDecay_hasDerivAt_heatFlow_apply: FAIL (theorem not published yet)
14:02:40 processing sol:BookProof_ChapterSirkDiffusiveDecay_hasDerivAt_heatFlow_normSq (attempt 2)
14:02:40 sol:BookProof_ChapterSirkDiffusiveDecay_hasDerivAt_heatFlow_normSq: FAIL (theorem not published yet)
14:02:40 processing sol:BookProof_ChapterSirkDiffusiveDecay_heatFlow_apply_comm (attempt 2)
14:02:40 sol:BookProof_ChapterSirkDiffusiveDecay_heatFlow_apply_comm: FAIL (theorem not published yet)
14:02:40 processing sol:BookProof_ChapterSirkDiffusiveDecay_heatFlow_zero (attempt 2)
14:02:40 sol:BookProof_ChapterSirkDiffusiveDecay_heatFlow_zero: FAIL (theorem not published yet)
14:02:40 processing sol:BookProof_ChapterSirkDiffusiveDecay_isCoercive_add_algebraMap (attempt 2)
14:02:40 sol:BookProof_ChapterSirkDiffusiveDecay_isCoercive_add_algebraMap: FAIL (theorem not published yet)
14:02:40 processing sol:BookProof_ChapterSirkDiffusiveDecay_isCoercive_compress (attempt 2)
14:02:40 sol:BookProof_ChapterSirkDiffusiveDecay_isCoercive_compress: FAIL (theorem not published yet)
14:02:40 processing sol:BookProof_ChapterSirkDiffusiveDecay_norm_embedding (attempt 2)
14:02:40 sol:BookProof_ChapterSirkDiffusiveDecay_norm_embedding: FAIL (theorem not published yet)
14:02:40 processing sol:BookProof_ChapterSirkDiffusiveDecay_norm_heatFlow_apply_le (attempt 2)
14:02:40 sol:BookProof_ChapterSirkDiffusiveDecay_norm_heatFlow_apply_le: FAIL (theorem not published yet)
14:02:40 processing sol:BookProof_ChapterSirkDiffusiveDecay_norm_heatFlow_compress_apply_le (attempt 2)
14:02:40 sol:BookProof_ChapterSirkDiffusiveDecay_norm_heatFlow_compress_apply_le: FAIL (theorem not published yet)
14:02:40 processing sol:BookProof_ChapterSirkDiffusiveDecay_norm_heatFlow_le (attempt 2)
14:02:40 sol:BookProof_ChapterSirkDiffusiveDecay_norm_heatFlow_le: FAIL (theorem not published yet)
14:02:40 summary: 144 done, 20 pending, 0 failed (253 out-of-order orphans ignored)
14:02:49 processing thm:BookProof_ChapterSirkDiffusiveDecay_hasDerivAt_heatFlow_apply (attempt 1)
14:03:00 processing thm:BookProof_ChapterSirkDiffusiveDecay_hasDerivAt_heatFlow_apply (attempt 1)
14:03:58 thm:BookProof_ChapterSirkDiffusiveDecay_hasDerivAt_heatFlow_apply: DONE
14:03:58 processing thm:BookProof_ChapterSirkDiffusiveDecay_hasDerivAt_heatFlow_normSq (attempt 1)
14:04:00 thm:BookProof_ChapterSirkDiffusiveDecay_hasDerivAt_heatFlow_apply: DONE
14:04:00 processing thm:BookProof_ChapterSirkDiffusiveDecay_hasDerivAt_heatFlow_normSq (attempt 1)
14:04:46 processing thm:BookProof_ChapterSirkDiffusiveDecay_hasDerivAt_heatFlow_normSq (attempt 1)
14:05:02 thm:BookProof_ChapterSirkDiffusiveDecay_hasDerivAt_heatFlow_normSq: REUSING existing BookProof.ChapterSirkDiffusiveDecay.hasDerivAt_heatFlow_normSq (Open) 766185f9-7746-4d20-ba4b-55a67f5aeeb8
14:05:02 thm:BookProof_ChapterSirkDiffusiveDecay_hasDerivAt_heatFlow_normSq: DONE
14:05:02 processing thm:BookProof_ChapterSirkDiffusiveDecay_heatFlow_apply_comm (attempt 1)
14:05:36 thm:BookProof_ChapterSirkDiffusiveDecay_heatFlow_apply_comm: DONE
14:05:36 processing thm:BookProof_ChapterSirkDiffusiveDecay_heatFlow_zero (attempt 1)
14:06:14 thm:BookProof_ChapterSirkDiffusiveDecay_heatFlow_zero: DONE
14:06:14 processing thm:BookProof_ChapterSirkDiffusiveDecay_isCoercive_add_algebraMap (attempt 1)
14:06:47 thm:BookProof_ChapterSirkDiffusiveDecay_isCoercive_add_algebraMap: DONE
14:06:47 processing thm:BookProof_ChapterSirkDiffusiveDecay_isCoercive_compress (attempt 1)
14:07:20 thm:BookProof_ChapterSirkDiffusiveDecay_isCoercive_compress: DONE
14:07:20 processing thm:BookProof_ChapterSirkDiffusiveDecay_norm_embedding (attempt 1)
14:07:58 thm:BookProof_ChapterSirkDiffusiveDecay_norm_embedding: DONE
14:07:58 processing thm:BookProof_ChapterSirkDiffusiveDecay_norm_heatFlow_apply_le (attempt 1)
14:08:38 thm:BookProof_ChapterSirkDiffusiveDecay_norm_heatFlow_apply_le: DONE
14:08:38 processing thm:BookProof_ChapterSirkDiffusiveDecay_norm_heatFlow_compress_apply_le (attempt 1)
14:09:14 thm:BookProof_ChapterSirkDiffusiveDecay_norm_heatFlow_compress_apply_le: DONE
14:09:14 processing thm:BookProof_ChapterSirkDiffusiveDecay_norm_heatFlow_le (attempt 1)
14:09:48 thm:BookProof_ChapterSirkDiffusiveDecay_norm_heatFlow_le: DONE
14:09:48 processing sol:BookProof_ChapterSirkDiffusiveDecay_hasDerivAt_heatFlow_apply (attempt 1)
14:09:50 sol:BookProof_ChapterSirkDiffusiveDecay_hasDerivAt_heatFlow_apply: FAIL (local compile failed: /home/leo/prove2me_workspace/Solutions/Sol_BookProof_ChapterSirkDiffusiveDecay_hasDerivAt_heatFlow_apply.lean:2:0: error: object)
14:09:50 processing sol:BookProof_ChapterSirkDiffusiveDecay_hasDerivAt_heatFlow_normSq (attempt 1)
14:09:51 sol:BookProof_ChapterSirkDiffusiveDecay_hasDerivAt_heatFlow_normSq: FAIL (local compile failed: /home/leo/prove2me_workspace/Solutions/Sol_BookProof_ChapterSirkDiffusiveDecay_hasDerivAt_heatFlow_normSq.lean:2:0: error: objec)
14:09:51 processing sol:BookProof_ChapterSirkDiffusiveDecay_heatFlow_apply_comm (attempt 1)
14:11:33 sol:BookProof_ChapterSirkDiffusiveDecay_heatFlow_apply_comm: DONE
14:11:33 processing sol:BookProof_ChapterSirkDiffusiveDecay_heatFlow_zero (attempt 1)
14:13:13 sol:BookProof_ChapterSirkDiffusiveDecay_heatFlow_zero: DONE
14:13:13 processing sol:BookProof_ChapterSirkDiffusiveDecay_isCoercive_add_algebraMap (attempt 1)
14:14:43 sol:BookProof_ChapterSirkDiffusiveDecay_isCoercive_add_algebraMap: DONE
14:14:43 processing sol:BookProof_ChapterSirkDiffusiveDecay_isCoercive_compress (attempt 1)
14:18:00 sol:BookProof_ChapterSirkDiffusiveDecay_isCoercive_compress: DONE
14:18:00 processing sol:BookProof_ChapterSirkDiffusiveDecay_norm_embedding (attempt 1)
14:19:47 processing sol:BookProof_ChapterSirkDiffusiveDecay_hasDerivAt_heatFlow_apply (attempt 1)
14:23:06 sol:BookProof_ChapterSirkDiffusiveDecay_hasDerivAt_heatFlow_apply: DONE
14:23:06 processing sol:BookProof_ChapterSirkDiffusiveDecay_hasDerivAt_heatFlow_normSq (attempt 1)
14:23:10 sol:BookProof_ChapterSirkDiffusiveDecay_hasDerivAt_heatFlow_normSq: FAIL (local compile failed: /home/leo/prove2me_workspace/Solutions/Sol_BookProof_ChapterSirkDiffusiveDecay_hasDerivAt_heatFlow_normSq.lean:47:2: error: `rin)
14:23:10 processing sol:BookProof_ChapterSirkDiffusiveDecay_norm_embedding (attempt 1)
14:25:33 sol:BookProof_ChapterSirkDiffusiveDecay_norm_embedding: DONE
14:25:33 processing sol:BookProof_ChapterSirkDiffusiveDecay_norm_heatFlow_apply_le (attempt 1)
14:25:37 sol:BookProof_ChapterSirkDiffusiveDecay_norm_heatFlow_apply_le: FAIL (local compile failed: /home/leo/prove2me_workspace/Solutions/Sol_BookProof_ChapterSirkDiffusiveDecay_norm_heatFlow_apply_le.lean:45:4: error: `ring_nf)
14:25:37 processing sol:BookProof_ChapterSirkDiffusiveDecay_norm_heatFlow_compress_apply_le (attempt 1)
14:26:56 sol:BookProof_ChapterSirkDiffusiveDecay_norm_heatFlow_compress_apply_le: DONE
14:26:56 processing sol:BookProof_ChapterSirkDiffusiveDecay_norm_heatFlow_le (attempt 1)
14:28:15 sol:BookProof_ChapterSirkDiffusiveDecay_norm_heatFlow_le: DONE
14:28:15 summary: 162 done, 2 pending, 0 failed (253 out-of-order orphans ignored)
14:28:35 processing sol:BookProof_ChapterSirkDiffusiveDecay_hasDerivAt_heatFlow_normSq (attempt 2)
14:28:38 sol:BookProof_ChapterSirkDiffusiveDecay_hasDerivAt_heatFlow_normSq: FAIL (local compile failed: /home/leo/prove2me_workspace/Solutions/Sol_BookProof_ChapterSirkDiffusiveDecay_hasDerivAt_heatFlow_normSq.lean:47:2: error: `rin)
14:28:38 processing sol:BookProof_ChapterSirkDiffusiveDecay_norm_heatFlow_apply_le (attempt 2)
14:28:42 sol:BookProof_ChapterSirkDiffusiveDecay_norm_heatFlow_apply_le: FAIL (local compile failed: /home/leo/prove2me_workspace/Solutions/Sol_BookProof_ChapterSirkDiffusiveDecay_norm_heatFlow_apply_le.lean:45:4: error: `ring_nf)
14:28:42 summary: 162 done, 2 pending, 0 failed (253 out-of-order orphans ignored)
14:29:02 processing sol:BookProof_ChapterSirkDiffusiveDecay_hasDerivAt_heatFlow_normSq (attempt 3)
14:29:06 sol:BookProof_ChapterSirkDiffusiveDecay_hasDerivAt_heatFlow_normSq: FAIL (local compile failed: /home/leo/prove2me_workspace/Solutions/Sol_BookProof_ChapterSirkDiffusiveDecay_hasDerivAt_heatFlow_normSq.lean:47:2: error: `rin)
14:29:06 processing sol:BookProof_ChapterSirkDiffusiveDecay_norm_heatFlow_apply_le (attempt 3)
14:29:10 sol:BookProof_ChapterSirkDiffusiveDecay_norm_heatFlow_apply_le: FAIL (local compile failed: /home/leo/prove2me_workspace/Solutions/Sol_BookProof_ChapterSirkDiffusiveDecay_norm_heatFlow_apply_le.lean:45:4: error: `ring_nf)
14:29:10 summary: 162 done, 2 pending, 0 failed (253 out-of-order orphans ignored)
14:29:31 processing sol:BookProof_ChapterSirkDiffusiveDecay_hasDerivAt_heatFlow_normSq (attempt 4)
14:29:34 sol:BookProof_ChapterSirkDiffusiveDecay_hasDerivAt_heatFlow_normSq: FAIL (local compile failed: /home/leo/prove2me_workspace/Solutions/Sol_BookProof_ChapterSirkDiffusiveDecay_hasDerivAt_heatFlow_normSq.lean:47:2: error: `rin)
14:29:34 processing sol:BookProof_ChapterSirkDiffusiveDecay_norm_heatFlow_apply_le (attempt 4)
14:29:38 sol:BookProof_ChapterSirkDiffusiveDecay_norm_heatFlow_apply_le: FAIL (local compile failed: /home/leo/prove2me_workspace/Solutions/Sol_BookProof_ChapterSirkDiffusiveDecay_norm_heatFlow_apply_le.lean:45:4: error: `ring_nf)
14:29:38 summary: 162 done, 2 pending, 0 failed (253 out-of-order orphans ignored)
14:29:58 processing sol:BookProof_ChapterSirkDiffusiveDecay_hasDerivAt_heatFlow_normSq (attempt 5)
14:30:02 sol:BookProof_ChapterSirkDiffusiveDecay_hasDerivAt_heatFlow_normSq: FAIL (local compile failed: /home/leo/prove2me_workspace/Solutions/Sol_BookProof_ChapterSirkDiffusiveDecay_hasDerivAt_heatFlow_normSq.lean:47:2: error: `rin)
14:30:02 processing sol:BookProof_ChapterSirkDiffusiveDecay_norm_heatFlow_apply_le (attempt 5)
14:30:06 sol:BookProof_ChapterSirkDiffusiveDecay_norm_heatFlow_apply_le: FAIL (local compile failed: /home/leo/prove2me_workspace/Solutions/Sol_BookProof_ChapterSirkDiffusiveDecay_norm_heatFlow_apply_le.lean:45:4: error: `ring_nf)
14:30:06 summary: 162 done, 2 pending, 0 failed (253 out-of-order orphans ignored)
14:30:26 summary: 162 done, 0 pending, 2 failed (253 out-of-order orphans ignored)
14:35:34 processing sol:BookProof_ChapterSirkDiffusiveDecay_hasDerivAt_heatFlow_normSq (attempt 1)
14:36:54 sol:BookProof_ChapterSirkDiffusiveDecay_hasDerivAt_heatFlow_normSq: DONE
14:36:54 processing sol:BookProof_ChapterSirkDiffusiveDecay_norm_heatFlow_apply_le (attempt 1)
14:38:35 sol:BookProof_ChapterSirkDiffusiveDecay_norm_heatFlow_apply_le: DONE
14:38:35 summary: 164 done, 0 pending, 0 failed (253 out-of-order orphans ignored)
