07:49:10 processing thm:BookProof_ChapterMajoranaProp76_LinearIsometryEquiv_isNote4Unitary (attempt 1)
07:49:13 thm:BookProof_ChapterMajoranaProp76_LinearIsometryEquiv_isNote4Unitary: FAIL (local compile failed: /home/leo/prove2me_workspace/Theorems/Thm_BookProof_ChapterMajoranaProp76_LinearIsometryEquiv_isNote4Unitary.lean:5:5: error: un)
07:49:13 processing thm:BookProof_ChapterParityMajoranaQuant_J_unitary' (attempt 1)
07:49:21 thm:BookProof_ChapterParityMajoranaQuant_J_unitary': FAIL (submit-problem rejected: {"jobs": [], "errors": ["theorem_name must be a valid Lean identifier (identifier segments separated by '.' for namespaces)"])
07:49:21 processing thm:BookProof_ChapterSirkGroupTransfer_norm_pow_sub_pow_le (attempt 1)
07:49:55 thm:BookProof_ChapterSirkGroupTransfer_norm_pow_sub_pow_le: DONE
07:49:55 processing sol:BookProof_ChapterMajoranaProp61_gsq_Hsq_comm (attempt 1)
07:51:23 sol:BookProof_ChapterMajoranaProp61_gsq_Hsq_comm: DONE
07:51:23 processing sol:BookProof_ChapterMajoranaProp61_prop61_mul_star_self (attempt 1)
07:51:23 sol:BookProof_ChapterMajoranaProp61_prop61_mul_star_self: FAIL (theorem not published yet)
07:51:23 processing sol:BookProof_ChapterMajoranaProp61_prop61_star_mul_self (attempt 1)
07:51:23 sol:BookProof_ChapterMajoranaProp61_prop61_star_mul_self: FAIL (theorem not published yet)
07:51:23 processing sol:BookProof_ChapterMajoranaProp76_LinearIsometryEquiv_isNote4Unitary (attempt 1)
07:51:23 sol:BookProof_ChapterMajoranaProp76_LinearIsometryEquiv_isNote4Unitary: FAIL (theorem not published yet)
07:51:23 processing sol:BookProof_ChapterParityMajoranaQuant_J_unitary' (attempt 1)
07:51:23 sol:BookProof_ChapterParityMajoranaQuant_J_unitary': FAIL (theorem not published yet)
07:51:23 processing sol:BookProof_ChapterSirkGroupTransfer_groupFlow_zero (attempt 1)
07:53:01 sol:BookProof_ChapterSirkGroupTransfer_groupFlow_zero: DONE
07:53:01 processing sol:BookProof_ChapterSirkGroupTransfer_norm_pow_le_of_le (attempt 1)
07:54:29 sol:BookProof_ChapterSirkGroupTransfer_norm_pow_le_of_le: DONE
07:54:29 processing sol:BookProof_YangMillsBianchi_fieldStrength_antisymm (attempt 1)
07:55:46 sol:BookProof_YangMillsBianchi_fieldStrength_antisymm: DONE
07:55:46 processing sol:BookProof_YangMillsSU3_structureConstant_jacobi (attempt 1)
07:55:50 sol:BookProof_YangMillsSU3_structureConstant_jacobi: FAIL (local compile failed: /home/leo/prove2me_workspace/Solutions/Sol_BookProof_YangMillsSU3_structureConstant_jacobi.lean:47:65: error: Ambiguous term
  s)
07:55:50 processing sol:BookProof_ChapterMajoranaProp61_prop61_isUnit (attempt 1)
07:56:15 sol:BookProof_ChapterMajoranaProp61_prop61_isUnit: FAIL (verdict FAILED: unknown import: Theorems.Thm_BookProof_ChapterMajoranaProp61_prop61_star_mul_self. No such theorem exists in this Lean environment (ma)
07:56:15 processing sol:BookProof_ChapterMajoranaProp76_fourierTransform_isNote4Unitary (attempt 1)
07:56:16 sol:BookProof_ChapterMajoranaProp76_fourierTransform_isNote4Unitary: FAIL (local compile failed: /home/leo/prove2me_workspace/Solutions/Sol_BookProof_ChapterMajoranaProp76_fourierTransform_isNote4Unitary.lean:2:0: error: obje)
07:56:16 processing sol:BookProof_ChapterMajoranaProp76_note4_conj (attempt 1)
07:56:17 sol:BookProof_ChapterMajoranaProp76_note4_conj: FAIL (local compile failed: /home/leo/prove2me_workspace/Solutions/Sol_BookProof_ChapterMajoranaProp76_note4_conj.lean:2:0: error: object file '/home/leo/pr)
07:56:17 processing sol:BookProof_ChapterSirkGroupTransfer_norm_pow_sub_pow_le (attempt 1)
07:57:45 sol:BookProof_ChapterSirkGroupTransfer_norm_pow_sub_pow_le: DONE
07:57:45 processing sol:BookProof_MajoranaClifford_a_sq (attempt 1)
07:57:48 sol:BookProof_MajoranaClifford_a_sq: FAIL (local compile failed: /home/leo/prove2me_workspace/Solutions/Sol_BookProof_MajoranaClifford_a_sq.lean:26:2: error: No goals to be solved
)
07:57:48 processing sol:BookProof_ChapterSirkGroupTransfer_norm_exp_sub_exp_le (attempt 1)
07:59:06 sol:BookProof_ChapterSirkGroupTransfer_norm_exp_sub_exp_le: DONE
07:59:06 summary: 307 done, 11 pending, 4 failed
port: Theorems.Thm_BookProof_ChapterMajoranaProp61_prop61_star_mul_self. No such theorem exists in this Lean environment (ma)
07:56:52 processing sol:BookProof_ChapterMajoranaProp76_fourierTransform_isNote4Unitary (attempt 1)
07:56:53 sol:BookProof_ChapterMajoranaProp76_fourierTransform_isNote4Unitary: FAIL (local compile failed: /home/leo/prove2me_workspace/Solutions/Sol_BookProof_ChapterMajoranaProp76_fourierTransform_isNote4Unitary.lean:2:0: error: obje)
07:56:53 processing sol:BookProof_ChapterMajoranaProp76_note4_conj (attempt 1)
07:56:54 sol:BookProof_ChapterMajoranaProp76_note4_conj: FAIL (local compile failed: /home/leo/prove2me_workspace/Solutions/Sol_BookProof_ChapterMajoranaProp76_note4_conj.lean:2:0: error: object file '/home/leo/pr)
07:56:54 processing sol:BookProof_ChapterSirkGroupTransfer_norm_pow_sub_pow_le (attempt 1)
07:56:54 sol:BookProof_ChapterSirkGroupTransfer_norm_pow_sub_pow_le: FAIL (theorem not published yet)
07:56:54 processing sol:BookProof_MajoranaClifford_a_sq (attempt 1)
07:56:57 sol:BookProof_MajoranaClifford_a_sq: FAIL (local compile failed: /home/leo/prove2me_workspace/Solutions/Sol_BookProof_MajoranaClifford_a_sq.lean:22:97: error: unsolved goals
V : Type u_1
inst✝¹)
07:56:57 processing sol:BookProof_ChapterSirkGroupTransfer_norm_exp_sub_exp_le (attempt 1)
07:58:16 sol:BookProof_ChapterSirkGroupTransfer_norm_exp_sub_exp_le: DONE
07:58:16 summary: 305 done, 13 pending, 4 failed
08:00:24 processing thm:BookProof_ChapterMajoranaProp76_LinearIsometryEquiv_isNote4Unitary (attempt 2)
08:00:32 thm:BookProof_ChapterMajoranaProp76_LinearIsometryEquiv_isNote4Unitary: REUSING existing BookProof.ChapterMajoranaProp76.LinearIsometryEquiv.isNote4Unitary (Proved) b3da917e-e1cd-4760-a550-838d8a2b9aaa
08:00:32 thm:BookProof_ChapterMajoranaProp76_LinearIsometryEquiv_isNote4Unitary: DONE
08:00:32 processing thm:BookProof_ChapterParityMajoranaQuant_J_unitary_prime (attempt 1)
08:00:32 thm:BookProof_ChapterParityMajoranaQuant_J_unitary_prime: FAIL (local compile failed: no such file or directory (error code: 4294967294)
  file: /home/leo/prove2me_workspace/Theorems/Thm_BookProof_ChapterParityMajo)
08:00:32 processing sol:BookProof_ChapterMajoranaProp61_prop61_mul_star_self (attempt 2)
08:00:32 sol:BookProof_ChapterMajoranaProp61_prop61_mul_star_self: FAIL (theorem not published yet)
08:00:32 processing sol:BookProof_ChapterMajoranaProp61_prop61_star_mul_self (attempt 2)
08:00:32 sol:BookProof_ChapterMajoranaProp61_prop61_star_mul_self: FAIL (theorem not published yet)
08:00:32 processing sol:BookProof_ChapterMajoranaProp76_LinearIsometryEquiv_isNote4Unitary (attempt 2)
08:00:32 sol:BookProof_ChapterMajoranaProp76_LinearIsometryEquiv_isNote4Unitary: DONE
08:00:32 processing sol:BookProof_ChapterParityMajoranaQuant_J_unitary_prime (attempt 1)
08:00:32 sol:BookProof_ChapterParityMajoranaQuant_J_unitary_prime: FAIL (theorem not published yet)
08:00:32 processing sol:BookProof_YangMillsSU3_structureConstant_jacobi (attempt 2)
08:00:36 sol:BookProof_YangMillsSU3_structureConstant_jacobi: FAIL (local compile failed: /home/leo/prove2me_workspace/Solutions/Sol_BookProof_YangMillsSU3_structureConstant_jacobi.lean:47:65: error: Ambiguous term
  s)
08:00:36 processing sol:BookProof_ChapterMajoranaProp61_prop61_isUnit (attempt 2)
08:01:12 sol:BookProof_ChapterMajoranaProp61_prop61_isUnit: FAIL (verdict FAILED: unknown import: Theorems.Thm_BookProof_ChapterMajoranaProp61_prop61_star_mul_self. No such theorem exists in this Lean environment (ma)
08:01:12 processing sol:BookProof_ChapterMajoranaProp76_fourierTransform_isNote4Unitary (attempt 2)
08:02:30 sol:BookProof_ChapterMajoranaProp76_fourierTransform_isNote4Unitary: DONE
08:02:30 processing sol:BookProof_ChapterMajoranaProp76_note4_conj (attempt 2)
08:03:48 sol:BookProof_ChapterMajoranaProp76_note4_conj: DONE
08:03:48 processing sol:BookProof_MajoranaClifford_a_sq (attempt 2)
08:05:28 processing thm:BookProof_ChapterMajoranaProp61_prop61_mul_star_self (attempt 1)
08:06:02 thm:BookProof_ChapterMajoranaProp61_prop61_mul_star_self: DONE
08:06:02 processing thm:BookProof_ChapterMajoranaProp61_prop61_star_mul_self (attempt 1)
08:08:25 thm:BookProof_ChapterMajoranaProp61_prop61_star_mul_self: DONE
08:08:25 processing thm:BookProof_ChapterParityMajoranaQuant_J_unitary_prime (attempt 2)
08:08:26 thm:BookProof_ChapterParityMajoranaQuant_J_unitary_prime: FAIL (local compile failed: no such file or directory (error code: 4294967294)
  file: /home/leo/prove2me_workspace/Theorems/Thm_BookProof_ChapterParityMajo)
08:08:26 processing sol:BookProof_ChapterMajoranaProp61_prop61_mul_star_self (attempt 3)
08:14:12 processing thm:BookProof_ChapterParityMajoranaQuant_J_unitary_prime (attempt 1)
08:14:13 thm:BookProof_ChapterParityMajoranaQuant_J_unitary_prime: FAIL (local compile failed: no such file or directory (error code: 4294967294)
  file: /home/leo/prove2me_workspace/Theorems/Thm_BookProof_ChapterParityMajo)
08:14:13 processing sol:BookProof_ChapterMajoranaProp61_prop61_mul_star_self (attempt 3)
08:17:43 processing thm:BookProof_ChapterParityMajoranaQuant_J_unitary_prime (attempt 2)
08:17:44 thm:BookProof_ChapterParityMajoranaQuant_J_unitary_prime: FAIL (local compile failed: no such file or directory (error code: 4294967294)
  file: /home/leo/prove2me_workspace/Theorems/Thm_BookProof_ChapterParityMajo)
08:17:44 processing sol:BookProof_ChapterMajoranaProp61_prop61_mul_star_self (attempt 3)
08:19:35 sol:BookProof_ChapterMajoranaProp61_prop61_mul_star_self: DONE
08:19:35 processing sol:BookProof_ChapterMajoranaProp61_prop61_star_mul_self (attempt 3)
08:21:20 processing thm:BookProof_ChapterParityMajoranaQuant_J_unitary_prime (attempt 3)
08:21:21 thm:BookProof_ChapterParityMajoranaQuant_J_unitary_prime: FAIL (local compile failed: no such file or directory (error code: 4294967294)
  file: /home/leo/prove2me_workspace/Theorems/Thm_BookProof_ChapterParityMajo)
08:21:21 processing sol:BookProof_ChapterMajoranaProp61_prop61_star_mul_self (attempt 3)
08:23:14 sol:BookProof_ChapterMajoranaProp61_prop61_star_mul_self: DONE
08:23:14 processing sol:BookProof_ChapterParityMajoranaQuant_J_unitary_prime (attempt 2)
08:23:14 sol:BookProof_ChapterParityMajoranaQuant_J_unitary_prime: FAIL (theorem not published yet)
08:23:14 processing sol:BookProof_YangMillsSU3_structureConstant_jacobi (attempt 3)
08:23:18 sol:BookProof_YangMillsSU3_structureConstant_jacobi: FAIL (local compile failed: /home/leo/prove2me_workspace/Solutions/Sol_BookProof_YangMillsSU3_structureConstant_jacobi.lean:49:8: error: `simp` made no prog)
08:23:18 processing sol:BookProof_ChapterMajoranaProp61_prop61_isUnit (attempt 3)
08:24:46 sol:BookProof_ChapterMajoranaProp61_prop61_isUnit: DONE
08:24:46 processing sol:BookProof_MajoranaClifford_a_sq (attempt 2)
08:26:04 sol:BookProof_MajoranaClifford_a_sq: DONE
08:26:04 summary: 317 done, 3 pending, 2 failed
08:28:51 processing thm:BookProof_ChapterParityMajoranaQuant_J_unitary_prime (attempt 4)
08:28:52 thm:BookProof_ChapterParityMajoranaQuant_J_unitary_prime: FAIL (local compile failed: no such file or directory (error code: 4294967294)
  file: /home/leo/prove2me_workspace/Theorems/Thm_BookProof_ChapterParityMajo)
08:28:52 processing sol:BookProof_ChapterParityMajoranaQuant_J_unitary_prime (attempt 3)
08:28:52 sol:BookProof_ChapterParityMajoranaQuant_J_unitary_prime: FAIL (theorem not published yet)
08:28:52 processing sol:BookProof_YangMillsSU3_structureConstant_jacobi (attempt 4)
08:28:56 sol:BookProof_YangMillsSU3_structureConstant_jacobi: FAIL (local compile failed: /home/leo/prove2me_workspace/Solutions/Sol_BookProof_YangMillsSU3_structureConstant_jacobi.lean:49:19: error: Ambiguous term
  s)
08:28:56 summary: 317 done, 3 pending, 2 failed
08:32:15 processing thm:BookProof_ChapterParityMajoranaQuant_J_unitary_prime (attempt 5)
08:32:16 thm:BookProof_ChapterParityMajoranaQuant_J_unitary_prime: FAIL (local compile failed: no such file or directory (error code: 4294967294)
  file: /home/leo/prove2me_workspace/Theorems/Thm_BookProof_ChapterParityMajo)
08:32:16 processing sol:BookProof_ChapterParityMajoranaQuant_J_unitary_prime (attempt 4)
08:32:16 sol:BookProof_ChapterParityMajoranaQuant_J_unitary_prime: FAIL (theorem not published yet)
08:32:16 processing sol:BookProof_YangMillsSU3_structureConstant_jacobi (attempt 5)
08:32:20 sol:BookProof_YangMillsSU3_structureConstant_jacobi: FAIL (local compile failed: /home/leo/prove2me_workspace/Solutions/Sol_BookProof_YangMillsSU3_structureConstant_jacobi.lean:49:19: error: Ambiguous term
  s)
08:32:20 summary: 317 done, 3 pending, 2 failed
08:35:53 processing sol:BookProof_ChapterParityMajoranaQuant_J_unitary_prime (attempt 5)
08:35:53 sol:BookProof_ChapterParityMajoranaQuant_J_unitary_prime: FAIL (theorem not published yet)
08:35:53 summary: 317 done, 1 pending, 4 failed
09:31:34 summary: 317 done, 0 pending, 5 failed
09:32:41 summary: 317 done, 0 pending, 5 failed
09:33:30 processing thm:BookProof_ChapterParityMajoranaQuant_J_unitary_prime (attempt 1)
09:33:31 thm:BookProof_ChapterParityMajoranaQuant_J_unitary_prime: FAIL (local compile failed: no such file or directory (error code: 4294967294)
  file: /home/leo/prove2me_workspace/Theorems/Thm_BookProof_ChapterParityMajo)
09:33:31 processing sol:BookProof_ChapterParityMajoranaQuant_J_unitary_prime (attempt 1)
09:33:31 sol:BookProof_ChapterParityMajoranaQuant_J_unitary_prime: FAIL (theorem not published yet)
09:33:31 processing sol:BookProof_YangMillsSU3_structureConstant_jacobi (attempt 1)
09:35:32 sol:BookProof_YangMillsSU3_structureConstant_jacobi: DONE
09:35:32 summary: 318 done, 2 pending, 2 failed
09:40:34 processing thm:BookProof_ChapterParityMajoranaQuant_J_unitary_prime (attempt 2)
09:40:35 thm:BookProof_ChapterParityMajoranaQuant_J_unitary_prime: FAIL (local compile failed: no such file or directory (error code: 4294967294)
  file: /home/leo/prove2me_workspace/Theorems/Thm_BookProof_ChapterParityMajo)
09:40:35 processing sol:BookProof_ChapterParityMajoranaQuant_J_unitary_prime (attempt 2)
09:40:35 sol:BookProof_ChapterParityMajoranaQuant_J_unitary_prime: FAIL (theorem not published yet)
09:40:35 summary: 318 done, 2 pending, 2 failed
09:42:01 processing thm:BookProof_ChapterParityMajoranaQuant_J_unitary_prime (attempt 3)
09:42:02 thm:BookProof_ChapterParityMajoranaQuant_J_unitary_prime: FAIL (local compile failed: no such file or directory (error code: 4294967294)
  file: /home/leo/prove2me_workspace/Theorems/Thm_BookProof_ChapterParityMajo)
09:42:02 processing sol:BookProof_ChapterParityMajoranaQuant_J_unitary_prime (attempt 3)
09:42:02 sol:BookProof_ChapterParityMajoranaQuant_J_unitary_prime: FAIL (theorem not published yet)
09:42:02 summary: 318 done, 2 pending, 2 failed
09:44:22 processing thm:BookProof_ChapterParityMajoranaQuant_J_unitary_prime (attempt 1)
09:44:25 thm:BookProof_ChapterParityMajoranaQuant_J_unitary_prime: FAIL (formal_statement does not end with := by sorry)
09:44:25 processing sol:BookProof_ChapterParityMajoranaQuant_J_unitary_prime (attempt 1)
09:44:25 sol:BookProof_ChapterParityMajoranaQuant_J_unitary_prime: FAIL (theorem not published yet)
09:44:25 summary: 318 done, 2 pending, 2 failed
09:45:33 processing thm:BookProof_ChapterParityMajoranaQuant_J_unitary_prime (attempt 2)
09:45:41 thm:BookProof_ChapterParityMajoranaQuant_J_unitary_prime: FAIL (submit-problem rejected: {"jobs": [], "errors": ["theorem_name must be a valid Lean identifier (identifier segments separated by '.' for namespaces)"])
09:45:41 processing sol:BookProof_ChapterParityMajoranaQuant_J_unitary_prime (attempt 2)
09:45:41 sol:BookProof_ChapterParityMajoranaQuant_J_unitary_prime: FAIL (theorem not published yet)
09:45:41 summary: 318 done, 2 pending, 2 failed
09:47:15 processing thm:BookProof_ChapterParityMajoranaQuant_J_unitary_prime (attempt 3)
09:47:23 thm:BookProof_ChapterParityMajoranaQuant_J_unitary_prime: FAIL (submit-problem rejected: {"jobs": [], "errors": ["theorem_name must be a valid Lean identifier (identifier segments separated by '.' for namespaces)"])
09:47:23 processing sol:BookProof_ChapterParityMajoranaQuant_J_unitary_prime (attempt 3)
09:47:23 sol:BookProof_ChapterParityMajoranaQuant_J_unitary_prime: FAIL (theorem not published yet)
09:47:23 summary: 318 done, 2 pending, 2 failed
09:50:11 processing thm:BookProof_ChapterParityMajoranaQuant_J_unitary_prime (attempt 4)
09:50:44 thm:BookProof_ChapterParityMajoranaQuant_J_unitary_prime: FAIL (publish FAILED: formal statement does not compile: line 27: Unknown constant `BookProof.ChapterParityMajoranaQuant.J_unitary_prime`)
09:50:44 processing sol:BookProof_ChapterParityMajoranaQuant_J_unitary_prime (attempt 4)
09:50:44 sol:BookProof_ChapterParityMajoranaQuant_J_unitary_prime: FAIL (theorem not published yet)
09:50:44 summary: 318 done, 2 pending, 2 failed
10:08:01 processing thm:BookProof_ChapterParityMajoranaQuant_J_unitary_prime (attempt 1)
10:08:10 thm:BookProof_ChapterParityMajoranaQuant_J_unitary_prime: FAIL (local compile failed: no such file or directory (error code: 4294967294)
  file: /home/leo/prove2me_workspace/Theorems/Thm_BookProof_ChapterParityMajo)
10:08:10 processing sol:BookProof_ChapterParityMajoranaQuant_J_unitary_prime (attempt 1)
10:08:10 sol:BookProof_ChapterParityMajoranaQuant_J_unitary_prime: FAIL (theorem not published yet)
10:08:10 summary: 318 done, 2 pending, 2 failed
16:49:42 processing def:ChapterSirkWhitening (attempt 3)
16:50:07 def:ChapterSirkWhitening: FAIL (publish FAILED: definition does not compile: unknown import: Definitions.Def_ChapterH4. No such definition exists in this Lean environment (mathlib 0d)
16:50:07 processing def:ChapterSirkPerSystem (attempt 3)
16:50:09 def:ChapterSirkPerSystem: FAIL (local compile failed: /home/leo/prove2me_workspace/Definitions/Def_ChapterSirkPerSystem.lean:1:0: error: object file '/home/leo/prove2me_workspace/.la)
16:50:09 processing def:ChapterYangMillsHermite (attempt 3)
16:50:09 def:ChapterYangMillsHermite: FAIL (local compile failed: /home/leo/prove2me_workspace/Definitions/Def_ChapterYangMillsHermite.lean:1:0: error: object file '/home/leo/prove2me_workspace/)
16:50:09 processing def:ChapterSirkEndToEnd (attempt 3)
16:50:35 def:ChapterSirkEndToEnd: FAIL (publish FAILED: definition does not compile: unknown import: Definitions.Def_ChapterH4. No such definition exists in this Lean environment (mathlib 0d)
16:50:35 processing def:ChapterSirkDiffusiveDecay (attempt 3)
16:51:02 def:ChapterSirkDiffusiveDecay: FAIL (publish FAILED: definition does not compile: unknown import: Definitions.Def_ChapterH4. No such definition exists in this Lean environment (mathlib 0d)
16:51:02 processing thm:BookProof_ChapterSirkDiffusiveDecay_hasDerivAt_heatFlow_apply (attempt 2)
16:51:27 thm:BookProof_ChapterSirkDiffusiveDecay_hasDerivAt_heatFlow_apply: FAIL (publish FAILED: formal statement does not compile: unknown import: Definitions.Def_ChapterSirkDiffusiveDecay. No such definition exists in this Lean e)
16:51:27 processing thm:BookProof_ChapterSirkDiffusiveDecay_hasDerivAt_heatFlow_normSq (attempt 2)
16:51:53 thm:BookProof_ChapterSirkDiffusiveDecay_hasDerivAt_heatFlow_normSq: FAIL (publish FAILED: formal statement does not compile: unknown import: Definitions.Def_ChapterSirkDiffusiveDecay. No such definition exists in this Lean e)
16:51:53 processing thm:BookProof_ChapterSirkDiffusiveDecay_heatFlow_apply_comm (attempt 2)
16:52:18 thm:BookProof_ChapterSirkDiffusiveDecay_heatFlow_apply_comm: FAIL (publish FAILED: formal statement does not compile: unknown import: Definitions.Def_ChapterSirkDiffusiveDecay. No such definition exists in this Lean e)
16:52:18 processing thm:BookProof_ChapterSirkDiffusiveDecay_heatFlow_zero (attempt 2)
16:52:43 thm:BookProof_ChapterSirkDiffusiveDecay_heatFlow_zero: FAIL (publish FAILED: formal statement does not compile: unknown import: Definitions.Def_ChapterSirkDiffusiveDecay. No such definition exists in this Lean e)
16:52:43 processing thm:BookProof_ChapterSirkDiffusiveDecay_isCoercive_add_algebraMap (attempt 2)
16:53:08 thm:BookProof_ChapterSirkDiffusiveDecay_isCoercive_add_algebraMap: FAIL (publish FAILED: formal statement does not compile: unknown import: Definitions.Def_ChapterSirkDiffusiveDecay. No such definition exists in this Lean e)
16:53:08 processing thm:BookProof_ChapterSirkDiffusiveDecay_isCoercive_compress (attempt 2)
16:53:33 thm:BookProof_ChapterSirkDiffusiveDecay_isCoercive_compress: FAIL (publish FAILED: formal statement does not compile: unknown import: Definitions.Def_ChapterSirkDiffusiveDecay. No such definition exists in this Lean e)
16:53:33 processing thm:BookProof_ChapterSirkDiffusiveDecay_norm_embedding (attempt 2)
16:53:57 thm:BookProof_ChapterSirkDiffusiveDecay_norm_embedding: FAIL (publish FAILED: formal statement does not compile: unknown import: Definitions.Def_ChapterSirkDiffusiveDecay. No such definition exists in this Lean e)
16:53:57 processing thm:BookProof_ChapterSirkDiffusiveDecay_norm_heatFlow_apply_le (attempt 2)
16:54:22 thm:BookProof_ChapterSirkDiffusiveDecay_norm_heatFlow_apply_le: FAIL (publish FAILED: formal statement does not compile: unknown import: Definitions.Def_ChapterSirkDiffusiveDecay. No such definition exists in this Lean e)
16:54:22 processing thm:BookProof_ChapterSirkDiffusiveDecay_norm_heatFlow_compress_apply_le (attempt 2)
16:54:47 thm:BookProof_ChapterSirkDiffusiveDecay_norm_heatFlow_compress_apply_le: FAIL (publish FAILED: formal statement does not compile: unknown import: Definitions.Def_ChapterSirkDiffusiveDecay. No such definition exists in this Lean e)
16:54:47 processing thm:BookProof_ChapterSirkDiffusiveDecay_norm_heatFlow_le (attempt 2)
16:55:17 thm:BookProof_ChapterSirkDiffusiveDecay_norm_heatFlow_le: FAIL (publish FAILED: formal statement does not compile: unknown import: Definitions.Def_ChapterSirkDiffusiveDecay. No such definition exists in this Lean e)
16:55:17 processing thm:BookProof_ChapterSirkEndToEnd_crouzeix_domain_transfer (attempt 2)
16:55:20 thm:BookProof_ChapterSirkEndToEnd_crouzeix_domain_transfer: FAIL (local compile failed: /home/leo/prove2me_workspace/Theorems/Thm_BookProof_ChapterSirkEndToEnd_crouzeix_domain_transfer.lean:28:10: error: Function exp)
16:55:20 processing thm:BookProof_ChapterSirkEndToEnd_crouzeix_domain_uniform (attempt 2)
16:55:23 thm:BookProof_ChapterSirkEndToEnd_crouzeix_domain_uniform: FAIL (local compile failed: /home/leo/prove2me_workspace/Theorems/Thm_BookProof_ChapterSirkEndToEnd_crouzeix_domain_uniform.lean:28:20: error: Function expe)
16:55:23 processing thm:BookProof_ChapterSirkEndToEnd_norm_sirkApprox_apply_le (attempt 2)
16:55:48 thm:BookProof_ChapterSirkEndToEnd_norm_sirkApprox_apply_le: FAIL (publish FAILED: formal statement does not compile: unknown import: Definitions.Def_ChapterSirkEndToEnd. No such definition exists in this Lean environ)
16:55:48 processing thm:BookProof_ChapterSirkEndToEnd_norm_sirkApprox_apply_le_of_isometry (attempt 2)
16:56:13 thm:BookProof_ChapterSirkEndToEnd_norm_sirkApprox_apply_le_of_isometry: FAIL (publish FAILED: formal statement does not compile: unknown import: Definitions.Def_ChapterSirkEndToEnd. No such definition exists in this Lean environ)
16:56:13 processing thm:BookProof_ChapterSirkEndToEnd_sirkApprox_apply (attempt 2)
16:56:38 thm:BookProof_ChapterSirkEndToEnd_sirkApprox_apply: FAIL (publish FAILED: formal statement does not compile: unknown import: Definitions.Def_ChapterSirkEndToEnd. No such definition exists in this Lean environ)
16:56:38 processing thm:BookProof_ChapterSirkEndToEnd_sirkApprox_id (attempt 2)
16:57:03 thm:BookProof_ChapterSirkEndToEnd_sirkApprox_id: FAIL (publish FAILED: formal statement does not compile: unknown import: Definitions.Def_ChapterSirkEndToEnd. No such definition exists in this Lean environ)
16:57:03 processing thm:BookProof_ChapterSirkEndToEnd_sirkReconstruction_isIdempotent (attempt 2)
16:57:28 thm:BookProof_ChapterSirkEndToEnd_sirkReconstruction_isIdempotent: FAIL (publish FAILED: formal statement does not compile: unknown import: Definitions.Def_ChapterSirkEndToEnd. No such definition exists in this Lean environ)
16:57:28 processing thm:BookProof_ChapterSirkEndToEnd_sirkReconstruction_isSelfAdjoint (attempt 2)
16:57:54 thm:BookProof_ChapterSirkEndToEnd_sirkReconstruction_isSelfAdjoint: FAIL (publish FAILED: formal statement does not compile: unknown import: Definitions.Def_ChapterSirkEndToEnd. No such definition exists in this Lean environ)
16:57:54 processing thm:BookProof_ChapterSirkEndToEnd_sirk_end_to_end (attempt 2)
16:57:58 thm:BookProof_ChapterSirkEndToEnd_sirk_end_to_end: FAIL (local compile failed: /home/leo/prove2me_workspace/Theorems/Thm_BookProof_ChapterSirkEndToEnd_sirk_end_to_end.lean:43:37: error: Function expected at
)
16:57:58 processing thm:BookProof_ChapterSirkEndToEnd_sirk_end_to_end_satisfiable (attempt 2)
16:58:01 thm:BookProof_ChapterSirkEndToEnd_sirk_end_to_end_satisfiable: FAIL (local compile failed: /home/leo/prove2me_workspace/Theorems/Thm_BookProof_ChapterSirkEndToEnd_sirk_end_to_end_satisfiable.lean:33:44: error: Function )
16:58:01 processing thm:BookProof_ChapterSirkEndToEnd_sirk_error_bound_at (attempt 2)
16:58:28 thm:BookProof_ChapterSirkEndToEnd_sirk_error_bound_at: FAIL (publish FAILED: formal statement does not compile: unknown import: Definitions.Def_ChapterSirkEndToEnd. No such definition exists in this Lean environ)
16:58:28 processing thm:BookProof_ChapterSirkEndToEnd_sirk_flow_error_tendsto_zero (attempt 2)
16:58:31 thm:BookProof_ChapterSirkEndToEnd_sirk_flow_error_tendsto_zero: FAIL (local compile failed: /home/leo/prove2me_workspace/Theorems/Thm_BookProof_ChapterSirkEndToEnd_sirk_flow_error_tendsto_zero.lean:31:60: error: Function)
16:58:31 processing thm:BookProof_ChapterSirkEndToEnd_sirk_flow_error_uniform_in_time (attempt 2)
16:58:35 thm:BookProof_ChapterSirkEndToEnd_sirk_flow_error_uniform_in_time: FAIL (local compile failed: /home/leo/prove2me_workspace/Theorems/Thm_BookProof_ChapterSirkEndToEnd_sirk_flow_error_uniform_in_time.lean:32:51: error: Funct)
16:58:35 processing thm:BookProof_ChapterSirkEndToEnd_tendsto_zero_of_le_sirkBound (attempt 2)
16:58:38 thm:BookProof_ChapterSirkEndToEnd_tendsto_zero_of_le_sirkBound: FAIL (local compile failed: /home/leo/prove2me_workspace/Theorems/Thm_BookProof_ChapterSirkEndToEnd_tendsto_zero_of_le_sirkBound.lean:27:47: error: Function)
16:58:38 processing thm:BookProof_ChapterSirkPerSystem_diagKR_sirk_crouzeix_domain (attempt 2)
16:58:39 thm:BookProof_ChapterSirkPerSystem_diagKR_sirk_crouzeix_domain: FAIL (local compile failed: /home/leo/prove2me_workspace/Theorems/Thm_BookProof_ChapterSirkPerSystem_diagKR_sirk_crouzeix_domain.lean:2:0: error: object fil)
16:58:39 processing thm:BookProof_ChapterSirkPerSystem_lagrangian_sirk_crouzeix_domain (attempt 2)
16:58:40 thm:BookProof_ChapterSirkPerSystem_lagrangian_sirk_crouzeix_domain: FAIL (local compile failed: /home/leo/prove2me_workspace/Theorems/Thm_BookProof_ChapterSirkPerSystem_lagrangian_sirk_crouzeix_domain.lean:2:0: error: object)
16:58:40 processing thm:BookProof_ChapterSirkPerSystem_nsDiff_sirk_crouzeix_domain (attempt 2)
16:58:42 thm:BookProof_ChapterSirkPerSystem_nsDiff_sirk_crouzeix_domain: FAIL (local compile failed: /home/leo/prove2me_workspace/Theorems/Thm_BookProof_ChapterSirkPerSystem_nsDiff_sirk_crouzeix_domain.lean:2:0: error: object fil)
16:58:42 processing thm:BookProof_ChapterSirkPerSystem_ns_sirk_crouzeix_domain (attempt 2)
16:58:43 thm:BookProof_ChapterSirkPerSystem_ns_sirk_crouzeix_domain: FAIL (local compile failed: /home/leo/prove2me_workspace/Theorems/Thm_BookProof_ChapterSirkPerSystem_ns_sirk_crouzeix_domain.lean:2:0: error: object file '/)
16:58:43 processing thm:BookProof_ChapterSirkPerSystem_qgR2_shiftInvert_selects (attempt 2)
16:58:44 thm:BookProof_ChapterSirkPerSystem_qgR2_shiftInvert_selects: FAIL (local compile failed: /home/leo/prove2me_workspace/Theorems/Thm_BookProof_ChapterSirkPerSystem_qgR2_shiftInvert_selects.lean:2:0: error: object file ')
16:58:44 processing thm:BookProof_ChapterSirkPerSystem_qgR2_sirk_crouzeix_domain (attempt 2)
16:58:46 thm:BookProof_ChapterSirkPerSystem_qgR2_sirk_crouzeix_domain: FAIL (local compile failed: /home/leo/prove2me_workspace/Theorems/Thm_BookProof_ChapterSirkPerSystem_qgR2_sirk_crouzeix_domain.lean:2:0: error: object file )
16:58:46 processing thm:BookProof_ChapterSirkPerSystem_ym_sirk_crouzeix_domain (attempt 2)
16:58:47 thm:BookProof_ChapterSirkPerSystem_ym_sirk_crouzeix_domain: FAIL (local compile failed: /home/leo/prove2me_workspace/Theorems/Thm_BookProof_ChapterSirkPerSystem_ym_sirk_crouzeix_domain.lean:2:0: error: object file '/)
16:58:47 processing thm:BookProof_ChapterSirkWhitening_adjoint_comp_rangeProj (attempt 2)
16:59:12 thm:BookProof_ChapterSirkWhitening_adjoint_comp_rangeProj: FAIL (publish FAILED: formal statement does not compile: unknown import: Definitions.Def_ChapterSirkWhitening. No such definition exists in this Lean enviro)
16:59:12 processing thm:BookProof_ChapterSirkWhitening_compress_conj_whitening (attempt 2)
16:59:39 thm:BookProof_ChapterSirkWhitening_compress_conj_whitening: FAIL (publish FAILED: formal statement does not compile: unknown import: Definitions.Def_ChapterSirkWhitening. No such definition exists in this Lean enviro)
16:59:39 processing thm:BookProof_ChapterSirkWhitening_compress_reconstruct_eq (attempt 2)
17:00:05 thm:BookProof_ChapterSirkWhitening_compress_reconstruct_eq: FAIL (publish FAILED: formal statement does not compile: unknown import: Definitions.Def_ChapterSirkWhitening. No such definition exists in this Lean enviro)
17:00:05 processing thm:BookProof_ChapterSirkWhitening_embedding_comp_whiteningEquiv (attempt 2)
17:00:33 thm:BookProof_ChapterSirkWhitening_embedding_comp_whiteningEquiv: FAIL (publish FAILED: formal statement does not compile: unknown import: Definitions.Def_ChapterSirkWhitening. No such definition exists in this Lean enviro)
17:00:33 processing thm:BookProof_ChapterSirkWhitening_rangeProj_adjoint (attempt 2)
17:01:20 thm:BookProof_ChapterSirkWhitening_rangeProj_adjoint: FAIL (publish FAILED: formal statement does not compile: unknown import: Definitions.Def_ChapterSirkWhitening. No such definition exists in this Lean enviro)
17:01:20 processing thm:BookProof_ChapterSirkWhitening_rangeProj_apply (attempt 2)
17:01:49 thm:BookProof_ChapterSirkWhitening_rangeProj_apply: FAIL (publish FAILED: formal statement does not compile: unknown import: Definitions.Def_ChapterSirkWhitening. No such definition exists in this Lean enviro)
17:01:49 processing thm:BookProof_ChapterSirkWhitening_rangeProj_comp_embedding (attempt 2)
17:02:15 thm:BookProof_ChapterSirkWhitening_rangeProj_comp_embedding: FAIL (publish FAILED: formal statement does not compile: unknown import: Definitions.Def_ChapterSirkWhitening. No such definition exists in this Lean enviro)
17:02:15 processing thm:BookProof_ChapterSirkWhitening_rangeProj_comp_of_le (attempt 2)
17:02:40 thm:BookProof_ChapterSirkWhitening_rangeProj_comp_of_le: FAIL (publish FAILED: formal statement does not compile: unknown import: Definitions.Def_ChapterSirkWhitening. No such definition exists in this Lean enviro)
17:02:40 processing thm:BookProof_ChapterSirkWhitening_rangeProj_comp_self (attempt 2)
17:03:05 thm:BookProof_ChapterSirkWhitening_rangeProj_comp_self: FAIL (publish FAILED: formal statement does not compile: unknown import: Definitions.Def_ChapterSirkWhitening. No such definition exists in this Lean enviro)
17:03:05 processing thm:BookProof_ChapterSirkWhitening_rangeProj_eq_of_range_eq (attempt 2)
17:03:32 thm:BookProof_ChapterSirkWhitening_rangeProj_eq_of_range_eq: FAIL (publish FAILED: formal statement does not compile: unknown import: Definitions.Def_ChapterSirkWhitening. No such definition exists in this Lean enviro)
17:03:32 processing thm:BookProof_ChapterSirkWhitening_rangeProj_isSelfAdjoint (attempt 2)
17:03:57 thm:BookProof_ChapterSirkWhitening_rangeProj_isSelfAdjoint: FAIL (publish FAILED: formal statement does not compile: unknown import: Definitions.Def_ChapterSirkWhitening. No such definition exists in this Lean enviro)
17:03:57 processing thm:BookProof_ChapterSirkWhitening_sirkApprox_eq_of_range_eq (attempt 2)
17:04:22 thm:BookProof_ChapterSirkWhitening_sirkApprox_eq_of_range_eq: FAIL (publish FAILED: formal statement does not compile: unknown import: Definitions.Def_ChapterSirkWhitening. No such definition exists in this Lean enviro)
17:04:22 processing thm:BookProof_ChapterSirkWhitening_whiteningEquiv_isometry (attempt 2)
17:04:47 thm:BookProof_ChapterSirkWhitening_whiteningEquiv_isometry: FAIL (publish FAILED: formal statement does not compile: unknown import: Definitions.Def_ChapterSirkWhitening. No such definition exists in this Lean enviro)
17:04:47 processing thm:BookProof_ChapterSirkWhitening_whiteningEquiv_left_inverse (attempt 2)
17:05:12 thm:BookProof_ChapterSirkWhitening_whiteningEquiv_left_inverse: FAIL (publish FAILED: formal statement does not compile: unknown import: Definitions.Def_ChapterSirkWhitening. No such definition exists in this Lean enviro)
17:05:12 processing sol:BookProof_ChapterSirkDiffusiveDecay_hasDerivAt_heatFlow_apply (attempt 2)
17:05:12 sol:BookProof_ChapterSirkDiffusiveDecay_hasDerivAt_heatFlow_apply: FAIL (theorem not published yet)
17:05:12 processing sol:BookProof_ChapterSirkDiffusiveDecay_hasDerivAt_heatFlow_normSq (attempt 2)
17:05:12 sol:BookProof_ChapterSirkDiffusiveDecay_hasDerivAt_heatFlow_normSq: FAIL (theorem not published yet)
17:05:12 processing sol:BookProof_ChapterSirkDiffusiveDecay_heatFlow_apply_comm (attempt 2)
17:05:12 sol:BookProof_ChapterSirkDiffusiveDecay_heatFlow_apply_comm: FAIL (theorem not published yet)
17:05:12 processing sol:BookProof_ChapterSirkDiffusiveDecay_heatFlow_zero (attempt 2)
17:05:12 sol:BookProof_ChapterSirkDiffusiveDecay_heatFlow_zero: FAIL (theorem not published yet)
17:05:12 processing sol:BookProof_ChapterSirkDiffusiveDecay_isCoercive_add_algebraMap (attempt 2)
17:05:12 sol:BookProof_ChapterSirkDiffusiveDecay_isCoercive_add_algebraMap: FAIL (theorem not published yet)
17:05:12 processing sol:BookProof_ChapterSirkDiffusiveDecay_isCoercive_compress (attempt 2)
17:05:12 sol:BookProof_ChapterSirkDiffusiveDecay_isCoercive_compress: FAIL (theorem not published yet)
17:05:12 processing sol:BookProof_ChapterSirkDiffusiveDecay_norm_embedding (attempt 2)
17:05:12 sol:BookProof_ChapterSirkDiffusiveDecay_norm_embedding: FAIL (theorem not published yet)
17:05:12 processing sol:BookProof_ChapterSirkDiffusiveDecay_norm_heatFlow_apply_le (attempt 2)
17:05:12 sol:BookProof_ChapterSirkDiffusiveDecay_norm_heatFlow_apply_le: FAIL (theorem not published yet)
17:05:12 processing sol:BookProof_ChapterSirkDiffusiveDecay_norm_heatFlow_compress_apply_le (attempt 2)
17:05:12 sol:BookProof_ChapterSirkDiffusiveDecay_norm_heatFlow_compress_apply_le: FAIL (theorem not published yet)
17:05:12 processing sol:BookProof_ChapterSirkDiffusiveDecay_norm_heatFlow_le (attempt 2)
17:05:12 sol:BookProof_ChapterSirkDiffusiveDecay_norm_heatFlow_le: FAIL (theorem not published yet)
17:05:12 processing sol:BookProof_ChapterSirkEndToEnd_crouzeix_domain_transfer (attempt 2)
17:05:12 sol:BookProof_ChapterSirkEndToEnd_crouzeix_domain_transfer: FAIL (theorem not published yet)
17:05:12 processing sol:BookProof_ChapterSirkEndToEnd_crouzeix_domain_uniform (attempt 2)
17:05:12 sol:BookProof_ChapterSirkEndToEnd_crouzeix_domain_uniform: FAIL (theorem not published yet)
17:05:12 processing sol:BookProof_ChapterSirkEndToEnd_norm_sirkApprox_apply_le (attempt 2)
17:05:12 sol:BookProof_ChapterSirkEndToEnd_norm_sirkApprox_apply_le: FAIL (theorem not published yet)
17:05:12 processing sol:BookProof_ChapterSirkEndToEnd_norm_sirkApprox_apply_le_of_isometry (attempt 2)
17:05:12 sol:BookProof_ChapterSirkEndToEnd_norm_sirkApprox_apply_le_of_isometry: FAIL (theorem not published yet)
17:05:12 processing sol:BookProof_ChapterSirkEndToEnd_sirkApprox_apply (attempt 2)
17:05:12 sol:BookProof_ChapterSirkEndToEnd_sirkApprox_apply: FAIL (theorem not published yet)
17:05:12 processing sol:BookProof_ChapterSirkEndToEnd_sirkApprox_id (attempt 2)
17:05:12 sol:BookProof_ChapterSirkEndToEnd_sirkApprox_id: FAIL (theorem not published yet)
17:05:12 processing sol:BookProof_ChapterSirkEndToEnd_sirkReconstruction_isIdempotent (attempt 2)
17:05:12 sol:BookProof_ChapterSirkEndToEnd_sirkReconstruction_isIdempotent: FAIL (theorem not published yet)
17:05:12 processing sol:BookProof_ChapterSirkEndToEnd_sirkReconstruction_isSelfAdjoint (attempt 2)
17:05:12 sol:BookProof_ChapterSirkEndToEnd_sirkReconstruction_isSelfAdjoint: FAIL (theorem not published yet)
17:05:12 processing sol:BookProof_ChapterSirkEndToEnd_sirk_end_to_end (attempt 2)
17:05:12 sol:BookProof_ChapterSirkEndToEnd_sirk_end_to_end: FAIL (theorem not published yet)
17:05:12 processing sol:BookProof_ChapterSirkEndToEnd_sirk_end_to_end_satisfiable (attempt 2)
17:05:12 sol:BookProof_ChapterSirkEndToEnd_sirk_end_to_end_satisfiable: FAIL (theorem not published yet)
17:05:12 processing sol:BookProof_ChapterSirkEndToEnd_sirk_error_bound_at (attempt 2)
17:05:12 sol:BookProof_ChapterSirkEndToEnd_sirk_error_bound_at: FAIL (theorem not published yet)
17:05:12 processing sol:BookProof_ChapterSirkEndToEnd_sirk_flow_error_tendsto_zero (attempt 2)
17:05:12 sol:BookProof_ChapterSirkEndToEnd_sirk_flow_error_tendsto_zero: FAIL (theorem not published yet)
17:05:12 processing sol:BookProof_ChapterSirkEndToEnd_sirk_flow_error_uniform_in_time (attempt 2)
17:05:12 sol:BookProof_ChapterSirkEndToEnd_sirk_flow_error_uniform_in_time: FAIL (theorem not published yet)
17:05:12 processing sol:BookProof_ChapterSirkEndToEnd_tendsto_zero_of_le_sirkBound (attempt 2)
17:05:12 sol:BookProof_ChapterSirkEndToEnd_tendsto_zero_of_le_sirkBound: FAIL (theorem not published yet)
17:05:12 processing sol:BookProof_ChapterSirkPerSystem_diagKR_sirk_crouzeix_domain (attempt 2)
17:05:12 sol:BookProof_ChapterSirkPerSystem_diagKR_sirk_crouzeix_domain: FAIL (theorem not published yet)
17:05:12 processing sol:BookProof_ChapterSirkPerSystem_lagrangian_sirk_crouzeix_domain (attempt 2)
17:05:12 sol:BookProof_ChapterSirkPerSystem_lagrangian_sirk_crouzeix_domain: FAIL (theorem not published yet)
17:05:12 processing sol:BookProof_ChapterSirkPerSystem_nsDiff_sirk_crouzeix_domain (attempt 2)
17:05:12 sol:BookProof_ChapterSirkPerSystem_nsDiff_sirk_crouzeix_domain: FAIL (theorem not published yet)
17:05:12 processing sol:BookProof_ChapterSirkPerSystem_ns_sirk_crouzeix_domain (attempt 2)
17:05:12 sol:BookProof_ChapterSirkPerSystem_ns_sirk_crouzeix_domain: FAIL (theorem not published yet)
17:05:12 processing sol:BookProof_ChapterSirkPerSystem_qgR2_shiftInvert_selects (attempt 2)
17:05:12 sol:BookProof_ChapterSirkPerSystem_qgR2_shiftInvert_selects: FAIL (theorem not published yet)
17:05:12 processing sol:BookProof_ChapterSirkPerSystem_qgR2_sirk_crouzeix_domain (attempt 2)
17:05:12 sol:BookProof_ChapterSirkPerSystem_qgR2_sirk_crouzeix_domain: FAIL (theorem not published yet)
17:05:12 processing sol:BookProof_ChapterSirkPerSystem_ym_sirk_crouzeix_domain (attempt 2)
17:05:12 sol:BookProof_ChapterSirkPerSystem_ym_sirk_crouzeix_domain: FAIL (theorem not published yet)
17:05:12 processing sol:BookProof_ChapterSirkWhitening_adjoint_comp_rangeProj (attempt 2)
17:05:12 sol:BookProof_ChapterSirkWhitening_adjoint_comp_rangeProj: FAIL (theorem not published yet)
17:05:12 processing sol:BookProof_ChapterSirkWhitening_compress_conj_whitening (attempt 2)
17:05:12 sol:BookProof_ChapterSirkWhitening_compress_conj_whitening: FAIL (theorem not published yet)
17:05:12 processing sol:BookProof_ChapterSirkWhitening_compress_reconstruct_eq (attempt 2)
17:05:12 sol:BookProof_ChapterSirkWhitening_compress_reconstruct_eq: FAIL (theorem not published yet)
17:05:12 processing sol:BookProof_ChapterSirkWhitening_embedding_comp_whiteningEquiv (attempt 2)
17:05:12 sol:BookProof_ChapterSirkWhitening_embedding_comp_whiteningEquiv: FAIL (theorem not published yet)
17:05:12 processing sol:BookProof_ChapterSirkWhitening_rangeProj_adjoint (attempt 2)
17:05:12 sol:BookProof_ChapterSirkWhitening_rangeProj_adjoint: FAIL (theorem not published yet)
17:05:12 processing sol:BookProof_ChapterSirkWhitening_rangeProj_apply (attempt 2)
17:05:12 sol:BookProof_ChapterSirkWhitening_rangeProj_apply: FAIL (theorem not published yet)
17:05:12 processing sol:BookProof_ChapterSirkWhitening_rangeProj_comp_embedding (attempt 2)
17:05:12 sol:BookProof_ChapterSirkWhitening_rangeProj_comp_embedding: FAIL (theorem not published yet)
17:05:12 processing sol:BookProof_ChapterSirkWhitening_rangeProj_comp_of_le (attempt 2)
17:05:12 sol:BookProof_ChapterSirkWhitening_rangeProj_comp_of_le: FAIL (theorem not published yet)
17:05:12 processing sol:BookProof_ChapterSirkWhitening_rangeProj_comp_self (attempt 2)
17:05:12 sol:BookProof_ChapterSirkWhitening_rangeProj_comp_self: FAIL (theorem not published yet)
17:05:12 processing sol:BookProof_ChapterSirkWhitening_rangeProj_eq_of_range_eq (attempt 2)
17:05:12 sol:BookProof_ChapterSirkWhitening_rangeProj_eq_of_range_eq: FAIL (theorem not published yet)
17:05:12 processing sol:BookProof_ChapterSirkWhitening_rangeProj_isSelfAdjoint (attempt 2)
17:05:12 sol:BookProof_ChapterSirkWhitening_rangeProj_isSelfAdjoint: FAIL (theorem not published yet)
17:05:12 processing sol:BookProof_ChapterSirkWhitening_sirkApprox_eq_of_range_eq (attempt 2)
17:05:12 sol:BookProof_ChapterSirkWhitening_sirkApprox_eq_of_range_eq: FAIL (theorem not published yet)
17:05:12 processing sol:BookProof_ChapterSirkWhitening_whiteningEquiv_isometry (attempt 2)
17:05:12 sol:BookProof_ChapterSirkWhitening_whiteningEquiv_isometry: FAIL (theorem not published yet)
17:05:12 processing sol:BookProof_ChapterSirkWhitening_whiteningEquiv_left_inverse (attempt 2)
17:05:12 sol:BookProof_ChapterSirkWhitening_whiteningEquiv_left_inverse: FAIL (theorem not published yet)
17:05:12 summary: 320 done, 95 pending, 2 failed
18:19:59 processing def:ChapterYangMillsHermite (attempt 1)
18:20:01 def:ChapterYangMillsHermite: FAIL (local compile failed: /home/leo/prove2me_workspace/Definitions/Def_ChapterYangMillsHermite.lean:1:0: error: object file '/home/leo/prove2me_workspace/)
18:20:01 processing def:ChapterSirkWhitening (attempt 1)
18:20:07 def:ChapterSirkWhitening: FAIL (local compile failed: /home/leo/prove2me_workspace/Definitions/Def_ChapterSirkWhitening.lean:42:5: error: unknown namespace `BookProof.ChapterH4`
/hom)
18:20:07 processing def:ChapterSirkPerSystem (attempt 1)
18:20:08 def:ChapterSirkPerSystem: FAIL (local compile failed: /home/leo/prove2me_workspace/Definitions/Def_ChapterSirkPerSystem.lean:1:0: error: object file '/home/leo/prove2me_workspace/.la)
18:20:08 processing def:ChapterSirkEndToEnd (attempt 1)
18:20:09 def:ChapterSirkEndToEnd: FAIL (local compile failed: /home/leo/prove2me_workspace/Definitions/Def_ChapterSirkEndToEnd.lean:1:0: error: object file '/home/leo/prove2me_workspace/.lak)
18:20:09 processing def:ChapterSirkDiffusiveDecay (attempt 1)
18:20:15 def:ChapterSirkDiffusiveDecay: FAIL (local compile failed: /home/leo/prove2me_workspace/Definitions/Def_ChapterSirkDiffusiveDecay.lean:56:5: error: unknown namespace `BookProof.ChapterH4`)
18:20:15 processing def:ChapterYangMillsSU3 (attempt 1)
18:20:26 def:ChapterYangMillsSU3: FAIL (submit-definition rejected: {"error": "A theorem or definition with name \"ChapterYangMillsSU3\" already exists"})
18:20:26 processing def:ChapterSirkGroupTransfer (attempt 1)
18:20:35 def:ChapterSirkGroupTransfer: FAIL (submit-definition rejected: {"error": "A theorem or definition with name \"ChapterSirkGroupTransfer\" already exists"})
18:20:35 processing def:ChapterMajoranaProp76 (attempt 1)
18:20:45 def:ChapterMajoranaProp76: FAIL (submit-definition rejected: {"error": "A theorem or definition with name \"ChapterMajoranaProp76\" already exists"})
18:20:45 processing thm:BookProof_ChapterMajoranaProp76_LinearIsometryEquiv_isNote4Unitary (attempt 1)
18:20:48 thm:BookProof_ChapterMajoranaProp76_LinearIsometryEquiv_isNote4Unitary: FAIL (local compile failed: /home/leo/prove2me_workspace/Theorems/Thm_BookProof_ChapterMajoranaProp76_LinearIsometryEquiv_isNote4Unitary.lean:5:5: error: un)
18:20:48 processing thm:BookProof_ChapterMajoranaProp76_note4_comp (attempt 1)
18:20:58 thm:BookProof_ChapterMajoranaProp76_note4_comp: REUSING existing BookProof.ChapterMajoranaProp76.note4_comp (Proved) 32995b2f-d63a-4386-8931-e2e2407f4dfc
18:20:58 thm:BookProof_ChapterMajoranaProp76_note4_comp: DONE
18:20:58 processing thm:BookProof_ChapterMajoranaProp76_note4_conj (attempt 1)
18:21:06 thm:BookProof_ChapterMajoranaProp76_note4_conj: REUSING existing BookProof.ChapterMajoranaProp76.note4_conj (Proved) 1d96d635-0969-4ced-9029-f3cf12ca18fd
18:21:06 thm:BookProof_ChapterMajoranaProp76_note4_conj: DONE
18:21:06 processing thm:BookProof_ChapterMajoranaProp76_energyTransform_unitary (attempt 1)
18:21:13 thm:BookProof_ChapterMajoranaProp76_energyTransform_unitary: REUSING existing BookProof.ChapterMajoranaProp76.energyTransform_unitary (Proved) 8036f21d-dd9a-40e4-bcc2-09731bc29c60
18:21:13 thm:BookProof_ChapterMajoranaProp76_energyTransform_unitary: DONE
18:21:13 processing thm:BookProof_ChapterMajoranaProp76_energyMomentum_unitary (attempt 1)
18:21:20 thm:BookProof_ChapterMajoranaProp76_energyMomentum_unitary: REUSING existing BookProof.ChapterMajoranaProp76.energyMomentum_unitary (Proved) 77bb8464-b98a-4862-8ded-5f26f67f4d7c
18:21:20 thm:BookProof_ChapterMajoranaProp76_energyMomentum_unitary: DONE
18:21:20 processing thm:BookProof_ChapterMajoranaProp76_fourierTransform_isNote4Unitary (attempt 1)
18:21:28 thm:BookProof_ChapterMajoranaProp76_fourierTransform_isNote4Unitary: REUSING existing BookProof.ChapterMajoranaProp76.fourierTransform_isNote4Unitary (Proved) 2cdf5458-531e-46ef-a4e3-e76ff33a66c8
18:21:28 thm:BookProof_ChapterMajoranaProp76_fourierTransform_isNote4Unitary: DONE
18:21:28 processing thm:BookProof_ChapterMajoranaProp76_energyTransform_fourier_unitary (attempt 1)
18:21:35 thm:BookProof_ChapterMajoranaProp76_energyTransform_fourier_unitary: REUSING existing BookProof.ChapterMajoranaProp76.energyTransform_fourier_unitary (Proved) fd0c9b4c-df02-4afd-8937-07cc6ac02641
18:21:35 thm:BookProof_ChapterMajoranaProp76_energyTransform_fourier_unitary: DONE
18:21:35 processing thm:BookProof_YangMillsSU3_structureConstant_formula (attempt 1)
18:21:42 thm:BookProof_YangMillsSU3_structureConstant_formula: REUSING existing BookProof.YangMillsSU3.structureConstant_formula (Proved) 8408375f-dcdf-424c-ae96-42d43bab9cda
18:21:42 thm:BookProof_YangMillsSU3_structureConstant_formula: DONE
18:21:42 processing thm:BookProof_YangMillsSU3_structureConstant_antisymm_swap (attempt 1)
18:21:49 thm:BookProof_YangMillsSU3_structureConstant_antisymm_swap: REUSING existing BookProof.YangMillsSU3.structureConstant_antisymm_swap (Proved) b38a983c-7e44-4642-bfc9-4de6775e475f
18:21:49 thm:BookProof_YangMillsSU3_structureConstant_antisymm_swap: DONE
18:21:49 processing thm:BookProof_YangMillsSU3_structureConstant_antisymm_rotate (attempt 1)
18:21:56 thm:BookProof_YangMillsSU3_structureConstant_antisymm_rotate: REUSING existing BookProof.YangMillsSU3.structureConstant_antisymm_rotate (Proved) 9830ddf2-a286-4039-8297-4d4ca813f441
18:21:56 thm:BookProof_YangMillsSU3_structureConstant_antisymm_rotate: DONE
18:21:56 processing thm:BookProof_YangMillsSU3_structureConstant_totally_antisymmetric (attempt 1)
18:22:06 thm:BookProof_YangMillsSU3_structureConstant_totally_antisymmetric: REUSING existing BookProof.YangMillsSU3.structureConstant_totally_antisymmetric (Proved) c0082dd5-63b2-4da9-bc4b-25465d8db921
18:22:06 thm:BookProof_YangMillsSU3_structureConstant_totally_antisymmetric: DONE
18:22:06 processing thm:BookProof_YangMillsSU3_structureConstant_jacobi (attempt 1)
18:22:13 thm:BookProof_YangMillsSU3_structureConstant_jacobi: REUSING existing BookProof.YangMillsSU3.structureConstant_jacobi (Proved) dd2c01e2-c325-4320-91d1-8a821514ede5
18:22:13 thm:BookProof_YangMillsSU3_structureConstant_jacobi: DONE
18:22:13 processing thm:BookProof_ChapterSirkGroupTransfer_norm_pow_le_of_le (attempt 1)
18:22:16 thm:BookProof_ChapterSirkGroupTransfer_norm_pow_le_of_le: FAIL (cannot split formal_statement from /home/leo/prove2me_workspace/Theorems/Thm_BookProof_ChapterSirkGroupTransfer_norm_pow_le_of_le.lean)
18:22:16 processing thm:BookProof_ChapterSirkGroupTransfer_norm_pow_sub_pow_le (attempt 1)
18:22:20 thm:BookProof_ChapterSirkGroupTransfer_norm_pow_sub_pow_le: FAIL (cannot split formal_statement from /home/leo/prove2me_workspace/Theorems/Thm_BookProof_ChapterSirkGroupTransfer_norm_pow_sub_pow_le.lean)
18:22:20 processing thm:BookProof_ChapterSirkGroupTransfer_norm_exp_sub_exp_le (attempt 1)
18:22:27 thm:BookProof_ChapterSirkGroupTransfer_norm_exp_sub_exp_le: REUSING existing BookProof.ChapterSirkGroupTransfer.norm_exp_sub_exp_le (Proved) 273fe1c3-4d47-4bda-ac72-98bb554d5a51
18:22:27 thm:BookProof_ChapterSirkGroupTransfer_norm_exp_sub_exp_le: DONE
18:22:27 processing thm:BookProof_ChapterSirkGroupTransfer_groupFlow_zero (attempt 1)
18:22:30 thm:BookProof_ChapterSirkGroupTransfer_groupFlow_zero: FAIL (cannot split formal_statement from /home/leo/prove2me_workspace/Theorems/Thm_BookProof_ChapterSirkGroupTransfer_groupFlow_zero.lean)
18:22:30 processing thm:BookProof_ChapterSirkGroupTransfer_norm_groupFlow_sub_le (attempt 1)
18:22:38 thm:BookProof_ChapterSirkGroupTransfer_norm_groupFlow_sub_le: REUSING existing BookProof.ChapterSirkGroupTransfer.norm_groupFlow_sub_le (Proved) 86210964-62f0-4b3f-9b51-33473e7d48b1
18:22:38 thm:BookProof_ChapterSirkGroupTransfer_norm_groupFlow_sub_le: DONE
18:22:38 processing thm:BookProof_ChapterSirkGroupTransfer_groupFlow_transfer_uniform_on_interval (attempt 1)
18:22:46 thm:BookProof_ChapterSirkGroupTransfer_groupFlow_transfer_uniform_on_interval: REUSING existing BookProof.ChapterSirkGroupTransfer.groupFlow_transfer_uniform_on_interval (Proved) 9e6f40c3-b2be-4eaf-80fa-8c1ebafefbf9
18:22:46 thm:BookProof_ChapterSirkGroupTransfer_groupFlow_transfer_uniform_on_interval: DONE
18:22:46 processing thm:BookProof_ChapterSirkDiffusiveDecay_hasDerivAt_heatFlow_apply (attempt 1)
18:22:49 thm:BookProof_ChapterSirkDiffusiveDecay_hasDerivAt_heatFlow_apply: FAIL (local compile failed: /home/leo/prove2me_workspace/Theorems/Thm_BookProof_ChapterSirkDiffusiveDecay_hasDerivAt_heatFlow_apply.lean:17:5: error: unknow)
18:22:49 processing thm:BookProof_ChapterSirkDiffusiveDecay_hasDerivAt_heatFlow_normSq (attempt 1)
18:22:52 thm:BookProof_ChapterSirkDiffusiveDecay_hasDerivAt_heatFlow_normSq: FAIL (local compile failed: /home/leo/prove2me_workspace/Theorems/Thm_BookProof_ChapterSirkDiffusiveDecay_hasDerivAt_heatFlow_normSq.lean:17:5: error: unkno)
18:22:52 processing thm:BookProof_ChapterSirkDiffusiveDecay_heatFlow_apply_comm (attempt 1)
18:22:55 thm:BookProof_ChapterSirkDiffusiveDecay_heatFlow_apply_comm: FAIL (local compile failed: /home/leo/prove2me_workspace/Theorems/Thm_BookProof_ChapterSirkDiffusiveDecay_heatFlow_apply_comm.lean:17:5: error: unknown name)
18:22:55 processing thm:BookProof_ChapterSirkDiffusiveDecay_heatFlow_zero (attempt 1)
18:22:58 thm:BookProof_ChapterSirkDiffusiveDecay_heatFlow_zero: FAIL (local compile failed: /home/leo/prove2me_workspace/Theorems/Thm_BookProof_ChapterSirkDiffusiveDecay_heatFlow_zero.lean:17:5: error: unknown namespace )
18:22:58 processing thm:BookProof_ChapterSirkDiffusiveDecay_isCoercive_add_algebraMap (attempt 1)
18:23:01 thm:BookProof_ChapterSirkDiffusiveDecay_isCoercive_add_algebraMap: FAIL (local compile failed: /home/leo/prove2me_workspace/Theorems/Thm_BookProof_ChapterSirkDiffusiveDecay_isCoercive_add_algebraMap.lean:17:5: error: unknow)
18:23:01 processing thm:BookProof_ChapterSirkDiffusiveDecay_isCoercive_compress (attempt 1)
18:23:05 thm:BookProof_ChapterSirkDiffusiveDecay_isCoercive_compress: FAIL (local compile failed: /home/leo/prove2me_workspace/Theorems/Thm_BookProof_ChapterSirkDiffusiveDecay_isCoercive_compress.lean:17:5: error: unknown name)
18:23:05 processing thm:BookProof_ChapterSirkDiffusiveDecay_norm_embedding (attempt 1)
18:23:08 thm:BookProof_ChapterSirkDiffusiveDecay_norm_embedding: FAIL (local compile failed: /home/leo/prove2me_workspace/Theorems/Thm_BookProof_ChapterSirkDiffusiveDecay_norm_embedding.lean:17:5: error: unknown namespace)
18:23:08 processing thm:BookProof_ChapterSirkDiffusiveDecay_norm_heatFlow_apply_le (attempt 1)
18:23:11 thm:BookProof_ChapterSirkDiffusiveDecay_norm_heatFlow_apply_le: FAIL (local compile failed: /home/leo/prove2me_workspace/Theorems/Thm_BookProof_ChapterSirkDiffusiveDecay_norm_heatFlow_apply_le.lean:17:5: error: unknown n)
18:23:11 processing thm:BookProof_ChapterSirkDiffusiveDecay_norm_heatFlow_compress_apply_le (attempt 1)
18:23:12 processing def:ChapterYangMillsHermite (attempt 2)
18:23:13 def:ChapterYangMillsHermite: FAIL (local compile failed: /home/leo/prove2me_workspace/Definitions/Def_ChapterYangMillsHermite.lean:1:0: error: object file '/home/leo/prove2me_workspace/)
18:23:13 processing def:ChapterSirkWhitening (attempt 2)
18:23:15 thm:BookProof_ChapterSirkDiffusiveDecay_norm_heatFlow_compress_apply_le: FAIL (local compile failed: /home/leo/prove2me_workspace/Theorems/Thm_BookProof_ChapterSirkDiffusiveDecay_norm_heatFlow_compress_apply_le.lean:17:5: error: )
18:23:15 processing thm:BookProof_ChapterSirkDiffusiveDecay_norm_heatFlow_le (attempt 1)
18:23:19 thm:BookProof_ChapterSirkDiffusiveDecay_norm_heatFlow_le: FAIL (local compile failed: /home/leo/prove2me_workspace/Theorems/Thm_BookProof_ChapterSirkDiffusiveDecay_norm_heatFlow_le.lean:17:5: error: unknown namespa)
18:23:19 processing thm:BookProof_ChapterSirkEndToEnd_crouzeix_domain_transfer (attempt 1)
18:23:19 def:ChapterSirkWhitening: FAIL (local compile failed: /home/leo/prove2me_workspace/Definitions/Def_ChapterSirkWhitening.lean:42:5: error: unknown namespace `BookProof.ChapterH4`
/hom)
18:23:19 processing def:ChapterSirkPerSystem (attempt 2)
18:23:21 def:ChapterSirkPerSystem: FAIL (local compile failed: /home/leo/prove2me_workspace/Definitions/Def_ChapterSirkPerSystem.lean:1:0: error: object file '/home/leo/prove2me_workspace/.la)
18:23:21 processing def:ChapterSirkEndToEnd (attempt 2)
18:23:22 thm:BookProof_ChapterSirkEndToEnd_crouzeix_domain_transfer: FAIL (local compile failed: /home/leo/prove2me_workspace/Theorems/Thm_BookProof_ChapterSirkEndToEnd_crouzeix_domain_transfer.lean:20:5: error: unknown names)
18:23:22 processing thm:BookProof_ChapterSirkEndToEnd_crouzeix_domain_uniform (attempt 1)
18:23:22 def:ChapterSirkEndToEnd: FAIL (local compile failed: /home/leo/prove2me_workspace/Definitions/Def_ChapterSirkEndToEnd.lean:1:0: error: object file '/home/leo/prove2me_workspace/.lak)
18:23:22 processing def:ChapterSirkDiffusiveDecay (attempt 2)
18:23:26 thm:BookProof_ChapterSirkEndToEnd_crouzeix_domain_uniform: FAIL (local compile failed: /home/leo/prove2me_workspace/Theorems/Thm_BookProof_ChapterSirkEndToEnd_crouzeix_domain_uniform.lean:20:5: error: unknown namesp)
18:23:26 processing thm:BookProof_ChapterSirkEndToEnd_norm_sirkApprox_apply_le (attempt 1)
18:23:30 def:ChapterSirkDiffusiveDecay: FAIL (local compile failed: /home/leo/prove2me_workspace/Definitions/Def_ChapterSirkDiffusiveDecay.lean:56:5: error: unknown namespace `BookProof.ChapterH4`)
18:23:30 processing def:ChapterYangMillsSU3 (attempt 2)
18:23:30 thm:BookProof_ChapterSirkEndToEnd_norm_sirkApprox_apply_le: FAIL (local compile failed: /home/leo/prove2me_workspace/Theorems/Thm_BookProof_ChapterSirkEndToEnd_norm_sirkApprox_apply_le.lean:20:5: error: unknown names)
18:23:30 processing thm:BookProof_ChapterSirkEndToEnd_norm_sirkApprox_apply_le_of_isometry (attempt 1)
18:23:34 thm:BookProof_ChapterSirkEndToEnd_norm_sirkApprox_apply_le_of_isometry: FAIL (local compile failed: /home/leo/prove2me_workspace/Theorems/Thm_BookProof_ChapterSirkEndToEnd_norm_sirkApprox_apply_le_of_isometry.lean:20:5: error: u)
18:23:34 processing thm:BookProof_ChapterSirkEndToEnd_sirkApprox_apply (attempt 1)
18:23:37 thm:BookProof_ChapterSirkEndToEnd_sirkApprox_apply: FAIL (local compile failed: /home/leo/prove2me_workspace/Theorems/Thm_BookProof_ChapterSirkEndToEnd_sirkApprox_apply.lean:20:5: error: unknown namespace `Bo)
18:23:37 processing thm:BookProof_ChapterSirkEndToEnd_sirkApprox_id (attempt 1)
18:23:39 def:ChapterYangMillsSU3: FAIL (submit-definition rejected: {"error": "A theorem or definition with name \"ChapterYangMillsSU3\" already exists"})
18:23:39 processing def:ChapterSirkGroupTransfer (attempt 2)
18:23:40 thm:BookProof_ChapterSirkEndToEnd_sirkApprox_id: FAIL (local compile failed: /home/leo/prove2me_workspace/Theorems/Thm_BookProof_ChapterSirkEndToEnd_sirkApprox_id.lean:20:5: error: unknown namespace `BookP)
18:23:40 processing thm:BookProof_ChapterSirkEndToEnd_sirkReconstruction_isIdempotent (attempt 1)
18:23:44 thm:BookProof_ChapterSirkEndToEnd_sirkReconstruction_isIdempotent: FAIL (local compile failed: /home/leo/prove2me_workspace/Theorems/Thm_BookProof_ChapterSirkEndToEnd_sirkReconstruction_isIdempotent.lean:20:5: error: unknow)
18:23:44 processing thm:BookProof_ChapterSirkEndToEnd_sirkReconstruction_isSelfAdjoint (attempt 1)
18:23:47 thm:BookProof_ChapterSirkEndToEnd_sirkReconstruction_isSelfAdjoint: FAIL (local compile failed: /home/leo/prove2me_workspace/Theorems/Thm_BookProof_ChapterSirkEndToEnd_sirkReconstruction_isSelfAdjoint.lean:20:5: error: unkno)
18:23:47 processing thm:BookProof_ChapterSirkEndToEnd_sirk_end_to_end (attempt 1)
18:23:49 def:ChapterSirkGroupTransfer: FAIL (submit-definition rejected: {"error": "A theorem or definition with name \"ChapterSirkGroupTransfer\" already exists"})
18:23:49 processing def:ChapterMajoranaProp76 (attempt 2)
18:23:51 thm:BookProof_ChapterSirkEndToEnd_sirk_end_to_end: FAIL (local compile failed: /home/leo/prove2me_workspace/Theorems/Thm_BookProof_ChapterSirkEndToEnd_sirk_end_to_end.lean:20:5: error: unknown namespace `Boo)
18:23:51 processing thm:BookProof_ChapterSirkEndToEnd_sirk_end_to_end_satisfiable (attempt 1)
18:23:55 thm:BookProof_ChapterSirkEndToEnd_sirk_end_to_end_satisfiable: FAIL (local compile failed: /home/leo/prove2me_workspace/Theorems/Thm_BookProof_ChapterSirkEndToEnd_sirk_end_to_end_satisfiable.lean:20:5: error: unknown na)
18:23:55 processing thm:BookProof_ChapterSirkEndToEnd_sirk_error_bound_at (attempt 1)
18:23:58 thm:BookProof_ChapterSirkEndToEnd_sirk_error_bound_at: FAIL (local compile failed: /home/leo/prove2me_workspace/Theorems/Thm_BookProof_ChapterSirkEndToEnd_sirk_error_bound_at.lean:20:5: error: unknown namespace )
18:23:58 processing thm:BookProof_ChapterSirkEndToEnd_sirk_flow_error_tendsto_zero (attempt 1)
18:23:58 def:ChapterMajoranaProp76: FAIL (submit-definition rejected: {"error": "A theorem or definition with name \"ChapterMajoranaProp76\" already exists"})
18:23:58 processing thm:BookProof_ChapterMajoranaProp76_LinearIsometryEquiv_isNote4Unitary (attempt 2)
18:24:02 thm:BookProof_ChapterSirkEndToEnd_sirk_flow_error_tendsto_zero: FAIL (local compile failed: /home/leo/prove2me_workspace/Theorems/Thm_BookProof_ChapterSirkEndToEnd_sirk_flow_error_tendsto_zero.lean:20:5: error: unknown n)
18:24:02 processing thm:BookProof_ChapterSirkEndToEnd_sirk_flow_error_uniform_in_time (attempt 1)
18:24:02 thm:BookProof_ChapterMajoranaProp76_LinearIsometryEquiv_isNote4Unitary: FAIL (local compile failed: /home/leo/prove2me_workspace/Theorems/Thm_BookProof_ChapterMajoranaProp76_LinearIsometryEquiv_isNote4Unitary.lean:5:5: error: un)
18:24:02 processing thm:BookProof_ChapterSirkGroupTransfer_norm_pow_le_of_le (attempt 2)
18:24:05 thm:BookProof_ChapterSirkEndToEnd_sirk_flow_error_uniform_in_time: FAIL (local compile failed: /home/leo/prove2me_workspace/Theorems/Thm_BookProof_ChapterSirkEndToEnd_sirk_flow_error_uniform_in_time.lean:20:5: error: unknow)
18:24:05 processing thm:BookProof_ChapterSirkEndToEnd_tendsto_zero_of_le_sirkBound (attempt 1)
18:24:06 thm:BookProof_ChapterSirkGroupTransfer_norm_pow_le_of_le: FAIL (cannot split formal_statement from /home/leo/prove2me_workspace/Theorems/Thm_BookProof_ChapterSirkGroupTransfer_norm_pow_le_of_le.lean)
18:24:06 processing thm:BookProof_ChapterSirkGroupTransfer_norm_pow_sub_pow_le (attempt 2)
18:24:09 thm:BookProof_ChapterSirkEndToEnd_tendsto_zero_of_le_sirkBound: FAIL (local compile failed: /home/leo/prove2me_workspace/Theorems/Thm_BookProof_ChapterSirkEndToEnd_tendsto_zero_of_le_sirkBound.lean:20:5: error: unknown n)
18:24:09 processing thm:BookProof_ChapterSirkPerSystem_diagKR_sirk_crouzeix_domain (attempt 1)
18:24:10 thm:BookProof_ChapterSirkGroupTransfer_norm_pow_sub_pow_le: FAIL (cannot split formal_statement from /home/leo/prove2me_workspace/Theorems/Thm_BookProof_ChapterSirkGroupTransfer_norm_pow_sub_pow_le.lean)
18:24:10 processing thm:BookProof_ChapterSirkGroupTransfer_groupFlow_zero (attempt 2)
18:24:11 thm:BookProof_ChapterSirkPerSystem_diagKR_sirk_crouzeix_domain: FAIL (local compile failed: /home/leo/prove2me_workspace/Theorems/Thm_BookProof_ChapterSirkPerSystem_diagKR_sirk_crouzeix_domain.lean:2:0: error: object fil)
18:24:11 processing thm:BookProof_ChapterSirkPerSystem_lagrangian_sirk_crouzeix_domain (attempt 1)
18:24:12 thm:BookProof_ChapterSirkPerSystem_lagrangian_sirk_crouzeix_domain: FAIL (local compile failed: /home/leo/prove2me_workspace/Theorems/Thm_BookProof_ChapterSirkPerSystem_lagrangian_sirk_crouzeix_domain.lean:2:0: error: object)
18:24:12 processing thm:BookProof_ChapterSirkPerSystem_nsDiff_sirk_crouzeix_domain (attempt 1)
18:24:13 thm:BookProof_ChapterSirkGroupTransfer_groupFlow_zero: FAIL (cannot split formal_statement from /home/leo/prove2me_workspace/Theorems/Thm_BookProof_ChapterSirkGroupTransfer_groupFlow_zero.lean)
18:24:13 processing thm:BookProof_ChapterSirkDiffusiveDecay_hasDerivAt_heatFlow_apply (attempt 2)
18:24:14 thm:BookProof_ChapterSirkPerSystem_nsDiff_sirk_crouzeix_domain: FAIL (local compile failed: /home/leo/prove2me_workspace/Theorems/Thm_BookProof_ChapterSirkPerSystem_nsDiff_sirk_crouzeix_domain.lean:2:0: error: object fil)
18:24:14 processing thm:BookProof_ChapterSirkPerSystem_ns_sirk_crouzeix_domain (attempt 1)
18:24:15 thm:BookProof_ChapterSirkPerSystem_ns_sirk_crouzeix_domain: FAIL (local compile failed: /home/leo/prove2me_workspace/Theorems/Thm_BookProof_ChapterSirkPerSystem_ns_sirk_crouzeix_domain.lean:2:0: error: object file '/)
18:24:15 processing thm:BookProof_ChapterSirkPerSystem_qgR2_shiftInvert_selects (attempt 1)
18:24:17 thm:BookProof_ChapterSirkPerSystem_qgR2_shiftInvert_selects: FAIL (local compile failed: /home/leo/prove2me_workspace/Theorems/Thm_BookProof_ChapterSirkPerSystem_qgR2_shiftInvert_selects.lean:2:0: error: object file ')
18:24:17 processing thm:BookProof_ChapterSirkPerSystem_qgR2_sirk_crouzeix_domain (attempt 1)
18:24:17 thm:BookProof_ChapterSirkDiffusiveDecay_hasDerivAt_heatFlow_apply: FAIL (local compile failed: /home/leo/prove2me_workspace/Theorems/Thm_BookProof_ChapterSirkDiffusiveDecay_hasDerivAt_heatFlow_apply.lean:17:5: error: unknow)
18:24:17 processing thm:BookProof_ChapterSirkDiffusiveDecay_hasDerivAt_heatFlow_normSq (attempt 2)
18:24:18 thm:BookProof_ChapterSirkPerSystem_qgR2_sirk_crouzeix_domain: FAIL (local compile failed: /home/leo/prove2me_workspace/Theorems/Thm_BookProof_ChapterSirkPerSystem_qgR2_sirk_crouzeix_domain.lean:2:0: error: object file )
18:24:18 processing thm:BookProof_ChapterSirkPerSystem_ym_sirk_crouzeix_domain (attempt 1)
18:24:20 thm:BookProof_ChapterSirkPerSystem_ym_sirk_crouzeix_domain: FAIL (local compile failed: /home/leo/prove2me_workspace/Theorems/Thm_BookProof_ChapterSirkPerSystem_ym_sirk_crouzeix_domain.lean:2:0: error: object file '/)
18:24:20 processing thm:BookProof_ChapterSirkWhitening_adjoint_comp_rangeProj (attempt 1)
18:24:20 thm:BookProof_ChapterSirkDiffusiveDecay_hasDerivAt_heatFlow_normSq: FAIL (local compile failed: /home/leo/prove2me_workspace/Theorems/Thm_BookProof_ChapterSirkDiffusiveDecay_hasDerivAt_heatFlow_normSq.lean:17:5: error: unkno)
18:24:20 processing thm:BookProof_ChapterSirkDiffusiveDecay_heatFlow_apply_comm (attempt 2)
18:24:24 thm:BookProof_ChapterSirkWhitening_adjoint_comp_rangeProj: FAIL (local compile failed: /home/leo/prove2me_workspace/Theorems/Thm_BookProof_ChapterSirkWhitening_adjoint_comp_rangeProj.lean:15:5: error: unknown namesp)
18:24:24 processing thm:BookProof_ChapterSirkWhitening_compress_conj_whitening (attempt 1)
18:24:24 thm:BookProof_ChapterSirkDiffusiveDecay_heatFlow_apply_comm: FAIL (local compile failed: /home/leo/prove2me_workspace/Theorems/Thm_BookProof_ChapterSirkDiffusiveDecay_heatFlow_apply_comm.lean:17:5: error: unknown name)
18:24:24 processing thm:BookProof_ChapterSirkDiffusiveDecay_heatFlow_zero (attempt 2)
18:24:27 thm:BookProof_ChapterSirkDiffusiveDecay_heatFlow_zero: FAIL (local compile failed: /home/leo/prove2me_workspace/Theorems/Thm_BookProof_ChapterSirkDiffusiveDecay_heatFlow_zero.lean:17:5: error: unknown namespace )
18:24:27 processing thm:BookProof_ChapterSirkDiffusiveDecay_isCoercive_add_algebraMap (attempt 2)
18:24:28 thm:BookProof_ChapterSirkWhitening_compress_conj_whitening: FAIL (local compile failed: /home/leo/prove2me_workspace/Theorems/Thm_BookProof_ChapterSirkWhitening_compress_conj_whitening.lean:15:5: error: unknown names)
18:24:28 processing thm:BookProof_ChapterSirkWhitening_compress_reconstruct_eq (attempt 1)
18:24:31 thm:BookProof_ChapterSirkDiffusiveDecay_isCoercive_add_algebraMap: FAIL (local compile failed: /home/leo/prove2me_workspace/Theorems/Thm_BookProof_ChapterSirkDiffusiveDecay_isCoercive_add_algebraMap.lean:17:5: error: unknow)
18:24:31 processing thm:BookProof_ChapterSirkDiffusiveDecay_isCoercive_compress (attempt 2)
18:24:31 thm:BookProof_ChapterSirkWhitening_compress_reconstruct_eq: FAIL (local compile failed: /home/leo/prove2me_workspace/Theorems/Thm_BookProof_ChapterSirkWhitening_compress_reconstruct_eq.lean:15:5: error: unknown names)
18:24:31 processing thm:BookProof_ChapterSirkWhitening_embedding_comp_whiteningEquiv (attempt 1)
18:24:35 thm:BookProof_ChapterSirkDiffusiveDecay_isCoercive_compress: FAIL (local compile failed: /home/leo/prove2me_workspace/Theorems/Thm_BookProof_ChapterSirkDiffusiveDecay_isCoercive_compress.lean:17:5: error: unknown name)
18:24:35 processing thm:BookProof_ChapterSirkDiffusiveDecay_norm_embedding (attempt 2)
18:24:35 thm:BookProof_ChapterSirkWhitening_embedding_comp_whiteningEquiv: FAIL (local compile failed: /home/leo/prove2me_workspace/Theorems/Thm_BookProof_ChapterSirkWhitening_embedding_comp_whiteningEquiv.lean:15:5: error: unknown)
18:24:35 processing thm:BookProof_ChapterSirkWhitening_rangeProj_adjoint (attempt 1)
18:24:39 thm:BookProof_ChapterSirkDiffusiveDecay_norm_embedding: FAIL (local compile failed: /home/leo/prove2me_workspace/Theorems/Thm_BookProof_ChapterSirkDiffusiveDecay_norm_embedding.lean:17:5: error: unknown namespace)
18:24:39 processing thm:BookProof_ChapterSirkDiffusiveDecay_norm_heatFlow_apply_le (attempt 2)
18:24:39 thm:BookProof_ChapterSirkWhitening_rangeProj_adjoint: FAIL (local compile failed: /home/leo/prove2me_workspace/Theorems/Thm_BookProof_ChapterSirkWhitening_rangeProj_adjoint.lean:15:5: error: unknown namespace `)
18:24:39 processing thm:BookProof_ChapterSirkWhitening_rangeProj_apply (attempt 1)
18:24:42 thm:BookProof_ChapterSirkDiffusiveDecay_norm_heatFlow_apply_le: FAIL (local compile failed: /home/leo/prove2me_workspace/Theorems/Thm_BookProof_ChapterSirkDiffusiveDecay_norm_heatFlow_apply_le.lean:17:5: error: unknown n)
18:24:42 processing thm:BookProof_ChapterSirkDiffusiveDecay_norm_heatFlow_compress_apply_le (attempt 1)
18:24:43 thm:BookProof_ChapterSirkWhitening_rangeProj_apply: FAIL (local compile failed: /home/leo/prove2me_workspace/Theorems/Thm_BookProof_ChapterSirkWhitening_rangeProj_apply.lean:15:5: error: unknown namespace `Bo)
18:24:43 processing thm:BookProof_ChapterSirkWhitening_rangeProj_comp_embedding (attempt 1)
18:24:46 thm:BookProof_ChapterSirkDiffusiveDecay_norm_heatFlow_compress_apply_le: FAIL (local compile failed: /home/leo/prove2me_workspace/Theorems/Thm_BookProof_ChapterSirkDiffusiveDecay_norm_heatFlow_compress_apply_le.lean:17:5: error: )
18:24:46 processing thm:BookProof_ChapterSirkDiffusiveDecay_norm_heatFlow_le (attempt 1)
18:24:46 thm:BookProof_ChapterSirkWhitening_rangeProj_comp_embedding: FAIL (local compile failed: /home/leo/prove2me_workspace/Theorems/Thm_BookProof_ChapterSirkWhitening_rangeProj_comp_embedding.lean:15:5: error: unknown name)
18:24:46 processing thm:BookProof_ChapterSirkWhitening_rangeProj_comp_of_le (attempt 1)
18:24:49 thm:BookProof_ChapterSirkDiffusiveDecay_norm_heatFlow_le: FAIL (local compile failed: /home/leo/prove2me_workspace/Theorems/Thm_BookProof_ChapterSirkDiffusiveDecay_norm_heatFlow_le.lean:17:5: error: unknown namespa)
18:24:49 processing thm:BookProof_ChapterSirkEndToEnd_crouzeix_domain_transfer (attempt 1)
18:24:50 thm:BookProof_ChapterSirkWhitening_rangeProj_comp_of_le: FAIL (local compile failed: /home/leo/prove2me_workspace/Theorems/Thm_BookProof_ChapterSirkWhitening_rangeProj_comp_of_le.lean:15:5: error: unknown namespac)
18:24:50 processing thm:BookProof_ChapterSirkWhitening_rangeProj_comp_self (attempt 1)
18:24:53 thm:BookProof_ChapterSirkEndToEnd_crouzeix_domain_transfer: FAIL (local compile failed: /home/leo/prove2me_workspace/Theorems/Thm_BookProof_ChapterSirkEndToEnd_crouzeix_domain_transfer.lean:20:5: error: unknown names)
18:24:53 processing thm:BookProof_ChapterSirkEndToEnd_crouzeix_domain_uniform (attempt 1)
18:24:54 thm:BookProof_ChapterSirkWhitening_rangeProj_comp_self: FAIL (local compile failed: /home/leo/prove2me_workspace/Theorems/Thm_BookProof_ChapterSirkWhitening_rangeProj_comp_self.lean:15:5: error: unknown namespace)
18:24:54 processing thm:BookProof_ChapterSirkWhitening_rangeProj_eq_of_range_eq (attempt 1)
18:24:57 thm:BookProof_ChapterSirkEndToEnd_crouzeix_domain_uniform: FAIL (local compile failed: /home/leo/prove2me_workspace/Theorems/Thm_BookProof_ChapterSirkEndToEnd_crouzeix_domain_uniform.lean:20:5: error: unknown namesp)
18:24:57 processing thm:BookProof_ChapterSirkEndToEnd_norm_sirkApprox_apply_le (attempt 1)
18:24:58 thm:BookProof_ChapterSirkWhitening_rangeProj_eq_of_range_eq: FAIL (local compile failed: /home/leo/prove2me_workspace/Theorems/Thm_BookProof_ChapterSirkWhitening_rangeProj_eq_of_range_eq.lean:15:5: error: unknown name)
18:24:58 processing thm:BookProof_ChapterSirkWhitening_rangeProj_isSelfAdjoint (attempt 1)
18:25:01 thm:BookProof_ChapterSirkEndToEnd_norm_sirkApprox_apply_le: FAIL (local compile failed: /home/leo/prove2me_workspace/Theorems/Thm_BookProof_ChapterSirkEndToEnd_norm_sirkApprox_apply_le.lean:20:5: error: unknown names)
18:25:01 processing thm:BookProof_ChapterSirkEndToEnd_norm_sirkApprox_apply_le_of_isometry (attempt 1)
18:25:01 thm:BookProof_ChapterSirkWhitening_rangeProj_isSelfAdjoint: FAIL (local compile failed: /home/leo/prove2me_workspace/Theorems/Thm_BookProof_ChapterSirkWhitening_rangeProj_isSelfAdjoint.lean:15:5: error: unknown names)
18:25:01 processing thm:BookProof_ChapterSirkWhitening_sirkApprox_eq_of_range_eq (attempt 1)
18:25:04 thm:BookProof_ChapterSirkEndToEnd_norm_sirkApprox_apply_le_of_isometry: FAIL (local compile failed: /home/leo/prove2me_workspace/Theorems/Thm_BookProof_ChapterSirkEndToEnd_norm_sirkApprox_apply_le_of_isometry.lean:20:5: error: u)
18:25:04 processing thm:BookProof_ChapterSirkEndToEnd_sirkApprox_apply (attempt 1)
18:25:05 thm:BookProof_ChapterSirkWhitening_sirkApprox_eq_of_range_eq: FAIL (local compile failed: /home/leo/prove2me_workspace/Theorems/Thm_BookProof_ChapterSirkWhitening_sirkApprox_eq_of_range_eq.lean:15:5: error: unknown nam)
18:25:05 processing thm:BookProof_ChapterSirkWhitening_whiteningEquiv_isometry (attempt 1)
18:25:08 thm:BookProof_ChapterSirkEndToEnd_sirkApprox_apply: FAIL (local compile failed: /home/leo/prove2me_workspace/Theorems/Thm_BookProof_ChapterSirkEndToEnd_sirkApprox_apply.lean:20:5: error: unknown namespace `Bo)
18:25:08 processing thm:BookProof_ChapterSirkEndToEnd_sirkApprox_id (attempt 1)
18:25:09 thm:BookProof_ChapterSirkWhitening_whiteningEquiv_isometry: FAIL (local compile failed: /home/leo/prove2me_workspace/Theorems/Thm_BookProof_ChapterSirkWhitening_whiteningEquiv_isometry.lean:15:5: error: unknown names)
18:25:09 processing thm:BookProof_ChapterSirkWhitening_whiteningEquiv_left_inverse (attempt 1)
18:25:12 thm:BookProof_ChapterSirkEndToEnd_sirkApprox_id: FAIL (local compile failed: /home/leo/prove2me_workspace/Theorems/Thm_BookProof_ChapterSirkEndToEnd_sirkApprox_id.lean:20:5: error: unknown namespace `BookP)
18:25:12 processing thm:BookProof_ChapterSirkEndToEnd_sirkReconstruction_isIdempotent (attempt 1)
18:25:13 thm:BookProof_ChapterSirkWhitening_whiteningEquiv_left_inverse: FAIL (local compile failed: /home/leo/prove2me_workspace/Theorems/Thm_BookProof_ChapterSirkWhitening_whiteningEquiv_left_inverse.lean:15:5: error: unknown n)
18:25:13 processing sol:BookProof_ChapterMajoranaProp76_LinearIsometryEquiv_isNote4Unitary (attempt 1)
18:25:13 sol:BookProof_ChapterMajoranaProp76_LinearIsometryEquiv_isNote4Unitary: FAIL (theorem not published yet)
18:25:13 processing sol:BookProof_ChapterMajoranaProp76_note4_comp (attempt 1)
18:25:13 sol:BookProof_ChapterMajoranaProp76_note4_comp: DONE
18:25:13 processing sol:BookProof_ChapterMajoranaProp76_note4_conj (attempt 1)
18:25:13 sol:BookProof_ChapterMajoranaProp76_note4_conj: DONE
18:25:13 processing sol:BookProof_ChapterMajoranaProp76_energyTransform_unitary (attempt 1)
18:25:13 sol:BookProof_ChapterMajoranaProp76_energyTransform_unitary: DONE
18:25:13 processing sol:BookProof_ChapterMajoranaProp76_energyMomentum_unitary (attempt 1)
18:25:13 sol:BookProof_ChapterMajoranaProp76_energyMomentum_unitary: DONE
18:25:13 processing sol:BookProof_ChapterMajoranaProp76_fourierTransform_isNote4Unitary (attempt 1)
18:25:13 sol:BookProof_ChapterMajoranaProp76_fourierTransform_isNote4Unitary: DONE
18:25:13 processing sol:BookProof_ChapterMajoranaProp76_energyTransform_fourier_unitary (attempt 1)
18:25:13 sol:BookProof_ChapterMajoranaProp76_energyTransform_fourier_unitary: DONE
18:25:13 processing sol:BookProof_YangMillsSU3_structureConstant_formula (attempt 1)
18:25:13 sol:BookProof_YangMillsSU3_structureConstant_formula: DONE
18:25:13 processing sol:BookProof_YangMillsSU3_structureConstant_antisymm_swap (attempt 1)
18:25:13 sol:BookProof_YangMillsSU3_structureConstant_antisymm_swap: DONE
18:25:13 processing sol:BookProof_YangMillsSU3_structureConstant_antisymm_rotate (attempt 1)
18:25:13 sol:BookProof_YangMillsSU3_structureConstant_antisymm_rotate: DONE
18:25:13 processing sol:BookProof_YangMillsSU3_structureConstant_totally_antisymmetric (attempt 1)
18:25:13 sol:BookProof_YangMillsSU3_structureConstant_totally_antisymmetric: DONE
18:25:13 processing sol:BookProof_YangMillsSU3_structureConstant_jacobi (attempt 1)
18:25:13 sol:BookProof_YangMillsSU3_structureConstant_jacobi: DONE
18:25:13 processing sol:BookProof_ChapterSirkGroupTransfer_norm_pow_le_of_le (attempt 1)
18:25:13 sol:BookProof_ChapterSirkGroupTransfer_norm_pow_le_of_le: FAIL (theorem not published yet)
18:25:13 processing sol:BookProof_ChapterSirkGroupTransfer_norm_pow_sub_pow_le (attempt 1)
18:25:13 sol:BookProof_ChapterSirkGroupTransfer_norm_pow_sub_pow_le: FAIL (theorem not published yet)
18:25:13 processing sol:BookProof_ChapterSirkGroupTransfer_norm_exp_sub_exp_le (attempt 1)
18:25:13 sol:BookProof_ChapterSirkGroupTransfer_norm_exp_sub_exp_le: DONE
18:25:13 processing sol:BookProof_ChapterSirkGroupTransfer_groupFlow_zero (attempt 1)
18:25:13 sol:BookProof_ChapterSirkGroupTransfer_groupFlow_zero: FAIL (theorem not published yet)
18:25:13 processing sol:BookProof_ChapterSirkGroupTransfer_norm_groupFlow_sub_le (attempt 1)
18:25:13 sol:BookProof_ChapterSirkGroupTransfer_norm_groupFlow_sub_le: DONE
18:25:13 processing sol:BookProof_ChapterSirkGroupTransfer_groupFlow_transfer_uniform_on_interval (attempt 1)
18:25:13 sol:BookProof_ChapterSirkGroupTransfer_groupFlow_transfer_uniform_on_interval: DONE
18:25:13 processing sol:BookProof_ChapterSirkDiffusiveDecay_hasDerivAt_heatFlow_apply (attempt 1)
18:25:13 sol:BookProof_ChapterSirkDiffusiveDecay_hasDerivAt_heatFlow_apply: FAIL (theorem not published yet)
18:25:13 processing sol:BookProof_ChapterSirkDiffusiveDecay_hasDerivAt_heatFlow_normSq (attempt 1)
18:25:13 sol:BookProof_ChapterSirkDiffusiveDecay_hasDerivAt_heatFlow_normSq: FAIL (theorem not published yet)
18:25:13 processing sol:BookProof_ChapterSirkDiffusiveDecay_heatFlow_apply_comm (attempt 1)
18:25:13 sol:BookProof_ChapterSirkDiffusiveDecay_heatFlow_apply_comm: FAIL (theorem not published yet)
18:25:13 processing sol:BookProof_ChapterSirkDiffusiveDecay_heatFlow_zero (attempt 1)
18:25:13 sol:BookProof_ChapterSirkDiffusiveDecay_heatFlow_zero: FAIL (theorem not published yet)
18:25:13 processing sol:BookProof_ChapterSirkDiffusiveDecay_isCoercive_add_algebraMap (attempt 1)
18:25:13 sol:BookProof_ChapterSirkDiffusiveDecay_isCoercive_add_algebraMap: FAIL (theorem not published yet)
18:25:13 processing sol:BookProof_ChapterSirkDiffusiveDecay_isCoercive_compress (attempt 1)
18:25:13 sol:BookProof_ChapterSirkDiffusiveDecay_isCoercive_compress: FAIL (theorem not published yet)
18:25:13 processing sol:BookProof_ChapterSirkDiffusiveDecay_norm_embedding (attempt 1)
18:25:13 sol:BookProof_ChapterSirkDiffusiveDecay_norm_embedding: FAIL (theorem not published yet)
18:25:13 processing sol:BookProof_ChapterSirkDiffusiveDecay_norm_heatFlow_apply_le (attempt 1)
18:25:13 sol:BookProof_ChapterSirkDiffusiveDecay_norm_heatFlow_apply_le: FAIL (theorem not published yet)
18:25:13 processing sol:BookProof_ChapterSirkDiffusiveDecay_norm_heatFlow_compress_apply_le (attempt 1)
18:25:13 sol:BookProof_ChapterSirkDiffusiveDecay_norm_heatFlow_compress_apply_le: FAIL (theorem not published yet)
18:25:13 processing sol:BookProof_ChapterSirkDiffusiveDecay_norm_heatFlow_le (attempt 1)
18:25:13 sol:BookProof_ChapterSirkDiffusiveDecay_norm_heatFlow_le: FAIL (theorem not published yet)
18:25:13 processing sol:BookProof_ChapterSirkEndToEnd_crouzeix_domain_transfer (attempt 1)
18:25:13 sol:BookProof_ChapterSirkEndToEnd_crouzeix_domain_transfer: FAIL (theorem not published yet)
18:25:13 processing sol:BookProof_ChapterSirkEndToEnd_crouzeix_domain_uniform (attempt 1)
18:25:13 sol:BookProof_ChapterSirkEndToEnd_crouzeix_domain_uniform: FAIL (theorem not published yet)
18:25:13 processing sol:BookProof_ChapterSirkEndToEnd_norm_sirkApprox_apply_le (attempt 1)
18:25:13 sol:BookProof_ChapterSirkEndToEnd_norm_sirkApprox_apply_le: FAIL (theorem not published yet)
18:25:13 processing sol:BookProof_ChapterSirkEndToEnd_norm_sirkApprox_apply_le_of_isometry (attempt 1)
18:25:13 sol:BookProof_ChapterSirkEndToEnd_norm_sirkApprox_apply_le_of_isometry: FAIL (theorem not published yet)
18:25:13 processing sol:BookProof_ChapterSirkEndToEnd_sirkApprox_apply (attempt 1)
18:25:13 sol:BookProof_ChapterSirkEndToEnd_sirkApprox_apply: FAIL (theorem not published yet)
18:25:13 processing sol:BookProof_ChapterSirkEndToEnd_sirkApprox_id (attempt 1)
18:25:13 sol:BookProof_ChapterSirkEndToEnd_sirkApprox_id: FAIL (theorem not published yet)
18:25:13 processing sol:BookProof_ChapterSirkEndToEnd_sirkReconstruction_isIdempotent (attempt 1)
18:25:13 sol:BookProof_ChapterSirkEndToEnd_sirkReconstruction_isIdempotent: FAIL (theorem not published yet)
18:25:13 processing sol:BookProof_ChapterSirkEndToEnd_sirkReconstruction_isSelfAdjoint (attempt 1)
18:25:13 sol:BookProof_ChapterSirkEndToEnd_sirkReconstruction_isSelfAdjoint: FAIL (theorem not published yet)
18:25:13 processing sol:BookProof_ChapterSirkEndToEnd_sirk_end_to_end (attempt 1)
18:25:13 sol:BookProof_ChapterSirkEndToEnd_sirk_end_to_end: FAIL (theorem not published yet)
18:25:13 processing sol:BookProof_ChapterSirkEndToEnd_sirk_end_to_end_satisfiable (attempt 1)
18:25:13 sol:BookProof_ChapterSirkEndToEnd_sirk_end_to_end_satisfiable: FAIL (theorem not published yet)
18:25:13 processing sol:BookProof_ChapterSirkEndToEnd_sirk_error_bound_at (attempt 1)
18:25:13 sol:BookProof_ChapterSirkEndToEnd_sirk_error_bound_at: FAIL (theorem not published yet)
18:25:13 processing sol:BookProof_ChapterSirkEndToEnd_sirk_flow_error_tendsto_zero (attempt 1)
18:25:13 sol:BookProof_ChapterSirkEndToEnd_sirk_flow_error_tendsto_zero: FAIL (theorem not published yet)
18:25:13 processing sol:BookProof_ChapterSirkEndToEnd_sirk_flow_error_uniform_in_time (attempt 1)
18:25:13 sol:BookProof_ChapterSirkEndToEnd_sirk_flow_error_uniform_in_time: FAIL (theorem not published yet)
18:25:13 processing sol:BookProof_ChapterSirkEndToEnd_tendsto_zero_of_le_sirkBound (attempt 1)
18:25:13 sol:BookProof_ChapterSirkEndToEnd_tendsto_zero_of_le_sirkBound: FAIL (theorem not published yet)
18:25:13 processing sol:BookProof_ChapterSirkPerSystem_diagKR_sirk_crouzeix_domain (attempt 1)
18:25:13 sol:BookProof_ChapterSirkPerSystem_diagKR_sirk_crouzeix_domain: FAIL (theorem not published yet)
18:25:13 processing sol:BookProof_ChapterSirkPerSystem_lagrangian_sirk_crouzeix_domain (attempt 1)
18:25:13 sol:BookProof_ChapterSirkPerSystem_lagrangian_sirk_crouzeix_domain: FAIL (theorem not published yet)
18:25:13 processing sol:BookProof_ChapterSirkPerSystem_nsDiff_sirk_crouzeix_domain (attempt 1)
18:25:13 sol:BookProof_ChapterSirkPerSystem_nsDiff_sirk_crouzeix_domain: FAIL (theorem not published yet)
18:25:13 processing sol:BookProof_ChapterSirkPerSystem_ns_sirk_crouzeix_domain (attempt 1)
18:25:13 sol:BookProof_ChapterSirkPerSystem_ns_sirk_crouzeix_domain: FAIL (theorem not published yet)
18:25:13 processing sol:BookProof_ChapterSirkPerSystem_qgR2_shiftInvert_selects (attempt 1)
18:25:13 sol:BookProof_ChapterSirkPerSystem_qgR2_shiftInvert_selects: FAIL (theorem not published yet)
18:25:13 processing sol:BookProof_ChapterSirkPerSystem_qgR2_sirk_crouzeix_domain (attempt 1)
18:25:13 sol:BookProof_ChapterSirkPerSystem_qgR2_sirk_crouzeix_domain: FAIL (theorem not published yet)
18:25:13 processing sol:BookProof_ChapterSirkPerSystem_ym_sirk_crouzeix_domain (attempt 1)
18:25:13 sol:BookProof_ChapterSirkPerSystem_ym_sirk_crouzeix_domain: FAIL (theorem not published yet)
18:25:13 processing sol:BookProof_ChapterSirkWhitening_adjoint_comp_rangeProj (attempt 1)
18:25:13 sol:BookProof_ChapterSirkWhitening_adjoint_comp_rangeProj: FAIL (theorem not published yet)
18:25:13 processing sol:BookProof_ChapterSirkWhitening_compress_conj_whitening (attempt 1)
18:25:13 sol:BookProof_ChapterSirkWhitening_compress_conj_whitening: FAIL (theorem not published yet)
18:25:13 processing sol:BookProof_ChapterSirkWhitening_compress_reconstruct_eq (attempt 1)
18:25:13 sol:BookProof_ChapterSirkWhitening_compress_reconstruct_eq: FAIL (theorem not published yet)
18:25:13 processing sol:BookProof_ChapterSirkWhitening_embedding_comp_whiteningEquiv (attempt 1)
18:25:13 sol:BookProof_ChapterSirkWhitening_embedding_comp_whiteningEquiv: FAIL (theorem not published yet)
18:25:13 processing sol:BookProof_ChapterSirkWhitening_rangeProj_adjoint (attempt 1)
18:25:13 sol:BookProof_ChapterSirkWhitening_rangeProj_adjoint: FAIL (theorem not published yet)
18:25:13 processing sol:BookProof_ChapterSirkWhitening_rangeProj_apply (attempt 1)
18:25:13 sol:BookProof_ChapterSirkWhitening_rangeProj_apply: FAIL (theorem not published yet)
18:25:13 processing sol:BookProof_ChapterSirkWhitening_rangeProj_comp_embedding (attempt 1)
18:25:13 sol:BookProof_ChapterSirkWhitening_rangeProj_comp_embedding: FAIL (theorem not published yet)
18:25:13 processing sol:BookProof_ChapterSirkWhitening_rangeProj_comp_of_le (attempt 1)
18:25:13 sol:BookProof_ChapterSirkWhitening_rangeProj_comp_of_le: FAIL (theorem not published yet)
18:25:13 processing sol:BookProof_ChapterSirkWhitening_rangeProj_comp_self (attempt 1)
18:25:13 sol:BookProof_ChapterSirkWhitening_rangeProj_comp_self: FAIL (theorem not published yet)
18:25:13 processing sol:BookProof_ChapterSirkWhitening_rangeProj_eq_of_range_eq (attempt 1)
18:25:13 sol:BookProof_ChapterSirkWhitening_rangeProj_eq_of_range_eq: FAIL (theorem not published yet)
18:25:13 processing sol:BookProof_ChapterSirkWhitening_rangeProj_isSelfAdjoint (attempt 1)
18:25:13 sol:BookProof_ChapterSirkWhitening_rangeProj_isSelfAdjoint: FAIL (theorem not published yet)
18:25:13 processing sol:BookProof_ChapterSirkWhitening_sirkApprox_eq_of_range_eq (attempt 1)
18:25:13 sol:BookProof_ChapterSirkWhitening_sirkApprox_eq_of_range_eq: FAIL (theorem not published yet)
18:25:13 processing sol:BookProof_ChapterSirkWhitening_whiteningEquiv_isometry (attempt 1)
18:25:13 sol:BookProof_ChapterSirkWhitening_whiteningEquiv_isometry: FAIL (theorem not published yet)
18:25:13 processing sol:BookProof_ChapterSirkWhitening_whiteningEquiv_left_inverse (attempt 1)
18:25:13 sol:BookProof_ChapterSirkWhitening_whiteningEquiv_left_inverse: FAIL (theorem not published yet)
18:25:13 summary: 254 done, 163 pending, 0 failed
18:25:15 thm:BookProof_ChapterSirkEndToEnd_sirkReconstruction_isIdempotent: FAIL (local compile failed: /home/leo/prove2me_workspace/Theorems/Thm_BookProof_ChapterSirkEndToEnd_sirkReconstruction_isIdempotent.lean:20:5: error: unknow)
18:25:15 processing thm:BookProof_ChapterSirkEndToEnd_sirkReconstruction_isSelfAdjoint (attempt 1)
18:25:18 thm:BookProof_ChapterSirkEndToEnd_sirkReconstruction_isSelfAdjoint: FAIL (local compile failed: /home/leo/prove2me_workspace/Theorems/Thm_BookProof_ChapterSirkEndToEnd_sirkReconstruction_isSelfAdjoint.lean:20:5: error: unkno)
18:25:18 processing thm:BookProof_ChapterSirkEndToEnd_sirk_end_to_end (attempt 1)
18:25:23 thm:BookProof_ChapterSirkEndToEnd_sirk_end_to_end: FAIL (local compile failed: /home/leo/prove2me_workspace/Theorems/Thm_BookProof_ChapterSirkEndToEnd_sirk_end_to_end.lean:20:5: error: unknown namespace `Boo)
18:25:23 processing thm:BookProof_ChapterSirkEndToEnd_sirk_end_to_end_satisfiable (attempt 1)
18:25:26 thm:BookProof_ChapterSirkEndToEnd_sirk_end_to_end_satisfiable: FAIL (local compile failed: /home/leo/prove2me_workspace/Theorems/Thm_BookProof_ChapterSirkEndToEnd_sirk_end_to_end_satisfiable.lean:20:5: error: unknown na)
18:25:26 processing thm:BookProof_ChapterSirkEndToEnd_sirk_error_bound_at (attempt 1)
18:25:30 thm:BookProof_ChapterSirkEndToEnd_sirk_error_bound_at: FAIL (local compile failed: /home/leo/prove2me_workspace/Theorems/Thm_BookProof_ChapterSirkEndToEnd_sirk_error_bound_at.lean:20:5: error: unknown namespace )
18:25:30 processing thm:BookProof_ChapterSirkEndToEnd_sirk_flow_error_tendsto_zero (attempt 1)
18:25:33 thm:BookProof_ChapterSirkEndToEnd_sirk_flow_error_tendsto_zero: FAIL (local compile failed: /home/leo/prove2me_workspace/Theorems/Thm_BookProof_ChapterSirkEndToEnd_sirk_flow_error_tendsto_zero.lean:20:5: error: unknown n)
18:25:33 processing thm:BookProof_ChapterSirkEndToEnd_sirk_flow_error_uniform_in_time (attempt 1)
18:25:36 thm:BookProof_ChapterSirkEndToEnd_sirk_flow_error_uniform_in_time: FAIL (local compile failed: /home/leo/prove2me_workspace/Theorems/Thm_BookProof_ChapterSirkEndToEnd_sirk_flow_error_uniform_in_time.lean:20:5: error: unknow)
18:25:36 processing thm:BookProof_ChapterSirkEndToEnd_tendsto_zero_of_le_sirkBound (attempt 1)
18:25:39 thm:BookProof_ChapterSirkEndToEnd_tendsto_zero_of_le_sirkBound: FAIL (local compile failed: /home/leo/prove2me_workspace/Theorems/Thm_BookProof_ChapterSirkEndToEnd_tendsto_zero_of_le_sirkBound.lean:20:5: error: unknown n)
18:25:39 processing thm:BookProof_ChapterSirkPerSystem_diagKR_sirk_crouzeix_domain (attempt 1)
18:25:40 thm:BookProof_ChapterSirkPerSystem_diagKR_sirk_crouzeix_domain: FAIL (local compile failed: /home/leo/prove2me_workspace/Theorems/Thm_BookProof_ChapterSirkPerSystem_diagKR_sirk_crouzeix_domain.lean:2:0: error: object fil)
18:25:40 processing thm:BookProof_ChapterSirkPerSystem_lagrangian_sirk_crouzeix_domain (attempt 1)
18:25:42 thm:BookProof_ChapterSirkPerSystem_lagrangian_sirk_crouzeix_domain: FAIL (local compile failed: /home/leo/prove2me_workspace/Theorems/Thm_BookProof_ChapterSirkPerSystem_lagrangian_sirk_crouzeix_domain.lean:2:0: error: object)
18:25:42 processing thm:BookProof_ChapterSirkPerSystem_nsDiff_sirk_crouzeix_domain (attempt 1)
18:25:43 thm:BookProof_ChapterSirkPerSystem_nsDiff_sirk_crouzeix_domain: FAIL (local compile failed: /home/leo/prove2me_workspace/Theorems/Thm_BookProof_ChapterSirkPerSystem_nsDiff_sirk_crouzeix_domain.lean:2:0: error: object fil)
18:25:43 processing thm:BookProof_ChapterSirkPerSystem_ns_sirk_crouzeix_domain (attempt 1)
18:25:44 thm:BookProof_ChapterSirkPerSystem_ns_sirk_crouzeix_domain: FAIL (local compile failed: /home/leo/prove2me_workspace/Theorems/Thm_BookProof_ChapterSirkPerSystem_ns_sirk_crouzeix_domain.lean:2:0: error: object file '/)
18:25:44 processing thm:BookProof_ChapterSirkPerSystem_qgR2_shiftInvert_selects (attempt 1)
18:25:46 thm:BookProof_ChapterSirkPerSystem_qgR2_shiftInvert_selects: FAIL (local compile failed: /home/leo/prove2me_workspace/Theorems/Thm_BookProof_ChapterSirkPerSystem_qgR2_shiftInvert_selects.lean:2:0: error: object file ')
18:25:46 processing thm:BookProof_ChapterSirkPerSystem_qgR2_sirk_crouzeix_domain (attempt 1)
18:25:47 thm:BookProof_ChapterSirkPerSystem_qgR2_sirk_crouzeix_domain: FAIL (local compile failed: /home/leo/prove2me_workspace/Theorems/Thm_BookProof_ChapterSirkPerSystem_qgR2_sirk_crouzeix_domain.lean:2:0: error: object file )
18:25:47 processing thm:BookProof_ChapterSirkPerSystem_ym_sirk_crouzeix_domain (attempt 1)
18:25:48 thm:BookProof_ChapterSirkPerSystem_ym_sirk_crouzeix_domain: FAIL (local compile failed: /home/leo/prove2me_workspace/Theorems/Thm_BookProof_ChapterSirkPerSystem_ym_sirk_crouzeix_domain.lean:2:0: error: object file '/)
18:25:48 processing thm:BookProof_ChapterSirkWhitening_adjoint_comp_rangeProj (attempt 1)
18:25:52 thm:BookProof_ChapterSirkWhitening_adjoint_comp_rangeProj: FAIL (local compile failed: /home/leo/prove2me_workspace/Theorems/Thm_BookProof_ChapterSirkWhitening_adjoint_comp_rangeProj.lean:15:5: error: unknown namesp)
18:25:52 processing thm:BookProof_ChapterSirkWhitening_compress_conj_whitening (attempt 1)
18:25:55 thm:BookProof_ChapterSirkWhitening_compress_conj_whitening: FAIL (local compile failed: /home/leo/prove2me_workspace/Theorems/Thm_BookProof_ChapterSirkWhitening_compress_conj_whitening.lean:15:5: error: unknown names)
18:25:55 processing thm:BookProof_ChapterSirkWhitening_compress_reconstruct_eq (attempt 1)
18:25:58 thm:BookProof_ChapterSirkWhitening_compress_reconstruct_eq: FAIL (local compile failed: /home/leo/prove2me_workspace/Theorems/Thm_BookProof_ChapterSirkWhitening_compress_reconstruct_eq.lean:15:5: error: unknown names)
18:25:58 processing thm:BookProof_ChapterSirkWhitening_embedding_comp_whiteningEquiv (attempt 1)
18:26:02 thm:BookProof_ChapterSirkWhitening_embedding_comp_whiteningEquiv: FAIL (local compile failed: /home/leo/prove2me_workspace/Theorems/Thm_BookProof_ChapterSirkWhitening_embedding_comp_whiteningEquiv.lean:15:5: error: unknown)
18:26:02 processing thm:BookProof_ChapterSirkWhitening_rangeProj_adjoint (attempt 1)
18:26:05 thm:BookProof_ChapterSirkWhitening_rangeProj_adjoint: FAIL (local compile failed: /home/leo/prove2me_workspace/Theorems/Thm_BookProof_ChapterSirkWhitening_rangeProj_adjoint.lean:15:5: error: unknown namespace `)
18:26:05 processing thm:BookProof_ChapterSirkWhitening_rangeProj_apply (attempt 1)
18:26:08 thm:BookProof_ChapterSirkWhitening_rangeProj_apply: FAIL (local compile failed: /home/leo/prove2me_workspace/Theorems/Thm_BookProof_ChapterSirkWhitening_rangeProj_apply.lean:15:5: error: unknown namespace `Bo)
18:26:08 processing thm:BookProof_ChapterSirkWhitening_rangeProj_comp_embedding (attempt 1)
18:26:11 thm:BookProof_ChapterSirkWhitening_rangeProj_comp_embedding: FAIL (local compile failed: /home/leo/prove2me_workspace/Theorems/Thm_BookProof_ChapterSirkWhitening_rangeProj_comp_embedding.lean:15:5: error: unknown name)
18:26:11 processing thm:BookProof_ChapterSirkWhitening_rangeProj_comp_of_le (attempt 1)
18:26:15 thm:BookProof_ChapterSirkWhitening_rangeProj_comp_of_le: FAIL (local compile failed: /home/leo/prove2me_workspace/Theorems/Thm_BookProof_ChapterSirkWhitening_rangeProj_comp_of_le.lean:15:5: error: unknown namespac)
18:26:15 processing thm:BookProof_ChapterSirkWhitening_rangeProj_comp_self (attempt 1)
18:26:18 thm:BookProof_ChapterSirkWhitening_rangeProj_comp_self: FAIL (local compile failed: /home/leo/prove2me_workspace/Theorems/Thm_BookProof_ChapterSirkWhitening_rangeProj_comp_self.lean:15:5: error: unknown namespace)
18:26:18 processing thm:BookProof_ChapterSirkWhitening_rangeProj_eq_of_range_eq (attempt 1)
18:26:21 thm:BookProof_ChapterSirkWhitening_rangeProj_eq_of_range_eq: FAIL (local compile failed: /home/leo/prove2me_workspace/Theorems/Thm_BookProof_ChapterSirkWhitening_rangeProj_eq_of_range_eq.lean:15:5: error: unknown name)
18:26:21 processing thm:BookProof_ChapterSirkWhitening_rangeProj_isSelfAdjoint (attempt 1)
18:26:24 thm:BookProof_ChapterSirkWhitening_rangeProj_isSelfAdjoint: FAIL (local compile failed: /home/leo/prove2me_workspace/Theorems/Thm_BookProof_ChapterSirkWhitening_rangeProj_isSelfAdjoint.lean:15:5: error: unknown names)
18:26:24 processing thm:BookProof_ChapterSirkWhitening_sirkApprox_eq_of_range_eq (attempt 1)
18:26:28 thm:BookProof_ChapterSirkWhitening_sirkApprox_eq_of_range_eq: FAIL (local compile failed: /home/leo/prove2me_workspace/Theorems/Thm_BookProof_ChapterSirkWhitening_sirkApprox_eq_of_range_eq.lean:15:5: error: unknown nam)
18:26:28 processing thm:BookProof_ChapterSirkWhitening_whiteningEquiv_isometry (attempt 1)
18:26:31 thm:BookProof_ChapterSirkWhitening_whiteningEquiv_isometry: FAIL (local compile failed: /home/leo/prove2me_workspace/Theorems/Thm_BookProof_ChapterSirkWhitening_whiteningEquiv_isometry.lean:15:5: error: unknown names)
18:26:31 processing thm:BookProof_ChapterSirkWhitening_whiteningEquiv_left_inverse (attempt 1)
18:26:35 thm:BookProof_ChapterSirkWhitening_whiteningEquiv_left_inverse: FAIL (local compile failed: /home/leo/prove2me_workspace/Theorems/Thm_BookProof_ChapterSirkWhitening_whiteningEquiv_left_inverse.lean:15:5: error: unknown n)
18:26:35 processing sol:BookProof_ChapterMajoranaProp76_LinearIsometryEquiv_isNote4Unitary (attempt 1)
18:26:35 sol:BookProof_ChapterMajoranaProp76_LinearIsometryEquiv_isNote4Unitary: FAIL (theorem not published yet)
18:26:35 processing sol:BookProof_ChapterMajoranaProp76_note4_comp (attempt 1)
18:26:35 sol:BookProof_ChapterMajoranaProp76_note4_comp: DONE
18:26:35 processing sol:BookProof_ChapterMajoranaProp76_note4_conj (attempt 1)
18:26:35 sol:BookProof_ChapterMajoranaProp76_note4_conj: DONE
18:26:35 processing sol:BookProof_ChapterMajoranaProp76_energyTransform_unitary (attempt 1)
18:26:35 sol:BookProof_ChapterMajoranaProp76_energyTransform_unitary: DONE
18:26:35 processing sol:BookProof_ChapterMajoranaProp76_energyMomentum_unitary (attempt 1)
18:26:35 sol:BookProof_ChapterMajoranaProp76_energyMomentum_unitary: DONE
18:26:35 processing sol:BookProof_ChapterMajoranaProp76_fourierTransform_isNote4Unitary (attempt 1)
18:26:35 sol:BookProof_ChapterMajoranaProp76_fourierTransform_isNote4Unitary: DONE
18:26:35 processing sol:BookProof_ChapterMajoranaProp76_energyTransform_fourier_unitary (attempt 1)
18:26:35 sol:BookProof_ChapterMajoranaProp76_energyTransform_fourier_unitary: DONE
18:26:35 processing sol:BookProof_YangMillsSU3_structureConstant_formula (attempt 1)
18:26:35 sol:BookProof_YangMillsSU3_structureConstant_formula: DONE
18:26:35 processing sol:BookProof_YangMillsSU3_structureConstant_antisymm_swap (attempt 1)
18:26:35 sol:BookProof_YangMillsSU3_structureConstant_antisymm_swap: DONE
18:26:35 processing sol:BookProof_YangMillsSU3_structureConstant_antisymm_rotate (attempt 1)
18:26:35 sol:BookProof_YangMillsSU3_structureConstant_antisymm_rotate: DONE
18:26:35 processing sol:BookProof_YangMillsSU3_structureConstant_totally_antisymmetric (attempt 1)
18:26:35 sol:BookProof_YangMillsSU3_structureConstant_totally_antisymmetric: DONE
18:26:35 processing sol:BookProof_YangMillsSU3_structureConstant_jacobi (attempt 1)
18:26:35 sol:BookProof_YangMillsSU3_structureConstant_jacobi: DONE
18:26:35 processing sol:BookProof_ChapterSirkGroupTransfer_norm_pow_le_of_le (attempt 1)
18:26:35 sol:BookProof_ChapterSirkGroupTransfer_norm_pow_le_of_le: FAIL (theorem not published yet)
18:26:35 processing sol:BookProof_ChapterSirkGroupTransfer_norm_pow_sub_pow_le (attempt 1)
18:26:35 sol:BookProof_ChapterSirkGroupTransfer_norm_pow_sub_pow_le: FAIL (theorem not published yet)
18:26:35 processing sol:BookProof_ChapterSirkGroupTransfer_norm_exp_sub_exp_le (attempt 1)
18:26:35 sol:BookProof_ChapterSirkGroupTransfer_norm_exp_sub_exp_le: DONE
18:26:35 processing sol:BookProof_ChapterSirkGroupTransfer_groupFlow_zero (attempt 1)
18:26:35 sol:BookProof_ChapterSirkGroupTransfer_groupFlow_zero: FAIL (theorem not published yet)
18:26:35 processing sol:BookProof_ChapterSirkGroupTransfer_norm_groupFlow_sub_le (attempt 1)
18:26:35 sol:BookProof_ChapterSirkGroupTransfer_norm_groupFlow_sub_le: DONE
18:26:35 processing sol:BookProof_ChapterSirkGroupTransfer_groupFlow_transfer_uniform_on_interval (attempt 1)
18:26:35 sol:BookProof_ChapterSirkGroupTransfer_groupFlow_transfer_uniform_on_interval: DONE
18:26:35 processing sol:BookProof_ChapterSirkDiffusiveDecay_hasDerivAt_heatFlow_apply (attempt 1)
18:26:35 sol:BookProof_ChapterSirkDiffusiveDecay_hasDerivAt_heatFlow_apply: FAIL (theorem not published yet)
18:26:35 processing sol:BookProof_ChapterSirkDiffusiveDecay_hasDerivAt_heatFlow_normSq (attempt 1)
18:26:35 sol:BookProof_ChapterSirkDiffusiveDecay_hasDerivAt_heatFlow_normSq: FAIL (theorem not published yet)
18:26:35 processing sol:BookProof_ChapterSirkDiffusiveDecay_heatFlow_apply_comm (attempt 1)
18:26:35 sol:BookProof_ChapterSirkDiffusiveDecay_heatFlow_apply_comm: FAIL (theorem not published yet)
18:26:35 processing sol:BookProof_ChapterSirkDiffusiveDecay_heatFlow_zero (attempt 1)
18:26:35 sol:BookProof_ChapterSirkDiffusiveDecay_heatFlow_zero: FAIL (theorem not published yet)
18:26:35 processing sol:BookProof_ChapterSirkDiffusiveDecay_isCoercive_add_algebraMap (attempt 1)
18:26:35 sol:BookProof_ChapterSirkDiffusiveDecay_isCoercive_add_algebraMap: FAIL (theorem not published yet)
18:26:35 processing sol:BookProof_ChapterSirkDiffusiveDecay_isCoercive_compress (attempt 1)
18:26:35 sol:BookProof_ChapterSirkDiffusiveDecay_isCoercive_compress: FAIL (theorem not published yet)
18:26:35 processing sol:BookProof_ChapterSirkDiffusiveDecay_norm_embedding (attempt 1)
18:26:35 sol:BookProof_ChapterSirkDiffusiveDecay_norm_embedding: FAIL (theorem not published yet)
18:26:35 processing sol:BookProof_ChapterSirkDiffusiveDecay_norm_heatFlow_apply_le (attempt 1)
18:26:35 sol:BookProof_ChapterSirkDiffusiveDecay_norm_heatFlow_apply_le: FAIL (theorem not published yet)
18:26:35 processing sol:BookProof_ChapterSirkDiffusiveDecay_norm_heatFlow_compress_apply_le (attempt 1)
18:26:35 sol:BookProof_ChapterSirkDiffusiveDecay_norm_heatFlow_compress_apply_le: FAIL (theorem not published yet)
18:26:35 processing sol:BookProof_ChapterSirkDiffusiveDecay_norm_heatFlow_le (attempt 1)
18:26:35 sol:BookProof_ChapterSirkDiffusiveDecay_norm_heatFlow_le: FAIL (theorem not published yet)
18:26:35 processing sol:BookProof_ChapterSirkEndToEnd_crouzeix_domain_transfer (attempt 1)
18:26:35 sol:BookProof_ChapterSirkEndToEnd_crouzeix_domain_transfer: FAIL (theorem not published yet)
18:26:35 processing sol:BookProof_ChapterSirkEndToEnd_crouzeix_domain_uniform (attempt 1)
18:26:35 sol:BookProof_ChapterSirkEndToEnd_crouzeix_domain_uniform: FAIL (theorem not published yet)
18:26:35 processing sol:BookProof_ChapterSirkEndToEnd_norm_sirkApprox_apply_le (attempt 1)
18:26:35 sol:BookProof_ChapterSirkEndToEnd_norm_sirkApprox_apply_le: FAIL (theorem not published yet)
18:26:35 processing sol:BookProof_ChapterSirkEndToEnd_norm_sirkApprox_apply_le_of_isometry (attempt 1)
18:26:35 sol:BookProof_ChapterSirkEndToEnd_norm_sirkApprox_apply_le_of_isometry: FAIL (theorem not published yet)
18:26:35 processing sol:BookProof_ChapterSirkEndToEnd_sirkApprox_apply (attempt 1)
18:26:35 sol:BookProof_ChapterSirkEndToEnd_sirkApprox_apply: FAIL (theorem not published yet)
18:26:35 processing sol:BookProof_ChapterSirkEndToEnd_sirkApprox_id (attempt 1)
18:26:35 sol:BookProof_ChapterSirkEndToEnd_sirkApprox_id: FAIL (theorem not published yet)
18:26:35 processing sol:BookProof_ChapterSirkEndToEnd_sirkReconstruction_isIdempotent (attempt 1)
18:26:35 sol:BookProof_ChapterSirkEndToEnd_sirkReconstruction_isIdempotent: FAIL (theorem not published yet)
18:26:35 processing sol:BookProof_ChapterSirkEndToEnd_sirkReconstruction_isSelfAdjoint (attempt 1)
18:26:35 sol:BookProof_ChapterSirkEndToEnd_sirkReconstruction_isSelfAdjoint: FAIL (theorem not published yet)
18:26:35 processing sol:BookProof_ChapterSirkEndToEnd_sirk_end_to_end (attempt 1)
18:26:35 sol:BookProof_ChapterSirkEndToEnd_sirk_end_to_end: FAIL (theorem not published yet)
18:26:35 processing sol:BookProof_ChapterSirkEndToEnd_sirk_end_to_end_satisfiable (attempt 1)
18:26:35 sol:BookProof_ChapterSirkEndToEnd_sirk_end_to_end_satisfiable: FAIL (theorem not published yet)
18:26:35 processing sol:BookProof_ChapterSirkEndToEnd_sirk_error_bound_at (attempt 1)
18:26:35 sol:BookProof_ChapterSirkEndToEnd_sirk_error_bound_at: FAIL (theorem not published yet)
18:26:35 processing sol:BookProof_ChapterSirkEndToEnd_sirk_flow_error_tendsto_zero (attempt 1)
18:26:35 sol:BookProof_ChapterSirkEndToEnd_sirk_flow_error_tendsto_zero: FAIL (theorem not published yet)
18:26:35 processing sol:BookProof_ChapterSirkEndToEnd_sirk_flow_error_uniform_in_time (attempt 1)
18:26:35 sol:BookProof_ChapterSirkEndToEnd_sirk_flow_error_uniform_in_time: FAIL (theorem not published yet)
18:26:35 processing sol:BookProof_ChapterSirkEndToEnd_tendsto_zero_of_le_sirkBound (attempt 1)
18:26:35 sol:BookProof_ChapterSirkEndToEnd_tendsto_zero_of_le_sirkBound: FAIL (theorem not published yet)
18:26:35 processing sol:BookProof_ChapterSirkPerSystem_diagKR_sirk_crouzeix_domain (attempt 1)
18:26:35 sol:BookProof_ChapterSirkPerSystem_diagKR_sirk_crouzeix_domain: FAIL (theorem not published yet)
18:26:35 processing sol:BookProof_ChapterSirkPerSystem_lagrangian_sirk_crouzeix_domain (attempt 1)
18:26:35 sol:BookProof_ChapterSirkPerSystem_lagrangian_sirk_crouzeix_domain: FAIL (theorem not published yet)
18:26:35 processing sol:BookProof_ChapterSirkPerSystem_nsDiff_sirk_crouzeix_domain (attempt 1)
18:26:35 sol:BookProof_ChapterSirkPerSystem_nsDiff_sirk_crouzeix_domain: FAIL (theorem not published yet)
18:26:35 processing sol:BookProof_ChapterSirkPerSystem_ns_sirk_crouzeix_domain (attempt 1)
18:26:35 sol:BookProof_ChapterSirkPerSystem_ns_sirk_crouzeix_domain: FAIL (theorem not published yet)
18:26:35 processing sol:BookProof_ChapterSirkPerSystem_qgR2_shiftInvert_selects (attempt 1)
18:26:35 sol:BookProof_ChapterSirkPerSystem_qgR2_shiftInvert_selects: FAIL (theorem not published yet)
18:26:35 processing sol:BookProof_ChapterSirkPerSystem_qgR2_sirk_crouzeix_domain (attempt 1)
18:26:35 sol:BookProof_ChapterSirkPerSystem_qgR2_sirk_crouzeix_domain: FAIL (theorem not published yet)
18:26:35 processing sol:BookProof_ChapterSirkPerSystem_ym_sirk_crouzeix_domain (attempt 1)
18:26:35 sol:BookProof_ChapterSirkPerSystem_ym_sirk_crouzeix_domain: FAIL (theorem not published yet)
18:26:35 processing sol:BookProof_ChapterSirkWhitening_adjoint_comp_rangeProj (attempt 1)
18:26:35 sol:BookProof_ChapterSirkWhitening_adjoint_comp_rangeProj: FAIL (theorem not published yet)
18:26:35 processing sol:BookProof_ChapterSirkWhitening_compress_conj_whitening (attempt 1)
18:26:35 sol:BookProof_ChapterSirkWhitening_compress_conj_whitening: FAIL (theorem not published yet)
18:26:35 processing sol:BookProof_ChapterSirkWhitening_compress_reconstruct_eq (attempt 1)
18:26:35 sol:BookProof_ChapterSirkWhitening_compress_reconstruct_eq: FAIL (theorem not published yet)
18:26:35 processing sol:BookProof_ChapterSirkWhitening_embedding_comp_whiteningEquiv (attempt 1)
18:26:35 sol:BookProof_ChapterSirkWhitening_embedding_comp_whiteningEquiv: FAIL (theorem not published yet)
18:26:35 processing sol:BookProof_ChapterSirkWhitening_rangeProj_adjoint (attempt 1)
18:26:35 sol:BookProof_ChapterSirkWhitening_rangeProj_adjoint: FAIL (theorem not published yet)
18:26:35 processing sol:BookProof_ChapterSirkWhitening_rangeProj_apply (attempt 1)
18:26:35 sol:BookProof_ChapterSirkWhitening_rangeProj_apply: FAIL (theorem not published yet)
18:26:35 processing sol:BookProof_ChapterSirkWhitening_rangeProj_comp_embedding (attempt 1)
18:26:35 sol:BookProof_ChapterSirkWhitening_rangeProj_comp_embedding: FAIL (theorem not published yet)
18:26:35 processing sol:BookProof_ChapterSirkWhitening_rangeProj_comp_of_le (attempt 1)
18:26:35 sol:BookProof_ChapterSirkWhitening_rangeProj_comp_of_le: FAIL (theorem not published yet)
18:26:35 processing sol:BookProof_ChapterSirkWhitening_rangeProj_comp_self (attempt 1)
18:26:35 sol:BookProof_ChapterSirkWhitening_rangeProj_comp_self: FAIL (theorem not published yet)
18:26:35 processing sol:BookProof_ChapterSirkWhitening_rangeProj_eq_of_range_eq (attempt 1)
18:26:35 sol:BookProof_ChapterSirkWhitening_rangeProj_eq_of_range_eq: FAIL (theorem not published yet)
18:26:35 processing sol:BookProof_ChapterSirkWhitening_rangeProj_isSelfAdjoint (attempt 1)
18:26:35 sol:BookProof_ChapterSirkWhitening_rangeProj_isSelfAdjoint: FAIL (theorem not published yet)
18:26:35 processing sol:BookProof_ChapterSirkWhitening_sirkApprox_eq_of_range_eq (attempt 1)
18:26:35 sol:BookProof_ChapterSirkWhitening_sirkApprox_eq_of_range_eq: FAIL (theorem not published yet)
18:26:35 processing sol:BookProof_ChapterSirkWhitening_whiteningEquiv_isometry (attempt 1)
18:26:35 sol:BookProof_ChapterSirkWhitening_whiteningEquiv_isometry: FAIL (theorem not published yet)
18:26:35 processing sol:BookProof_ChapterSirkWhitening_whiteningEquiv_left_inverse (attempt 1)
18:26:35 sol:BookProof_ChapterSirkWhitening_whiteningEquiv_left_inverse: FAIL (theorem not published yet)
18:26:35 summary: 254 done, 163 pending, 0 failed
18:27:26 processing def:ChapterYangMillsHermite (attempt 1)
18:27:28 def:ChapterYangMillsHermite: FAIL (local compile failed: /home/leo/prove2me_workspace/Definitions/Def_ChapterYangMillsHermite.lean:1:0: error: object file '/home/leo/prove2me_workspace/)
18:27:28 processing def:ChapterSirkWhitening (attempt 1)
18:27:33 def:ChapterSirkWhitening: FAIL (local compile failed: /home/leo/prove2me_workspace/Definitions/Def_ChapterSirkWhitening.lean:42:5: error: unknown namespace `BookProof.ChapterH4`
/hom)
18:27:33 processing def:ChapterSirkPerSystem (attempt 1)
18:27:35 def:ChapterSirkPerSystem: FAIL (local compile failed: /home/leo/prove2me_workspace/Definitions/Def_ChapterSirkPerSystem.lean:1:0: error: object file '/home/leo/prove2me_workspace/.la)
18:27:35 processing def:ChapterSirkEndToEnd (attempt 1)
18:27:36 def:ChapterSirkEndToEnd: FAIL (local compile failed: /home/leo/prove2me_workspace/Definitions/Def_ChapterSirkEndToEnd.lean:1:0: error: object file '/home/leo/prove2me_workspace/.lak)
18:27:36 processing def:ChapterSirkDiffusiveDecay (attempt 1)
18:27:42 def:ChapterSirkDiffusiveDecay: FAIL (local compile failed: /home/leo/prove2me_workspace/Definitions/Def_ChapterSirkDiffusiveDecay.lean:56:5: error: unknown namespace `BookProof.ChapterH4`)
18:27:42 processing def:ChapterYangMillsSU3 (attempt 3)
18:27:52 def:ChapterYangMillsSU3: FAIL (submit-definition rejected: {"error": "A theorem or definition with name \"ChapterYangMillsSU3\" already exists"})
18:27:52 processing def:ChapterSirkGroupTransfer (attempt 3)
18:28:00 def:ChapterSirkGroupTransfer: FAIL (submit-definition rejected: {"error": "A theorem or definition with name \"ChapterSirkGroupTransfer\" already exists"})
18:28:00 processing def:ChapterMajoranaProp76 (attempt 3)
18:28:08 def:ChapterMajoranaProp76: FAIL (submit-definition rejected: {"error": "A theorem or definition with name \"ChapterMajoranaProp76\" already exists"})
18:28:08 processing thm:BookProof_ChapterMajoranaProp76_LinearIsometryEquiv_isNote4Unitary (attempt 3)
18:28:11 thm:BookProof_ChapterMajoranaProp76_LinearIsometryEquiv_isNote4Unitary: FAIL (local compile failed: /home/leo/prove2me_workspace/Theorems/Thm_BookProof_ChapterMajoranaProp76_LinearIsometryEquiv_isNote4Unitary.lean:5:5: error: un)
18:28:11 processing thm:BookProof_ChapterSirkGroupTransfer_norm_pow_le_of_le (attempt 3)
18:28:14 thm:BookProof_ChapterSirkGroupTransfer_norm_pow_le_of_le: FAIL (cannot split formal_statement from /home/leo/prove2me_workspace/Theorems/Thm_BookProof_ChapterSirkGroupTransfer_norm_pow_le_of_le.lean)
18:28:14 processing thm:BookProof_ChapterSirkGroupTransfer_norm_pow_sub_pow_le (attempt 3)
18:28:17 thm:BookProof_ChapterSirkGroupTransfer_norm_pow_sub_pow_le: FAIL (cannot split formal_statement from /home/leo/prove2me_workspace/Theorems/Thm_BookProof_ChapterSirkGroupTransfer_norm_pow_sub_pow_le.lean)
18:28:17 processing thm:BookProof_ChapterSirkGroupTransfer_groupFlow_zero (attempt 3)
18:28:20 thm:BookProof_ChapterSirkGroupTransfer_groupFlow_zero: FAIL (cannot split formal_statement from /home/leo/prove2me_workspace/Theorems/Thm_BookProof_ChapterSirkGroupTransfer_groupFlow_zero.lean)
18:28:20 processing thm:BookProof_ChapterSirkDiffusiveDecay_hasDerivAt_heatFlow_apply (attempt 3)
18:28:23 thm:BookProof_ChapterSirkDiffusiveDecay_hasDerivAt_heatFlow_apply: FAIL (local compile failed: /home/leo/prove2me_workspace/Theorems/Thm_BookProof_ChapterSirkDiffusiveDecay_hasDerivAt_heatFlow_apply.lean:17:5: error: unknow)
18:28:23 processing thm:BookProof_ChapterSirkDiffusiveDecay_hasDerivAt_heatFlow_normSq (attempt 3)
18:28:27 thm:BookProof_ChapterSirkDiffusiveDecay_hasDerivAt_heatFlow_normSq: FAIL (local compile failed: /home/leo/prove2me_workspace/Theorems/Thm_BookProof_ChapterSirkDiffusiveDecay_hasDerivAt_heatFlow_normSq.lean:17:5: error: unkno)
18:28:27 processing thm:BookProof_ChapterSirkDiffusiveDecay_heatFlow_apply_comm (attempt 3)
18:28:30 thm:BookProof_ChapterSirkDiffusiveDecay_heatFlow_apply_comm: FAIL (local compile failed: /home/leo/prove2me_workspace/Theorems/Thm_BookProof_ChapterSirkDiffusiveDecay_heatFlow_apply_comm.lean:17:5: error: unknown name)
18:28:30 processing thm:BookProof_ChapterSirkDiffusiveDecay_heatFlow_zero (attempt 3)
18:28:33 thm:BookProof_ChapterSirkDiffusiveDecay_heatFlow_zero: FAIL (local compile failed: /home/leo/prove2me_workspace/Theorems/Thm_BookProof_ChapterSirkDiffusiveDecay_heatFlow_zero.lean:17:5: error: unknown namespace )
18:28:33 processing thm:BookProof_ChapterSirkDiffusiveDecay_isCoercive_add_algebraMap (attempt 3)
18:28:36 thm:BookProof_ChapterSirkDiffusiveDecay_isCoercive_add_algebraMap: FAIL (local compile failed: /home/leo/prove2me_workspace/Theorems/Thm_BookProof_ChapterSirkDiffusiveDecay_isCoercive_add_algebraMap.lean:17:5: error: unknow)
18:28:36 processing thm:BookProof_ChapterSirkDiffusiveDecay_isCoercive_compress (attempt 3)
18:28:39 thm:BookProof_ChapterSirkDiffusiveDecay_isCoercive_compress: FAIL (local compile failed: /home/leo/prove2me_workspace/Theorems/Thm_BookProof_ChapterSirkDiffusiveDecay_isCoercive_compress.lean:17:5: error: unknown name)
18:28:39 processing thm:BookProof_ChapterSirkDiffusiveDecay_norm_embedding (attempt 3)
18:28:43 thm:BookProof_ChapterSirkDiffusiveDecay_norm_embedding: FAIL (local compile failed: /home/leo/prove2me_workspace/Theorems/Thm_BookProof_ChapterSirkDiffusiveDecay_norm_embedding.lean:17:5: error: unknown namespace)
18:28:43 processing thm:BookProof_ChapterSirkDiffusiveDecay_norm_heatFlow_apply_le (attempt 3)
18:28:46 thm:BookProof_ChapterSirkDiffusiveDecay_norm_heatFlow_apply_le: FAIL (local compile failed: /home/leo/prove2me_workspace/Theorems/Thm_BookProof_ChapterSirkDiffusiveDecay_norm_heatFlow_apply_le.lean:17:5: error: unknown n)
18:28:46 processing thm:BookProof_ChapterSirkDiffusiveDecay_norm_heatFlow_compress_apply_le (attempt 2)
18:28:49 thm:BookProof_ChapterSirkDiffusiveDecay_norm_heatFlow_compress_apply_le: FAIL (local compile failed: /home/leo/prove2me_workspace/Theorems/Thm_BookProof_ChapterSirkDiffusiveDecay_norm_heatFlow_compress_apply_le.lean:17:5: error: )
18:28:49 processing thm:BookProof_ChapterSirkDiffusiveDecay_norm_heatFlow_le (attempt 2)
18:28:52 thm:BookProof_ChapterSirkDiffusiveDecay_norm_heatFlow_le: FAIL (local compile failed: /home/leo/prove2me_workspace/Theorems/Thm_BookProof_ChapterSirkDiffusiveDecay_norm_heatFlow_le.lean:17:5: error: unknown namespa)
18:28:52 processing thm:BookProof_ChapterSirkEndToEnd_crouzeix_domain_transfer (attempt 2)
18:28:55 thm:BookProof_ChapterSirkEndToEnd_crouzeix_domain_transfer: FAIL (local compile failed: /home/leo/prove2me_workspace/Theorems/Thm_BookProof_ChapterSirkEndToEnd_crouzeix_domain_transfer.lean:20:5: error: unknown names)
18:28:55 processing thm:BookProof_ChapterSirkEndToEnd_crouzeix_domain_uniform (attempt 2)
18:28:59 thm:BookProof_ChapterSirkEndToEnd_crouzeix_domain_uniform: FAIL (local compile failed: /home/leo/prove2me_workspace/Theorems/Thm_BookProof_ChapterSirkEndToEnd_crouzeix_domain_uniform.lean:20:5: error: unknown namesp)
18:28:59 processing thm:BookProof_ChapterSirkEndToEnd_norm_sirkApprox_apply_le (attempt 2)
18:29:02 thm:BookProof_ChapterSirkEndToEnd_norm_sirkApprox_apply_le: FAIL (local compile failed: /home/leo/prove2me_workspace/Theorems/Thm_BookProof_ChapterSirkEndToEnd_norm_sirkApprox_apply_le.lean:20:5: error: unknown names)
18:29:02 processing thm:BookProof_ChapterSirkEndToEnd_norm_sirkApprox_apply_le_of_isometry (attempt 2)
18:29:05 thm:BookProof_ChapterSirkEndToEnd_norm_sirkApprox_apply_le_of_isometry: FAIL (local compile failed: /home/leo/prove2me_workspace/Theorems/Thm_BookProof_ChapterSirkEndToEnd_norm_sirkApprox_apply_le_of_isometry.lean:20:5: error: u)
18:29:05 processing thm:BookProof_ChapterSirkEndToEnd_sirkApprox_apply (attempt 2)
18:29:08 thm:BookProof_ChapterSirkEndToEnd_sirkApprox_apply: FAIL (local compile failed: /home/leo/prove2me_workspace/Theorems/Thm_BookProof_ChapterSirkEndToEnd_sirkApprox_apply.lean:20:5: error: unknown namespace `Bo)
18:29:08 processing thm:BookProof_ChapterSirkEndToEnd_sirkApprox_id (attempt 2)
18:29:11 thm:BookProof_ChapterSirkEndToEnd_sirkApprox_id: FAIL (local compile failed: /home/leo/prove2me_workspace/Theorems/Thm_BookProof_ChapterSirkEndToEnd_sirkApprox_id.lean:20:5: error: unknown namespace `BookP)
18:29:11 processing thm:BookProof_ChapterSirkEndToEnd_sirkReconstruction_isIdempotent (attempt 2)
18:29:15 thm:BookProof_ChapterSirkEndToEnd_sirkReconstruction_isIdempotent: FAIL (local compile failed: /home/leo/prove2me_workspace/Theorems/Thm_BookProof_ChapterSirkEndToEnd_sirkReconstruction_isIdempotent.lean:20:5: error: unknow)
18:29:15 processing thm:BookProof_ChapterSirkEndToEnd_sirkReconstruction_isSelfAdjoint (attempt 2)
18:29:18 thm:BookProof_ChapterSirkEndToEnd_sirkReconstruction_isSelfAdjoint: FAIL (local compile failed: /home/leo/prove2me_workspace/Theorems/Thm_BookProof_ChapterSirkEndToEnd_sirkReconstruction_isSelfAdjoint.lean:20:5: error: unkno)
18:29:18 processing thm:BookProof_ChapterSirkEndToEnd_sirk_end_to_end (attempt 2)
18:29:22 thm:BookProof_ChapterSirkEndToEnd_sirk_end_to_end: FAIL (local compile failed: /home/leo/prove2me_workspace/Theorems/Thm_BookProof_ChapterSirkEndToEnd_sirk_end_to_end.lean:20:5: error: unknown namespace `Boo)
18:29:22 processing thm:BookProof_ChapterSirkEndToEnd_sirk_end_to_end_satisfiable (attempt 2)
18:29:26 thm:BookProof_ChapterSirkEndToEnd_sirk_end_to_end_satisfiable: FAIL (local compile failed: /home/leo/prove2me_workspace/Theorems/Thm_BookProof_ChapterSirkEndToEnd_sirk_end_to_end_satisfiable.lean:20:5: error: unknown na)
18:29:26 processing thm:BookProof_ChapterSirkEndToEnd_sirk_error_bound_at (attempt 2)
18:29:29 thm:BookProof_ChapterSirkEndToEnd_sirk_error_bound_at: FAIL (local compile failed: /home/leo/prove2me_workspace/Theorems/Thm_BookProof_ChapterSirkEndToEnd_sirk_error_bound_at.lean:20:5: error: unknown namespace )
18:29:29 processing thm:BookProof_ChapterSirkEndToEnd_sirk_flow_error_tendsto_zero (attempt 2)
18:29:32 thm:BookProof_ChapterSirkEndToEnd_sirk_flow_error_tendsto_zero: FAIL (local compile failed: /home/leo/prove2me_workspace/Theorems/Thm_BookProof_ChapterSirkEndToEnd_sirk_flow_error_tendsto_zero.lean:20:5: error: unknown n)
18:29:32 processing thm:BookProof_ChapterSirkEndToEnd_sirk_flow_error_uniform_in_time (attempt 2)
18:29:35 thm:BookProof_ChapterSirkEndToEnd_sirk_flow_error_uniform_in_time: FAIL (local compile failed: /home/leo/prove2me_workspace/Theorems/Thm_BookProof_ChapterSirkEndToEnd_sirk_flow_error_uniform_in_time.lean:20:5: error: unknow)
18:29:35 processing thm:BookProof_ChapterSirkEndToEnd_tendsto_zero_of_le_sirkBound (attempt 2)
18:29:38 thm:BookProof_ChapterSirkEndToEnd_tendsto_zero_of_le_sirkBound: FAIL (local compile failed: /home/leo/prove2me_workspace/Theorems/Thm_BookProof_ChapterSirkEndToEnd_tendsto_zero_of_le_sirkBound.lean:20:5: error: unknown n)
18:29:38 processing thm:BookProof_ChapterSirkPerSystem_diagKR_sirk_crouzeix_domain (attempt 2)
18:29:40 thm:BookProof_ChapterSirkPerSystem_diagKR_sirk_crouzeix_domain: FAIL (local compile failed: /home/leo/prove2me_workspace/Theorems/Thm_BookProof_ChapterSirkPerSystem_diagKR_sirk_crouzeix_domain.lean:2:0: error: object fil)
18:29:40 processing thm:BookProof_ChapterSirkPerSystem_lagrangian_sirk_crouzeix_domain (attempt 2)
18:29:41 thm:BookProof_ChapterSirkPerSystem_lagrangian_sirk_crouzeix_domain: FAIL (local compile failed: /home/leo/prove2me_workspace/Theorems/Thm_BookProof_ChapterSirkPerSystem_lagrangian_sirk_crouzeix_domain.lean:2:0: error: object)
18:29:41 processing thm:BookProof_ChapterSirkPerSystem_nsDiff_sirk_crouzeix_domain (attempt 2)
18:29:42 thm:BookProof_ChapterSirkPerSystem_nsDiff_sirk_crouzeix_domain: FAIL (local compile failed: /home/leo/prove2me_workspace/Theorems/Thm_BookProof_ChapterSirkPerSystem_nsDiff_sirk_crouzeix_domain.lean:2:0: error: object fil)
18:29:42 processing thm:BookProof_ChapterSirkPerSystem_ns_sirk_crouzeix_domain (attempt 2)
18:29:44 thm:BookProof_ChapterSirkPerSystem_ns_sirk_crouzeix_domain: FAIL (local compile failed: /home/leo/prove2me_workspace/Theorems/Thm_BookProof_ChapterSirkPerSystem_ns_sirk_crouzeix_domain.lean:2:0: error: object file '/)
18:29:44 processing thm:BookProof_ChapterSirkPerSystem_qgR2_shiftInvert_selects (attempt 2)
18:29:45 thm:BookProof_ChapterSirkPerSystem_qgR2_shiftInvert_selects: FAIL (local compile failed: /home/leo/prove2me_workspace/Theorems/Thm_BookProof_ChapterSirkPerSystem_qgR2_shiftInvert_selects.lean:2:0: error: object file ')
18:29:45 processing thm:BookProof_ChapterSirkPerSystem_qgR2_sirk_crouzeix_domain (attempt 2)
18:29:46 thm:BookProof_ChapterSirkPerSystem_qgR2_sirk_crouzeix_domain: FAIL (local compile failed: /home/leo/prove2me_workspace/Theorems/Thm_BookProof_ChapterSirkPerSystem_qgR2_sirk_crouzeix_domain.lean:2:0: error: object file )
18:29:46 processing thm:BookProof_ChapterSirkPerSystem_ym_sirk_crouzeix_domain (attempt 2)
18:29:48 thm:BookProof_ChapterSirkPerSystem_ym_sirk_crouzeix_domain: FAIL (local compile failed: /home/leo/prove2me_workspace/Theorems/Thm_BookProof_ChapterSirkPerSystem_ym_sirk_crouzeix_domain.lean:2:0: error: object file '/)
18:29:48 processing thm:BookProof_ChapterSirkWhitening_adjoint_comp_rangeProj (attempt 2)
18:29:51 thm:BookProof_ChapterSirkWhitening_adjoint_comp_rangeProj: FAIL (local compile failed: /home/leo/prove2me_workspace/Theorems/Thm_BookProof_ChapterSirkWhitening_adjoint_comp_rangeProj.lean:15:5: error: unknown namesp)
18:29:51 processing thm:BookProof_ChapterSirkWhitening_compress_conj_whitening (attempt 2)
18:29:55 thm:BookProof_ChapterSirkWhitening_compress_conj_whitening: FAIL (local compile failed: /home/leo/prove2me_workspace/Theorems/Thm_BookProof_ChapterSirkWhitening_compress_conj_whitening.lean:15:5: error: unknown names)
18:29:55 processing thm:BookProof_ChapterSirkWhitening_compress_reconstruct_eq (attempt 2)
18:29:58 thm:BookProof_ChapterSirkWhitening_compress_reconstruct_eq: FAIL (local compile failed: /home/leo/prove2me_workspace/Theorems/Thm_BookProof_ChapterSirkWhitening_compress_reconstruct_eq.lean:15:5: error: unknown names)
18:29:58 processing thm:BookProof_ChapterSirkWhitening_embedding_comp_whiteningEquiv (attempt 2)
18:30:01 thm:BookProof_ChapterSirkWhitening_embedding_comp_whiteningEquiv: FAIL (local compile failed: /home/leo/prove2me_workspace/Theorems/Thm_BookProof_ChapterSirkWhitening_embedding_comp_whiteningEquiv.lean:15:5: error: unknown)
18:30:01 processing thm:BookProof_ChapterSirkWhitening_rangeProj_adjoint (attempt 2)
18:30:04 thm:BookProof_ChapterSirkWhitening_rangeProj_adjoint: FAIL (local compile failed: /home/leo/prove2me_workspace/Theorems/Thm_BookProof_ChapterSirkWhitening_rangeProj_adjoint.lean:15:5: error: unknown namespace `)
18:30:04 processing thm:BookProof_ChapterSirkWhitening_rangeProj_apply (attempt 2)
18:30:08 thm:BookProof_ChapterSirkWhitening_rangeProj_apply: FAIL (local compile failed: /home/leo/prove2me_workspace/Theorems/Thm_BookProof_ChapterSirkWhitening_rangeProj_apply.lean:15:5: error: unknown namespace `Bo)
18:30:08 processing thm:BookProof_ChapterSirkWhitening_rangeProj_comp_embedding (attempt 2)
18:30:11 thm:BookProof_ChapterSirkWhitening_rangeProj_comp_embedding: FAIL (local compile failed: /home/leo/prove2me_workspace/Theorems/Thm_BookProof_ChapterSirkWhitening_rangeProj_comp_embedding.lean:15:5: error: unknown name)
18:30:11 processing thm:BookProof_ChapterSirkWhitening_rangeProj_comp_of_le (attempt 2)
18:30:14 thm:BookProof_ChapterSirkWhitening_rangeProj_comp_of_le: FAIL (local compile failed: /home/leo/prove2me_workspace/Theorems/Thm_BookProof_ChapterSirkWhitening_rangeProj_comp_of_le.lean:15:5: error: unknown namespac)
18:30:14 processing thm:BookProof_ChapterSirkWhitening_rangeProj_comp_self (attempt 2)
18:30:17 thm:BookProof_ChapterSirkWhitening_rangeProj_comp_self: FAIL (local compile failed: /home/leo/prove2me_workspace/Theorems/Thm_BookProof_ChapterSirkWhitening_rangeProj_comp_self.lean:15:5: error: unknown namespace)
18:30:17 processing thm:BookProof_ChapterSirkWhitening_rangeProj_eq_of_range_eq (attempt 2)
18:30:21 thm:BookProof_ChapterSirkWhitening_rangeProj_eq_of_range_eq: FAIL (local compile failed: /home/leo/prove2me_workspace/Theorems/Thm_BookProof_ChapterSirkWhitening_rangeProj_eq_of_range_eq.lean:15:5: error: unknown name)
18:30:21 processing thm:BookProof_ChapterSirkWhitening_rangeProj_isSelfAdjoint (attempt 2)
18:30:24 thm:BookProof_ChapterSirkWhitening_rangeProj_isSelfAdjoint: FAIL (local compile failed: /home/leo/prove2me_workspace/Theorems/Thm_BookProof_ChapterSirkWhitening_rangeProj_isSelfAdjoint.lean:15:5: error: unknown names)
18:30:24 processing thm:BookProof_ChapterSirkWhitening_sirkApprox_eq_of_range_eq (attempt 2)
18:30:27 thm:BookProof_ChapterSirkWhitening_sirkApprox_eq_of_range_eq: FAIL (local compile failed: /home/leo/prove2me_workspace/Theorems/Thm_BookProof_ChapterSirkWhitening_sirkApprox_eq_of_range_eq.lean:15:5: error: unknown nam)
18:30:27 processing thm:BookProof_ChapterSirkWhitening_whiteningEquiv_isometry (attempt 2)
18:30:31 thm:BookProof_ChapterSirkWhitening_whiteningEquiv_isometry: FAIL (local compile failed: /home/leo/prove2me_workspace/Theorems/Thm_BookProof_ChapterSirkWhitening_whiteningEquiv_isometry.lean:15:5: error: unknown names)
18:30:31 processing thm:BookProof_ChapterSirkWhitening_whiteningEquiv_left_inverse (attempt 2)
18:30:34 thm:BookProof_ChapterSirkWhitening_whiteningEquiv_left_inverse: FAIL (local compile failed: /home/leo/prove2me_workspace/Theorems/Thm_BookProof_ChapterSirkWhitening_whiteningEquiv_left_inverse.lean:15:5: error: unknown n)
18:30:34 processing sol:BookProof_ChapterMajoranaProp76_LinearIsometryEquiv_isNote4Unitary (attempt 2)
18:30:34 sol:BookProof_ChapterMajoranaProp76_LinearIsometryEquiv_isNote4Unitary: FAIL (theorem not published yet)
18:30:34 processing sol:BookProof_ChapterSirkGroupTransfer_norm_pow_le_of_le (attempt 2)
18:30:34 sol:BookProof_ChapterSirkGroupTransfer_norm_pow_le_of_le: FAIL (theorem not published yet)
18:30:34 processing sol:BookProof_ChapterSirkGroupTransfer_norm_pow_sub_pow_le (attempt 2)
18:30:34 sol:BookProof_ChapterSirkGroupTransfer_norm_pow_sub_pow_le: FAIL (theorem not published yet)
18:30:34 processing sol:BookProof_ChapterSirkGroupTransfer_groupFlow_zero (attempt 2)
18:30:34 sol:BookProof_ChapterSirkGroupTransfer_groupFlow_zero: FAIL (theorem not published yet)
18:30:34 processing sol:BookProof_ChapterSirkDiffusiveDecay_hasDerivAt_heatFlow_apply (attempt 2)
18:30:34 sol:BookProof_ChapterSirkDiffusiveDecay_hasDerivAt_heatFlow_apply: FAIL (theorem not published yet)
18:30:34 processing sol:BookProof_ChapterSirkDiffusiveDecay_hasDerivAt_heatFlow_normSq (attempt 2)
18:30:34 sol:BookProof_ChapterSirkDiffusiveDecay_hasDerivAt_heatFlow_normSq: FAIL (theorem not published yet)
18:30:34 processing sol:BookProof_ChapterSirkDiffusiveDecay_heatFlow_apply_comm (attempt 2)
18:30:34 sol:BookProof_ChapterSirkDiffusiveDecay_heatFlow_apply_comm: FAIL (theorem not published yet)
18:30:34 processing sol:BookProof_ChapterSirkDiffusiveDecay_heatFlow_zero (attempt 2)
18:30:34 sol:BookProof_ChapterSirkDiffusiveDecay_heatFlow_zero: FAIL (theorem not published yet)
18:30:34 processing sol:BookProof_ChapterSirkDiffusiveDecay_isCoercive_add_algebraMap (attempt 2)
18:30:34 sol:BookProof_ChapterSirkDiffusiveDecay_isCoercive_add_algebraMap: FAIL (theorem not published yet)
18:30:34 processing sol:BookProof_ChapterSirkDiffusiveDecay_isCoercive_compress (attempt 2)
18:30:34 sol:BookProof_ChapterSirkDiffusiveDecay_isCoercive_compress: FAIL (theorem not published yet)
18:30:34 processing sol:BookProof_ChapterSirkDiffusiveDecay_norm_embedding (attempt 2)
18:30:34 sol:BookProof_ChapterSirkDiffusiveDecay_norm_embedding: FAIL (theorem not published yet)
18:30:34 processing sol:BookProof_ChapterSirkDiffusiveDecay_norm_heatFlow_apply_le (attempt 2)
18:30:34 sol:BookProof_ChapterSirkDiffusiveDecay_norm_heatFlow_apply_le: FAIL (theorem not published yet)
18:30:34 processing sol:BookProof_ChapterSirkDiffusiveDecay_norm_heatFlow_compress_apply_le (attempt 2)
18:30:34 sol:BookProof_ChapterSirkDiffusiveDecay_norm_heatFlow_compress_apply_le: FAIL (theorem not published yet)
18:30:34 processing sol:BookProof_ChapterSirkDiffusiveDecay_norm_heatFlow_le (attempt 2)
18:30:34 sol:BookProof_ChapterSirkDiffusiveDecay_norm_heatFlow_le: FAIL (theorem not published yet)
18:30:34 processing sol:BookProof_ChapterSirkEndToEnd_crouzeix_domain_transfer (attempt 2)
18:30:34 sol:BookProof_ChapterSirkEndToEnd_crouzeix_domain_transfer: FAIL (theorem not published yet)
18:30:34 processing sol:BookProof_ChapterSirkEndToEnd_crouzeix_domain_uniform (attempt 2)
18:30:34 sol:BookProof_ChapterSirkEndToEnd_crouzeix_domain_uniform: FAIL (theorem not published yet)
18:30:34 processing sol:BookProof_ChapterSirkEndToEnd_norm_sirkApprox_apply_le (attempt 2)
18:30:34 sol:BookProof_ChapterSirkEndToEnd_norm_sirkApprox_apply_le: FAIL (theorem not published yet)
18:30:34 processing sol:BookProof_ChapterSirkEndToEnd_norm_sirkApprox_apply_le_of_isometry (attempt 2)
18:30:34 sol:BookProof_ChapterSirkEndToEnd_norm_sirkApprox_apply_le_of_isometry: FAIL (theorem not published yet)
18:30:34 processing sol:BookProof_ChapterSirkEndToEnd_sirkApprox_apply (attempt 2)
18:30:34 sol:BookProof_ChapterSirkEndToEnd_sirkApprox_apply: FAIL (theorem not published yet)
18:30:34 processing sol:BookProof_ChapterSirkEndToEnd_sirkApprox_id (attempt 2)
18:30:34 sol:BookProof_ChapterSirkEndToEnd_sirkApprox_id: FAIL (theorem not published yet)
18:30:34 processing sol:BookProof_ChapterSirkEndToEnd_sirkReconstruction_isIdempotent (attempt 2)
18:30:34 sol:BookProof_ChapterSirkEndToEnd_sirkReconstruction_isIdempotent: FAIL (theorem not published yet)
18:30:34 processing sol:BookProof_ChapterSirkEndToEnd_sirkReconstruction_isSelfAdjoint (attempt 2)
18:30:34 sol:BookProof_ChapterSirkEndToEnd_sirkReconstruction_isSelfAdjoint: FAIL (theorem not published yet)
18:30:34 processing sol:BookProof_ChapterSirkEndToEnd_sirk_end_to_end (attempt 2)
18:30:34 sol:BookProof_ChapterSirkEndToEnd_sirk_end_to_end: FAIL (theorem not published yet)
18:30:34 processing sol:BookProof_ChapterSirkEndToEnd_sirk_end_to_end_satisfiable (attempt 2)
18:30:34 sol:BookProof_ChapterSirkEndToEnd_sirk_end_to_end_satisfiable: FAIL (theorem not published yet)
18:30:34 processing sol:BookProof_ChapterSirkEndToEnd_sirk_error_bound_at (attempt 2)
18:30:34 sol:BookProof_ChapterSirkEndToEnd_sirk_error_bound_at: FAIL (theorem not published yet)
18:30:34 processing sol:BookProof_ChapterSirkEndToEnd_sirk_flow_error_tendsto_zero (attempt 2)
18:30:34 sol:BookProof_ChapterSirkEndToEnd_sirk_flow_error_tendsto_zero: FAIL (theorem not published yet)
18:30:34 processing sol:BookProof_ChapterSirkEndToEnd_sirk_flow_error_uniform_in_time (attempt 2)
18:30:34 sol:BookProof_ChapterSirkEndToEnd_sirk_flow_error_uniform_in_time: FAIL (theorem not published yet)
18:30:34 processing sol:BookProof_ChapterSirkEndToEnd_tendsto_zero_of_le_sirkBound (attempt 2)
18:30:34 sol:BookProof_ChapterSirkEndToEnd_tendsto_zero_of_le_sirkBound: FAIL (theorem not published yet)
18:30:34 processing sol:BookProof_ChapterSirkPerSystem_diagKR_sirk_crouzeix_domain (attempt 2)
18:30:34 sol:BookProof_ChapterSirkPerSystem_diagKR_sirk_crouzeix_domain: FAIL (theorem not published yet)
18:30:34 processing sol:BookProof_ChapterSirkPerSystem_lagrangian_sirk_crouzeix_domain (attempt 2)
18:30:34 sol:BookProof_ChapterSirkPerSystem_lagrangian_sirk_crouzeix_domain: FAIL (theorem not published yet)
18:30:34 processing sol:BookProof_ChapterSirkPerSystem_nsDiff_sirk_crouzeix_domain (attempt 2)
18:30:34 sol:BookProof_ChapterSirkPerSystem_nsDiff_sirk_crouzeix_domain: FAIL (theorem not published yet)
18:30:34 processing sol:BookProof_ChapterSirkPerSystem_ns_sirk_crouzeix_domain (attempt 2)
18:30:34 sol:BookProof_ChapterSirkPerSystem_ns_sirk_crouzeix_domain: FAIL (theorem not published yet)
18:30:34 processing sol:BookProof_ChapterSirkPerSystem_qgR2_shiftInvert_selects (attempt 2)
18:30:34 sol:BookProof_ChapterSirkPerSystem_qgR2_shiftInvert_selects: FAIL (theorem not published yet)
18:30:34 processing sol:BookProof_ChapterSirkPerSystem_qgR2_sirk_crouzeix_domain (attempt 2)
18:30:34 sol:BookProof_ChapterSirkPerSystem_qgR2_sirk_crouzeix_domain: FAIL (theorem not published yet)
18:30:34 processing sol:BookProof_ChapterSirkPerSystem_ym_sirk_crouzeix_domain (attempt 2)
18:30:34 sol:BookProof_ChapterSirkPerSystem_ym_sirk_crouzeix_domain: FAIL (theorem not published yet)
18:30:34 processing sol:BookProof_ChapterSirkWhitening_adjoint_comp_rangeProj (attempt 2)
18:30:34 sol:BookProof_ChapterSirkWhitening_adjoint_comp_rangeProj: FAIL (theorem not published yet)
18:30:34 processing sol:BookProof_ChapterSirkWhitening_compress_conj_whitening (attempt 2)
18:30:34 sol:BookProof_ChapterSirkWhitening_compress_conj_whitening: FAIL (theorem not published yet)
18:30:34 processing sol:BookProof_ChapterSirkWhitening_compress_reconstruct_eq (attempt 2)
18:30:34 sol:BookProof_ChapterSirkWhitening_compress_reconstruct_eq: FAIL (theorem not published yet)
18:30:34 processing sol:BookProof_ChapterSirkWhitening_embedding_comp_whiteningEquiv (attempt 2)
18:30:34 sol:BookProof_ChapterSirkWhitening_embedding_comp_whiteningEquiv: FAIL (theorem not published yet)
18:30:34 processing sol:BookProof_ChapterSirkWhitening_rangeProj_adjoint (attempt 2)
18:30:34 sol:BookProof_ChapterSirkWhitening_rangeProj_adjoint: FAIL (theorem not published yet)
18:30:34 processing sol:BookProof_ChapterSirkWhitening_rangeProj_apply (attempt 2)
18:30:34 sol:BookProof_ChapterSirkWhitening_rangeProj_apply: FAIL (theorem not published yet)
18:30:34 processing sol:BookProof_ChapterSirkWhitening_rangeProj_comp_embedding (attempt 2)
18:30:34 sol:BookProof_ChapterSirkWhitening_rangeProj_comp_embedding: FAIL (theorem not published yet)
18:30:34 processing sol:BookProof_ChapterSirkWhitening_rangeProj_comp_of_le (attempt 2)
18:30:34 sol:BookProof_ChapterSirkWhitening_rangeProj_comp_of_le: FAIL (theorem not published yet)
18:30:34 processing sol:BookProof_ChapterSirkWhitening_rangeProj_comp_self (attempt 2)
18:30:34 sol:BookProof_ChapterSirkWhitening_rangeProj_comp_self: FAIL (theorem not published yet)
18:30:34 processing sol:BookProof_ChapterSirkWhitening_rangeProj_eq_of_range_eq (attempt 2)
18:30:34 sol:BookProof_ChapterSirkWhitening_rangeProj_eq_of_range_eq: FAIL (theorem not published yet)
18:30:34 processing sol:BookProof_ChapterSirkWhitening_rangeProj_isSelfAdjoint (attempt 2)
18:30:34 sol:BookProof_ChapterSirkWhitening_rangeProj_isSelfAdjoint: FAIL (theorem not published yet)
18:30:34 processing sol:BookProof_ChapterSirkWhitening_sirkApprox_eq_of_range_eq (attempt 2)
18:30:34 sol:BookProof_ChapterSirkWhitening_sirkApprox_eq_of_range_eq: FAIL (theorem not published yet)
18:30:34 processing sol:BookProof_ChapterSirkWhitening_whiteningEquiv_isometry (attempt 2)
18:30:34 sol:BookProof_ChapterSirkWhitening_whiteningEquiv_isometry: FAIL (theorem not published yet)
18:30:34 processing sol:BookProof_ChapterSirkWhitening_whiteningEquiv_left_inverse (attempt 2)
18:30:34 sol:BookProof_ChapterSirkWhitening_whiteningEquiv_left_inverse: FAIL (theorem not published yet)
18:30:34 summary: 254 done, 163 pending, 0 failed
19:52:03 processing def:ChapterYangMillsHermite (attempt 2)
19:52:05 def:ChapterYangMillsHermite: FAIL (local compile failed: /home/leo/prove2me_workspace/Definitions/Def_ChapterYangMillsHermite.lean:1:0: error: object file '/home/leo/prove2me_workspace/)
19:52:05 processing def:ChapterSirkWhitening (attempt 2)
19:52:11 def:ChapterSirkWhitening: FAIL (local compile failed: /home/leo/prove2me_workspace/Definitions/Def_ChapterSirkWhitening.lean:42:5: error: unknown namespace `BookProof.ChapterH4`
/hom)
19:52:11 processing def:ChapterSirkPerSystem (attempt 2)
19:52:12 def:ChapterSirkPerSystem: FAIL (local compile failed: /home/leo/prove2me_workspace/Definitions/Def_ChapterSirkPerSystem.lean:1:0: error: object file '/home/leo/prove2me_workspace/.la)
19:52:12 processing def:ChapterSirkEndToEnd (attempt 2)
19:52:13 def:ChapterSirkEndToEnd: FAIL (local compile failed: /home/leo/prove2me_workspace/Definitions/Def_ChapterSirkEndToEnd.lean:1:0: error: object file '/home/leo/prove2me_workspace/.lak)
19:52:13 processing def:ChapterSirkDiffusiveDecay (attempt 2)
19:52:20 def:ChapterSirkDiffusiveDecay: FAIL (local compile failed: /home/leo/prove2me_workspace/Definitions/Def_ChapterSirkDiffusiveDecay.lean:56:5: error: unknown namespace `BookProof.ChapterH4`)
19:52:20 processing def:ChapterYangMillsSU3 (attempt 4)
19:52:28 def:ChapterYangMillsSU3: FAIL (submit-definition rejected: {"error": "A theorem or definition with name \"ChapterYangMillsSU3\" already exists"})
19:52:28 processing def:ChapterSirkGroupTransfer (attempt 4)
19:52:35 def:ChapterSirkGroupTransfer: FAIL (submit-definition rejected: {"error": "A theorem or definition with name \"ChapterSirkGroupTransfer\" already exists"})
19:52:35 processing def:ChapterMajoranaProp76 (attempt 4)
19:52:44 def:ChapterMajoranaProp76: FAIL (submit-definition rejected: {"error": "A theorem or definition with name \"ChapterMajoranaProp76\" already exists"})
19:52:44 processing thm:BookProof_ChapterMajoranaProp76_LinearIsometryEquiv_isNote4Unitary (attempt 4)
19:52:47 thm:BookProof_ChapterMajoranaProp76_LinearIsometryEquiv_isNote4Unitary: FAIL (local compile failed: /home/leo/prove2me_workspace/Theorems/Thm_BookProof_ChapterMajoranaProp76_LinearIsometryEquiv_isNote4Unitary.lean:5:5: error: un)
19:52:47 processing thm:BookProof_ChapterSirkGroupTransfer_norm_pow_le_of_le (attempt 4)
19:52:50 thm:BookProof_ChapterSirkGroupTransfer_norm_pow_le_of_le: FAIL (cannot split formal_statement from /home/leo/prove2me_workspace/Theorems/Thm_BookProof_ChapterSirkGroupTransfer_norm_pow_le_of_le.lean)
19:52:50 processing thm:BookProof_ChapterSirkGroupTransfer_norm_pow_sub_pow_le (attempt 4)
19:52:53 thm:BookProof_ChapterSirkGroupTransfer_norm_pow_sub_pow_le: FAIL (cannot split formal_statement from /home/leo/prove2me_workspace/Theorems/Thm_BookProof_ChapterSirkGroupTransfer_norm_pow_sub_pow_le.lean)
19:52:53 processing thm:BookProof_ChapterSirkGroupTransfer_groupFlow_zero (attempt 4)
19:52:56 thm:BookProof_ChapterSirkGroupTransfer_groupFlow_zero: FAIL (cannot split formal_statement from /home/leo/prove2me_workspace/Theorems/Thm_BookProof_ChapterSirkGroupTransfer_groupFlow_zero.lean)
19:52:56 processing thm:BookProof_ChapterSirkDiffusiveDecay_hasDerivAt_heatFlow_apply (attempt 4)
19:52:57 thm:BookProof_ChapterSirkDiffusiveDecay_hasDerivAt_heatFlow_apply: FAIL (local compile failed: /home/leo/prove2me_workspace/Theorems/Thm_BookProof_ChapterSirkDiffusiveDecay_hasDerivAt_heatFlow_apply.lean:2:0: error: object )
19:52:57 processing thm:BookProof_ChapterSirkDiffusiveDecay_hasDerivAt_heatFlow_normSq (attempt 4)
19:52:59 thm:BookProof_ChapterSirkDiffusiveDecay_hasDerivAt_heatFlow_normSq: FAIL (local compile failed: /home/leo/prove2me_workspace/Theorems/Thm_BookProof_ChapterSirkDiffusiveDecay_hasDerivAt_heatFlow_normSq.lean:2:0: error: object)
19:52:59 processing thm:BookProof_ChapterSirkDiffusiveDecay_heatFlow_apply_comm (attempt 4)
19:53:00 thm:BookProof_ChapterSirkDiffusiveDecay_heatFlow_apply_comm: FAIL (local compile failed: /home/leo/prove2me_workspace/Theorems/Thm_BookProof_ChapterSirkDiffusiveDecay_heatFlow_apply_comm.lean:2:0: error: object file ')
19:53:00 processing thm:BookProof_ChapterSirkDiffusiveDecay_heatFlow_zero (attempt 4)
19:53:01 thm:BookProof_ChapterSirkDiffusiveDecay_heatFlow_zero: FAIL (local compile failed: /home/leo/prove2me_workspace/Theorems/Thm_BookProof_ChapterSirkDiffusiveDecay_heatFlow_zero.lean:2:0: error: object file '/home/)
19:53:01 processing thm:BookProof_ChapterSirkDiffusiveDecay_isCoercive_add_algebraMap (attempt 4)
19:53:02 thm:BookProof_ChapterSirkDiffusiveDecay_isCoercive_add_algebraMap: FAIL (local compile failed: /home/leo/prove2me_workspace/Theorems/Thm_BookProof_ChapterSirkDiffusiveDecay_isCoercive_add_algebraMap.lean:2:0: error: object )
19:53:02 processing thm:BookProof_ChapterSirkDiffusiveDecay_isCoercive_compress (attempt 4)
19:53:04 thm:BookProof_ChapterSirkDiffusiveDecay_isCoercive_compress: FAIL (local compile failed: /home/leo/prove2me_workspace/Theorems/Thm_BookProof_ChapterSirkDiffusiveDecay_isCoercive_compress.lean:2:0: error: object file ')
19:53:04 processing thm:BookProof_ChapterSirkDiffusiveDecay_norm_embedding (attempt 4)
19:53:05 thm:BookProof_ChapterSirkDiffusiveDecay_norm_embedding: FAIL (local compile failed: /home/leo/prove2me_workspace/Theorems/Thm_BookProof_ChapterSirkDiffusiveDecay_norm_embedding.lean:2:0: error: object file '/home)
19:53:05 processing thm:BookProof_ChapterSirkDiffusiveDecay_norm_heatFlow_apply_le (attempt 4)
19:53:06 thm:BookProof_ChapterSirkDiffusiveDecay_norm_heatFlow_apply_le: FAIL (local compile failed: /home/leo/prove2me_workspace/Theorems/Thm_BookProof_ChapterSirkDiffusiveDecay_norm_heatFlow_apply_le.lean:2:0: error: object fil)
19:53:06 processing thm:BookProof_ChapterSirkDiffusiveDecay_norm_heatFlow_compress_apply_le (attempt 3)
19:53:08 thm:BookProof_ChapterSirkDiffusiveDecay_norm_heatFlow_compress_apply_le: FAIL (local compile failed: /home/leo/prove2me_workspace/Theorems/Thm_BookProof_ChapterSirkDiffusiveDecay_norm_heatFlow_compress_apply_le.lean:2:0: error: o)
19:53:08 processing thm:BookProof_ChapterSirkDiffusiveDecay_norm_heatFlow_le (attempt 3)
19:53:09 thm:BookProof_ChapterSirkDiffusiveDecay_norm_heatFlow_le: FAIL (local compile failed: /home/leo/prove2me_workspace/Theorems/Thm_BookProof_ChapterSirkDiffusiveDecay_norm_heatFlow_le.lean:2:0: error: object file '/ho)
19:53:09 processing thm:BookProof_ChapterSirkEndToEnd_crouzeix_domain_transfer (attempt 3)
19:53:12 thm:BookProof_ChapterSirkEndToEnd_crouzeix_domain_transfer: FAIL (local compile failed: /home/leo/prove2me_workspace/Theorems/Thm_BookProof_ChapterSirkEndToEnd_crouzeix_domain_transfer.lean:20:5: error: unknown names)
19:53:12 processing thm:BookProof_ChapterSirkEndToEnd_crouzeix_domain_uniform (attempt 3)
19:53:15 thm:BookProof_ChapterSirkEndToEnd_crouzeix_domain_uniform: FAIL (local compile failed: /home/leo/prove2me_workspace/Theorems/Thm_BookProof_ChapterSirkEndToEnd_crouzeix_domain_uniform.lean:20:5: error: unknown namesp)
19:53:15 processing thm:BookProof_ChapterSirkEndToEnd_norm_sirkApprox_apply_le (attempt 3)
19:53:18 thm:BookProof_ChapterSirkEndToEnd_norm_sirkApprox_apply_le: FAIL (local compile failed: /home/leo/prove2me_workspace/Theorems/Thm_BookProof_ChapterSirkEndToEnd_norm_sirkApprox_apply_le.lean:20:5: error: unknown names)
19:53:18 processing thm:BookProof_ChapterSirkEndToEnd_norm_sirkApprox_apply_le_of_isometry (attempt 3)
19:53:21 thm:BookProof_ChapterSirkEndToEnd_norm_sirkApprox_apply_le_of_isometry: FAIL (local compile failed: /home/leo/prove2me_workspace/Theorems/Thm_BookProof_ChapterSirkEndToEnd_norm_sirkApprox_apply_le_of_isometry.lean:20:5: error: u)
19:53:21 processing thm:BookProof_ChapterSirkEndToEnd_sirkApprox_apply (attempt 3)
19:53:24 thm:BookProof_ChapterSirkEndToEnd_sirkApprox_apply: FAIL (local compile failed: /home/leo/prove2me_workspace/Theorems/Thm_BookProof_ChapterSirkEndToEnd_sirkApprox_apply.lean:20:5: error: unknown namespace `Bo)
19:53:24 processing thm:BookProof_ChapterSirkEndToEnd_sirkApprox_id (attempt 3)
19:53:27 thm:BookProof_ChapterSirkEndToEnd_sirkApprox_id: FAIL (local compile failed: /home/leo/prove2me_workspace/Theorems/Thm_BookProof_ChapterSirkEndToEnd_sirkApprox_id.lean:20:5: error: unknown namespace `BookP)
19:53:27 processing thm:BookProof_ChapterSirkEndToEnd_sirkReconstruction_isIdempotent (attempt 3)
19:53:31 thm:BookProof_ChapterSirkEndToEnd_sirkReconstruction_isIdempotent: FAIL (local compile failed: /home/leo/prove2me_workspace/Theorems/Thm_BookProof_ChapterSirkEndToEnd_sirkReconstruction_isIdempotent.lean:20:5: error: unknow)
19:53:31 processing thm:BookProof_ChapterSirkEndToEnd_sirkReconstruction_isSelfAdjoint (attempt 3)
19:53:34 thm:BookProof_ChapterSirkEndToEnd_sirkReconstruction_isSelfAdjoint: FAIL (local compile failed: /home/leo/prove2me_workspace/Theorems/Thm_BookProof_ChapterSirkEndToEnd_sirkReconstruction_isSelfAdjoint.lean:20:5: error: unkno)
19:53:34 processing thm:BookProof_ChapterSirkEndToEnd_sirk_end_to_end (attempt 3)
19:53:38 thm:BookProof_ChapterSirkEndToEnd_sirk_end_to_end: FAIL (local compile failed: /home/leo/prove2me_workspace/Theorems/Thm_BookProof_ChapterSirkEndToEnd_sirk_end_to_end.lean:20:5: error: unknown namespace `Boo)
19:53:38 processing thm:BookProof_ChapterSirkEndToEnd_sirk_end_to_end_satisfiable (attempt 3)
19:53:41 thm:BookProof_ChapterSirkEndToEnd_sirk_end_to_end_satisfiable: FAIL (local compile failed: /home/leo/prove2me_workspace/Theorems/Thm_BookProof_ChapterSirkEndToEnd_sirk_end_to_end_satisfiable.lean:20:5: error: unknown na)
19:53:41 processing thm:BookProof_ChapterSirkEndToEnd_sirk_error_bound_at (attempt 3)
19:53:44 thm:BookProof_ChapterSirkEndToEnd_sirk_error_bound_at: FAIL (local compile failed: /home/leo/prove2me_workspace/Theorems/Thm_BookProof_ChapterSirkEndToEnd_sirk_error_bound_at.lean:20:5: error: unknown namespace )
19:53:44 processing thm:BookProof_ChapterSirkEndToEnd_sirk_flow_error_tendsto_zero (attempt 3)
19:53:47 thm:BookProof_ChapterSirkEndToEnd_sirk_flow_error_tendsto_zero: FAIL (local compile failed: /home/leo/prove2me_workspace/Theorems/Thm_BookProof_ChapterSirkEndToEnd_sirk_flow_error_tendsto_zero.lean:20:5: error: unknown n)
19:53:48 processing thm:BookProof_ChapterSirkEndToEnd_sirk_flow_error_uniform_in_time (attempt 3)
19:53:51 thm:BookProof_ChapterSirkEndToEnd_sirk_flow_error_uniform_in_time: FAIL (local compile failed: /home/leo/prove2me_workspace/Theorems/Thm_BookProof_ChapterSirkEndToEnd_sirk_flow_error_uniform_in_time.lean:20:5: error: unknow)
19:53:51 processing thm:BookProof_ChapterSirkEndToEnd_tendsto_zero_of_le_sirkBound (attempt 3)
19:53:54 thm:BookProof_ChapterSirkEndToEnd_tendsto_zero_of_le_sirkBound: FAIL (local compile failed: /home/leo/prove2me_workspace/Theorems/Thm_BookProof_ChapterSirkEndToEnd_tendsto_zero_of_le_sirkBound.lean:20:5: error: unknown n)
19:53:54 processing thm:BookProof_ChapterSirkPerSystem_diagKR_sirk_crouzeix_domain (attempt 3)
19:53:55 thm:BookProof_ChapterSirkPerSystem_diagKR_sirk_crouzeix_domain: FAIL (local compile failed: /home/leo/prove2me_workspace/Theorems/Thm_BookProof_ChapterSirkPerSystem_diagKR_sirk_crouzeix_domain.lean:2:0: error: object fil)
19:53:55 processing thm:BookProof_ChapterSirkPerSystem_lagrangian_sirk_crouzeix_domain (attempt 3)
19:53:56 thm:BookProof_ChapterSirkPerSystem_lagrangian_sirk_crouzeix_domain: FAIL (local compile failed: /home/leo/prove2me_workspace/Theorems/Thm_BookProof_ChapterSirkPerSystem_lagrangian_sirk_crouzeix_domain.lean:2:0: error: object)
19:53:56 processing thm:BookProof_ChapterSirkPerSystem_nsDiff_sirk_crouzeix_domain (attempt 3)
19:53:58 thm:BookProof_ChapterSirkPerSystem_nsDiff_sirk_crouzeix_domain: FAIL (local compile failed: /home/leo/prove2me_workspace/Theorems/Thm_BookProof_ChapterSirkPerSystem_nsDiff_sirk_crouzeix_domain.lean:2:0: error: object fil)
19:53:58 processing thm:BookProof_ChapterSirkPerSystem_ns_sirk_crouzeix_domain (attempt 3)
19:53:59 thm:BookProof_ChapterSirkPerSystem_ns_sirk_crouzeix_domain: FAIL (local compile failed: /home/leo/prove2me_workspace/Theorems/Thm_BookProof_ChapterSirkPerSystem_ns_sirk_crouzeix_domain.lean:2:0: error: object file '/)
19:53:59 processing thm:BookProof_ChapterSirkPerSystem_qgR2_shiftInvert_selects (attempt 3)
19:54:00 thm:BookProof_ChapterSirkPerSystem_qgR2_shiftInvert_selects: FAIL (local compile failed: /home/leo/prove2me_workspace/Theorems/Thm_BookProof_ChapterSirkPerSystem_qgR2_shiftInvert_selects.lean:2:0: error: object file ')
19:54:00 processing thm:BookProof_ChapterSirkPerSystem_qgR2_sirk_crouzeix_domain (attempt 3)
19:54:01 thm:BookProof_ChapterSirkPerSystem_qgR2_sirk_crouzeix_domain: FAIL (local compile failed: /home/leo/prove2me_workspace/Theorems/Thm_BookProof_ChapterSirkPerSystem_qgR2_sirk_crouzeix_domain.lean:2:0: error: object file )
19:54:01 processing thm:BookProof_ChapterSirkPerSystem_ym_sirk_crouzeix_domain (attempt 3)
19:54:03 thm:BookProof_ChapterSirkPerSystem_ym_sirk_crouzeix_domain: FAIL (local compile failed: /home/leo/prove2me_workspace/Theorems/Thm_BookProof_ChapterSirkPerSystem_ym_sirk_crouzeix_domain.lean:2:0: error: object file '/)
19:54:03 processing thm:BookProof_ChapterSirkWhitening_adjoint_comp_rangeProj (attempt 3)
19:54:04 thm:BookProof_ChapterSirkWhitening_adjoint_comp_rangeProj: FAIL (local compile failed: /home/leo/prove2me_workspace/Theorems/Thm_BookProof_ChapterSirkWhitening_adjoint_comp_rangeProj.lean:2:0: error: object file '/h)
19:54:04 processing thm:BookProof_ChapterSirkWhitening_compress_conj_whitening (attempt 3)
19:54:05 thm:BookProof_ChapterSirkWhitening_compress_conj_whitening: FAIL (local compile failed: /home/leo/prove2me_workspace/Theorems/Thm_BookProof_ChapterSirkWhitening_compress_conj_whitening.lean:2:0: error: object file '/)
19:54:05 processing thm:BookProof_ChapterSirkWhitening_compress_reconstruct_eq (attempt 3)
19:54:07 thm:BookProof_ChapterSirkWhitening_compress_reconstruct_eq: FAIL (local compile failed: /home/leo/prove2me_workspace/Theorems/Thm_BookProof_ChapterSirkWhitening_compress_reconstruct_eq.lean:2:0: error: object file '/)
19:54:07 processing thm:BookProof_ChapterSirkWhitening_embedding_comp_whiteningEquiv (attempt 3)
19:54:08 thm:BookProof_ChapterSirkWhitening_embedding_comp_whiteningEquiv: FAIL (local compile failed: /home/leo/prove2me_workspace/Theorems/Thm_BookProof_ChapterSirkWhitening_embedding_comp_whiteningEquiv.lean:2:0: error: object f)
19:54:08 processing thm:BookProof_ChapterSirkWhitening_rangeProj_adjoint (attempt 3)
19:54:09 thm:BookProof_ChapterSirkWhitening_rangeProj_adjoint: FAIL (local compile failed: /home/leo/prove2me_workspace/Theorems/Thm_BookProof_ChapterSirkWhitening_rangeProj_adjoint.lean:2:0: error: object file '/home/l)
19:54:09 processing thm:BookProof_ChapterSirkWhitening_rangeProj_apply (attempt 3)
19:54:11 thm:BookProof_ChapterSirkWhitening_rangeProj_apply: FAIL (local compile failed: /home/leo/prove2me_workspace/Theorems/Thm_BookProof_ChapterSirkWhitening_rangeProj_apply.lean:2:0: error: object file '/home/leo)
19:54:11 processing thm:BookProof_ChapterSirkWhitening_rangeProj_comp_embedding (attempt 3)
19:54:12 thm:BookProof_ChapterSirkWhitening_rangeProj_comp_embedding: FAIL (local compile failed: /home/leo/prove2me_workspace/Theorems/Thm_BookProof_ChapterSirkWhitening_rangeProj_comp_embedding.lean:2:0: error: object file ')
19:54:12 processing thm:BookProof_ChapterSirkWhitening_rangeProj_comp_of_le (attempt 3)
19:54:13 thm:BookProof_ChapterSirkWhitening_rangeProj_comp_of_le: FAIL (local compile failed: /home/leo/prove2me_workspace/Theorems/Thm_BookProof_ChapterSirkWhitening_rangeProj_comp_of_le.lean:2:0: error: object file '/hom)
19:54:13 processing thm:BookProof_ChapterSirkWhitening_rangeProj_comp_self (attempt 3)
19:54:14 thm:BookProof_ChapterSirkWhitening_rangeProj_comp_self: FAIL (local compile failed: /home/leo/prove2me_workspace/Theorems/Thm_BookProof_ChapterSirkWhitening_rangeProj_comp_self.lean:2:0: error: object file '/home)
19:54:14 processing thm:BookProof_ChapterSirkWhitening_rangeProj_eq_of_range_eq (attempt 3)
19:54:16 thm:BookProof_ChapterSirkWhitening_rangeProj_eq_of_range_eq: FAIL (local compile failed: /home/leo/prove2me_workspace/Theorems/Thm_BookProof_ChapterSirkWhitening_rangeProj_eq_of_range_eq.lean:2:0: error: object file ')
19:54:16 processing thm:BookProof_ChapterSirkWhitening_rangeProj_isSelfAdjoint (attempt 3)
19:54:17 thm:BookProof_ChapterSirkWhitening_rangeProj_isSelfAdjoint: FAIL (local compile failed: /home/leo/prove2me_workspace/Theorems/Thm_BookProof_ChapterSirkWhitening_rangeProj_isSelfAdjoint.lean:2:0: error: object file '/)
19:54:17 processing thm:BookProof_ChapterSirkWhitening_sirkApprox_eq_of_range_eq (attempt 3)
19:54:18 thm:BookProof_ChapterSirkWhitening_sirkApprox_eq_of_range_eq: FAIL (local compile failed: /home/leo/prove2me_workspace/Theorems/Thm_BookProof_ChapterSirkWhitening_sirkApprox_eq_of_range_eq.lean:2:0: error: object file )
19:54:18 processing thm:BookProof_ChapterSirkWhitening_whiteningEquiv_isometry (attempt 3)
19:54:20 thm:BookProof_ChapterSirkWhitening_whiteningEquiv_isometry: FAIL (local compile failed: /home/leo/prove2me_workspace/Theorems/Thm_BookProof_ChapterSirkWhitening_whiteningEquiv_isometry.lean:2:0: error: object file '/)
19:54:20 processing thm:BookProof_ChapterSirkWhitening_whiteningEquiv_left_inverse (attempt 3)
19:54:21 thm:BookProof_ChapterSirkWhitening_whiteningEquiv_left_inverse: FAIL (local compile failed: /home/leo/prove2me_workspace/Theorems/Thm_BookProof_ChapterSirkWhitening_whiteningEquiv_left_inverse.lean:2:0: error: object fil)
19:54:21 processing sol:BookProof_ChapterMajoranaProp76_LinearIsometryEquiv_isNote4Unitary (attempt 3)
19:54:21 sol:BookProof_ChapterMajoranaProp76_LinearIsometryEquiv_isNote4Unitary: FAIL (theorem not published yet)
19:54:21 processing sol:BookProof_ChapterSirkGroupTransfer_norm_pow_le_of_le (attempt 3)
19:54:21 sol:BookProof_ChapterSirkGroupTransfer_norm_pow_le_of_le: FAIL (theorem not published yet)
19:54:21 processing sol:BookProof_ChapterSirkGroupTransfer_norm_pow_sub_pow_le (attempt 3)
19:54:21 sol:BookProof_ChapterSirkGroupTransfer_norm_pow_sub_pow_le: FAIL (theorem not published yet)
19:54:21 processing sol:BookProof_ChapterSirkGroupTransfer_groupFlow_zero (attempt 3)
19:54:21 sol:BookProof_ChapterSirkGroupTransfer_groupFlow_zero: FAIL (theorem not published yet)
19:54:21 processing sol:BookProof_ChapterSirkDiffusiveDecay_hasDerivAt_heatFlow_apply (attempt 3)
19:54:21 sol:BookProof_ChapterSirkDiffusiveDecay_hasDerivAt_heatFlow_apply: FAIL (theorem not published yet)
19:54:21 processing sol:BookProof_ChapterSirkDiffusiveDecay_hasDerivAt_heatFlow_normSq (attempt 3)
19:54:21 sol:BookProof_ChapterSirkDiffusiveDecay_hasDerivAt_heatFlow_normSq: FAIL (theorem not published yet)
19:54:21 processing sol:BookProof_ChapterSirkDiffusiveDecay_heatFlow_apply_comm (attempt 3)
19:54:21 sol:BookProof_ChapterSirkDiffusiveDecay_heatFlow_apply_comm: FAIL (theorem not published yet)
19:54:21 processing sol:BookProof_ChapterSirkDiffusiveDecay_heatFlow_zero (attempt 3)
19:54:21 sol:BookProof_ChapterSirkDiffusiveDecay_heatFlow_zero: FAIL (theorem not published yet)
19:54:21 processing sol:BookProof_ChapterSirkDiffusiveDecay_isCoercive_add_algebraMap (attempt 3)
19:54:21 sol:BookProof_ChapterSirkDiffusiveDecay_isCoercive_add_algebraMap: FAIL (theorem not published yet)
19:54:21 processing sol:BookProof_ChapterSirkDiffusiveDecay_isCoercive_compress (attempt 3)
19:54:21 sol:BookProof_ChapterSirkDiffusiveDecay_isCoercive_compress: FAIL (theorem not published yet)
19:54:21 processing sol:BookProof_ChapterSirkDiffusiveDecay_norm_embedding (attempt 3)
19:54:21 sol:BookProof_ChapterSirkDiffusiveDecay_norm_embedding: FAIL (theorem not published yet)
19:54:21 processing sol:BookProof_ChapterSirkDiffusiveDecay_norm_heatFlow_apply_le (attempt 3)
19:54:21 sol:BookProof_ChapterSirkDiffusiveDecay_norm_heatFlow_apply_le: FAIL (theorem not published yet)
19:54:21 processing sol:BookProof_ChapterSirkDiffusiveDecay_norm_heatFlow_compress_apply_le (attempt 3)
19:54:21 sol:BookProof_ChapterSirkDiffusiveDecay_norm_heatFlow_compress_apply_le: FAIL (theorem not published yet)
19:54:21 processing sol:BookProof_ChapterSirkDiffusiveDecay_norm_heatFlow_le (attempt 3)
19:54:21 sol:BookProof_ChapterSirkDiffusiveDecay_norm_heatFlow_le: FAIL (theorem not published yet)
19:54:21 processing sol:BookProof_ChapterSirkEndToEnd_crouzeix_domain_transfer (attempt 3)
19:54:21 sol:BookProof_ChapterSirkEndToEnd_crouzeix_domain_transfer: FAIL (theorem not published yet)
19:54:21 processing sol:BookProof_ChapterSirkEndToEnd_crouzeix_domain_uniform (attempt 3)
19:54:21 sol:BookProof_ChapterSirkEndToEnd_crouzeix_domain_uniform: FAIL (theorem not published yet)
19:54:21 processing sol:BookProof_ChapterSirkEndToEnd_norm_sirkApprox_apply_le (attempt 3)
19:54:21 sol:BookProof_ChapterSirkEndToEnd_norm_sirkApprox_apply_le: FAIL (theorem not published yet)
19:54:21 processing sol:BookProof_ChapterSirkEndToEnd_norm_sirkApprox_apply_le_of_isometry (attempt 3)
19:54:21 sol:BookProof_ChapterSirkEndToEnd_norm_sirkApprox_apply_le_of_isometry: FAIL (theorem not published yet)
19:54:21 processing sol:BookProof_ChapterSirkEndToEnd_sirkApprox_apply (attempt 3)
19:54:21 sol:BookProof_ChapterSirkEndToEnd_sirkApprox_apply: FAIL (theorem not published yet)
19:54:21 processing sol:BookProof_ChapterSirkEndToEnd_sirkApprox_id (attempt 3)
19:54:21 sol:BookProof_ChapterSirkEndToEnd_sirkApprox_id: FAIL (theorem not published yet)
19:54:21 processing sol:BookProof_ChapterSirkEndToEnd_sirkReconstruction_isIdempotent (attempt 3)
19:54:21 sol:BookProof_ChapterSirkEndToEnd_sirkReconstruction_isIdempotent: FAIL (theorem not published yet)
19:54:21 processing sol:BookProof_ChapterSirkEndToEnd_sirkReconstruction_isSelfAdjoint (attempt 3)
19:54:21 sol:BookProof_ChapterSirkEndToEnd_sirkReconstruction_isSelfAdjoint: FAIL (theorem not published yet)
19:54:21 processing sol:BookProof_ChapterSirkEndToEnd_sirk_end_to_end (attempt 3)
19:54:21 sol:BookProof_ChapterSirkEndToEnd_sirk_end_to_end: FAIL (theorem not published yet)
19:54:21 processing sol:BookProof_ChapterSirkEndToEnd_sirk_end_to_end_satisfiable (attempt 3)
19:54:21 sol:BookProof_ChapterSirkEndToEnd_sirk_end_to_end_satisfiable: FAIL (theorem not published yet)
19:54:21 processing sol:BookProof_ChapterSirkEndToEnd_sirk_error_bound_at (attempt 3)
19:54:21 sol:BookProof_ChapterSirkEndToEnd_sirk_error_bound_at: FAIL (theorem not published yet)
19:54:21 processing sol:BookProof_ChapterSirkEndToEnd_sirk_flow_error_tendsto_zero (attempt 3)
19:54:21 sol:BookProof_ChapterSirkEndToEnd_sirk_flow_error_tendsto_zero: FAIL (theorem not published yet)
19:54:21 processing sol:BookProof_ChapterSirkEndToEnd_sirk_flow_error_uniform_in_time (attempt 3)
19:54:21 sol:BookProof_ChapterSirkEndToEnd_sirk_flow_error_uniform_in_time: FAIL (theorem not published yet)
19:54:21 processing sol:BookProof_ChapterSirkEndToEnd_tendsto_zero_of_le_sirkBound (attempt 3)
19:54:21 sol:BookProof_ChapterSirkEndToEnd_tendsto_zero_of_le_sirkBound: FAIL (theorem not published yet)
19:54:21 processing sol:BookProof_ChapterSirkPerSystem_diagKR_sirk_crouzeix_domain (attempt 3)
19:54:21 sol:BookProof_ChapterSirkPerSystem_diagKR_sirk_crouzeix_domain: FAIL (theorem not published yet)
19:54:21 processing sol:BookProof_ChapterSirkPerSystem_lagrangian_sirk_crouzeix_domain (attempt 3)
19:54:21 sol:BookProof_ChapterSirkPerSystem_lagrangian_sirk_crouzeix_domain: FAIL (theorem not published yet)
19:54:21 processing sol:BookProof_ChapterSirkPerSystem_nsDiff_sirk_crouzeix_domain (attempt 3)
19:54:21 sol:BookProof_ChapterSirkPerSystem_nsDiff_sirk_crouzeix_domain: FAIL (theorem not published yet)
19:54:21 processing sol:BookProof_ChapterSirkPerSystem_ns_sirk_crouzeix_domain (attempt 3)
19:54:21 sol:BookProof_ChapterSirkPerSystem_ns_sirk_crouzeix_domain: FAIL (theorem not published yet)
19:54:21 processing sol:BookProof_ChapterSirkPerSystem_qgR2_shiftInvert_selects (attempt 3)
19:54:21 sol:BookProof_ChapterSirkPerSystem_qgR2_shiftInvert_selects: FAIL (theorem not published yet)
19:54:21 processing sol:BookProof_ChapterSirkPerSystem_qgR2_sirk_crouzeix_domain (attempt 3)
19:54:21 sol:BookProof_ChapterSirkPerSystem_qgR2_sirk_crouzeix_domain: FAIL (theorem not published yet)
19:54:21 processing sol:BookProof_ChapterSirkPerSystem_ym_sirk_crouzeix_domain (attempt 3)
19:54:21 sol:BookProof_ChapterSirkPerSystem_ym_sirk_crouzeix_domain: FAIL (theorem not published yet)
19:54:21 processing sol:BookProof_ChapterSirkWhitening_adjoint_comp_rangeProj (attempt 3)
19:54:21 sol:BookProof_ChapterSirkWhitening_adjoint_comp_rangeProj: FAIL (theorem not published yet)
19:54:21 processing sol:BookProof_ChapterSirkWhitening_compress_conj_whitening (attempt 3)
19:54:21 sol:BookProof_ChapterSirkWhitening_compress_conj_whitening: FAIL (theorem not published yet)
19:54:21 processing sol:BookProof_ChapterSirkWhitening_compress_reconstruct_eq (attempt 3)
19:54:21 sol:BookProof_ChapterSirkWhitening_compress_reconstruct_eq: FAIL (theorem not published yet)
19:54:21 processing sol:BookProof_ChapterSirkWhitening_embedding_comp_whiteningEquiv (attempt 3)
19:54:21 sol:BookProof_ChapterSirkWhitening_embedding_comp_whiteningEquiv: FAIL (theorem not published yet)
19:54:21 processing sol:BookProof_ChapterSirkWhitening_rangeProj_adjoint (attempt 3)
19:54:21 sol:BookProof_ChapterSirkWhitening_rangeProj_adjoint: FAIL (theorem not published yet)
19:54:21 processing sol:BookProof_ChapterSirkWhitening_rangeProj_apply (attempt 3)
19:54:21 sol:BookProof_ChapterSirkWhitening_rangeProj_apply: FAIL (theorem not published yet)
19:54:21 processing sol:BookProof_ChapterSirkWhitening_rangeProj_comp_embedding (attempt 3)
19:54:21 sol:BookProof_ChapterSirkWhitening_rangeProj_comp_embedding: FAIL (theorem not published yet)
19:54:21 processing sol:BookProof_ChapterSirkWhitening_rangeProj_comp_of_le (attempt 3)
19:54:21 sol:BookProof_ChapterSirkWhitening_rangeProj_comp_of_le: FAIL (theorem not published yet)
19:54:21 processing sol:BookProof_ChapterSirkWhitening_rangeProj_comp_self (attempt 3)
19:54:21 sol:BookProof_ChapterSirkWhitening_rangeProj_comp_self: FAIL (theorem not published yet)
19:54:21 processing sol:BookProof_ChapterSirkWhitening_rangeProj_eq_of_range_eq (attempt 3)
19:54:21 sol:BookProof_ChapterSirkWhitening_rangeProj_eq_of_range_eq: FAIL (theorem not published yet)
19:54:21 processing sol:BookProof_ChapterSirkWhitening_rangeProj_isSelfAdjoint (attempt 3)
19:54:21 sol:BookProof_ChapterSirkWhitening_rangeProj_isSelfAdjoint: FAIL (theorem not published yet)
19:54:21 processing sol:BookProof_ChapterSirkWhitening_sirkApprox_eq_of_range_eq (attempt 3)
19:54:21 sol:BookProof_ChapterSirkWhitening_sirkApprox_eq_of_range_eq: FAIL (theorem not published yet)
19:54:21 processing sol:BookProof_ChapterSirkWhitening_whiteningEquiv_isometry (attempt 3)
19:54:21 sol:BookProof_ChapterSirkWhitening_whiteningEquiv_isometry: FAIL (theorem not published yet)
19:54:21 processing sol:BookProof_ChapterSirkWhitening_whiteningEquiv_left_inverse (attempt 3)
19:54:21 sol:BookProof_ChapterSirkWhitening_whiteningEquiv_left_inverse: FAIL (theorem not published yet)
19:54:21 summary: 254 done, 163 pending, 0 failed
22:33:07 processing def:ChapterYangMillsHermite (attempt 3)
22:33:11 def:ChapterYangMillsHermite: FAIL (local compile failed: /home/leo/prove2me_workspace/Definitions/Def_ChapterYangMillsHermite.lean:96:34: error(lean.unknownIdentifier): Unknown identifi)
22:33:11 processing def:ChapterSirkWhitening (attempt 3)
22:33:27 def:ChapterSirkWhitening: FAIL (publish FAILED: definition does not compile: unknown import: Definitions.Def_ChapterH4. No such definition exists in this Lean environment (mathlib 0d)
22:33:27 processing def:ChapterSirkPerSystem (attempt 3)
22:33:31 def:ChapterSirkPerSystem: FAIL (local compile failed: /home/leo/prove2me_workspace/Definitions/Def_ChapterSirkPerSystem.lean:63:26: error: Function expected at
  L2d
but this term ha)
22:33:31 processing def:ChapterSirkEndToEnd (attempt 3)
22:33:47 def:ChapterSirkEndToEnd: FAIL (publish FAILED: definition does not compile: unknown import: Definitions.Def_ChapterH4. No such definition exists in this Lean environment (mathlib 0d)
22:33:47 processing def:ChapterSirkDiffusiveDecay (attempt 3)
22:34:04 def:ChapterSirkDiffusiveDecay: FAIL (publish FAILED: definition does not compile: unknown import: Definitions.Def_ChapterH4. No such definition exists in this Lean environment (mathlib 0d)
22:34:04 processing def:ChapterYangMillsSU3 (attempt 5)
22:34:11 def:ChapterYangMillsSU3: FAIL (submit-definition rejected: {"error": "A theorem or definition with name \"ChapterYangMillsSU3\" already exists"})
22:34:11 processing def:ChapterSirkGroupTransfer (attempt 5)
22:34:19 def:ChapterSirkGroupTransfer: FAIL (submit-definition rejected: {"error": "A theorem or definition with name \"ChapterSirkGroupTransfer\" already exists"})
22:34:19 processing def:ChapterMajoranaProp76 (attempt 5)
22:34:26 def:ChapterMajoranaProp76: FAIL (submit-definition rejected: {"error": "A theorem or definition with name \"ChapterMajoranaProp76\" already exists"})
22:34:26 processing thm:BookProof_ChapterMajoranaProp76_LinearIsometryEquiv_isNote4Unitary (attempt 5)
22:34:29 thm:BookProof_ChapterMajoranaProp76_LinearIsometryEquiv_isNote4Unitary: FAIL (local compile failed: /home/leo/prove2me_workspace/Theorems/Thm_BookProof_ChapterMajoranaProp76_LinearIsometryEquiv_isNote4Unitary.lean:5:5: error: un)
22:34:29 processing thm:BookProof_ChapterSirkGroupTransfer_norm_pow_le_of_le (attempt 5)
22:34:32 thm:BookProof_ChapterSirkGroupTransfer_norm_pow_le_of_le: FAIL (cannot split formal_statement from /home/leo/prove2me_workspace/Theorems/Thm_BookProof_ChapterSirkGroupTransfer_norm_pow_le_of_le.lean)
22:34:32 processing thm:BookProof_ChapterSirkGroupTransfer_norm_pow_sub_pow_le (attempt 5)
22:34:35 thm:BookProof_ChapterSirkGroupTransfer_norm_pow_sub_pow_le: FAIL (cannot split formal_statement from /home/leo/prove2me_workspace/Theorems/Thm_BookProof_ChapterSirkGroupTransfer_norm_pow_sub_pow_le.lean)
22:34:35 processing thm:BookProof_ChapterSirkGroupTransfer_groupFlow_zero (attempt 5)
22:34:38 thm:BookProof_ChapterSirkGroupTransfer_groupFlow_zero: FAIL (cannot split formal_statement from /home/leo/prove2me_workspace/Theorems/Thm_BookProof_ChapterSirkGroupTransfer_groupFlow_zero.lean)
22:34:38 processing thm:BookProof_ChapterSirkDiffusiveDecay_hasDerivAt_heatFlow_apply (attempt 5)
22:34:55 thm:BookProof_ChapterSirkDiffusiveDecay_hasDerivAt_heatFlow_apply: FAIL (publish FAILED: formal statement does not compile: unknown import: Definitions.Def_ChapterSirkDiffusiveDecay. No such definition exists in this Lean e)
22:34:55 processing thm:BookProof_ChapterSirkDiffusiveDecay_hasDerivAt_heatFlow_normSq (attempt 5)
22:35:14 thm:BookProof_ChapterSirkDiffusiveDecay_hasDerivAt_heatFlow_normSq: FAIL (publish FAILED: formal statement does not compile: unknown import: Definitions.Def_ChapterSirkDiffusiveDecay. No such definition exists in this Lean e)
22:35:14 processing thm:BookProof_ChapterSirkDiffusiveDecay_heatFlow_apply_comm (attempt 5)
22:35:31 thm:BookProof_ChapterSirkDiffusiveDecay_heatFlow_apply_comm: FAIL (publish FAILED: formal statement does not compile: unknown import: Definitions.Def_ChapterSirkDiffusiveDecay. No such definition exists in this Lean e)
22:35:31 processing thm:BookProof_ChapterSirkDiffusiveDecay_heatFlow_zero (attempt 5)
22:35:47 thm:BookProof_ChapterSirkDiffusiveDecay_heatFlow_zero: FAIL (publish FAILED: formal statement does not compile: unknown import: Definitions.Def_ChapterSirkDiffusiveDecay. No such definition exists in this Lean e)
22:35:47 processing thm:BookProof_ChapterSirkDiffusiveDecay_isCoercive_add_algebraMap (attempt 5)
22:36:03 thm:BookProof_ChapterSirkDiffusiveDecay_isCoercive_add_algebraMap: FAIL (publish FAILED: formal statement does not compile: unknown import: Definitions.Def_ChapterSirkDiffusiveDecay. No such definition exists in this Lean e)
22:36:03 processing thm:BookProof_ChapterSirkDiffusiveDecay_isCoercive_compress (attempt 5)
22:36:20 thm:BookProof_ChapterSirkDiffusiveDecay_isCoercive_compress: FAIL (publish FAILED: formal statement does not compile: unknown import: Definitions.Def_ChapterSirkDiffusiveDecay. No such definition exists in this Lean e)
22:36:20 processing thm:BookProof_ChapterSirkDiffusiveDecay_norm_embedding (attempt 5)
22:36:36 thm:BookProof_ChapterSirkDiffusiveDecay_norm_embedding: FAIL (publish FAILED: formal statement does not compile: unknown import: Definitions.Def_ChapterSirkDiffusiveDecay. No such definition exists in this Lean e)
22:36:36 processing thm:BookProof_ChapterSirkDiffusiveDecay_norm_heatFlow_apply_le (attempt 5)
22:36:52 thm:BookProof_ChapterSirkDiffusiveDecay_norm_heatFlow_apply_le: FAIL (publish FAILED: formal statement does not compile: unknown import: Definitions.Def_ChapterSirkDiffusiveDecay. No such definition exists in this Lean e)
22:36:52 processing thm:BookProof_ChapterSirkDiffusiveDecay_norm_heatFlow_compress_apply_le (attempt 4)
22:37:10 thm:BookProof_ChapterSirkDiffusiveDecay_norm_heatFlow_compress_apply_le: FAIL (publish FAILED: formal statement does not compile: unknown import: Definitions.Def_ChapterSirkDiffusiveDecay. No such definition exists in this Lean e)
22:37:10 processing thm:BookProof_ChapterSirkDiffusiveDecay_norm_heatFlow_le (attempt 4)
22:37:26 thm:BookProof_ChapterSirkDiffusiveDecay_norm_heatFlow_le: FAIL (publish FAILED: formal statement does not compile: unknown import: Definitions.Def_ChapterSirkDiffusiveDecay. No such definition exists in this Lean e)
22:37:26 processing thm:BookProof_ChapterSirkEndToEnd_crouzeix_domain_transfer (attempt 4)
22:37:29 thm:BookProof_ChapterSirkEndToEnd_crouzeix_domain_transfer: FAIL (local compile failed: /home/leo/prove2me_workspace/Theorems/Thm_BookProof_ChapterSirkEndToEnd_crouzeix_domain_transfer.lean:28:10: error: Function exp)
22:37:29 processing thm:BookProof_ChapterSirkEndToEnd_crouzeix_domain_uniform (attempt 4)
22:37:32 thm:BookProof_ChapterSirkEndToEnd_crouzeix_domain_uniform: FAIL (local compile failed: /home/leo/prove2me_workspace/Theorems/Thm_BookProof_ChapterSirkEndToEnd_crouzeix_domain_uniform.lean:28:20: error: Function expe)
22:37:32 processing thm:BookProof_ChapterSirkEndToEnd_norm_sirkApprox_apply_le (attempt 4)
22:37:49 thm:BookProof_ChapterSirkEndToEnd_norm_sirkApprox_apply_le: FAIL (publish FAILED: formal statement does not compile: unknown import: Definitions.Def_ChapterSirkEndToEnd. No such definition exists in this Lean environ)
22:37:49 processing thm:BookProof_ChapterSirkEndToEnd_norm_sirkApprox_apply_le_of_isometry (attempt 4)
22:38:05 thm:BookProof_ChapterSirkEndToEnd_norm_sirkApprox_apply_le_of_isometry: FAIL (publish FAILED: formal statement does not compile: unknown import: Definitions.Def_ChapterSirkEndToEnd. No such definition exists in this Lean environ)
22:38:05 processing thm:BookProof_ChapterSirkEndToEnd_sirkApprox_apply (attempt 4)
22:38:21 thm:BookProof_ChapterSirkEndToEnd_sirkApprox_apply: FAIL (publish FAILED: formal statement does not compile: unknown import: Definitions.Def_ChapterSirkEndToEnd. No such definition exists in this Lean environ)
22:38:21 processing thm:BookProof_ChapterSirkEndToEnd_sirkApprox_id (attempt 4)
22:38:37 thm:BookProof_ChapterSirkEndToEnd_sirkApprox_id: FAIL (publish FAILED: formal statement does not compile: unknown import: Definitions.Def_ChapterSirkEndToEnd. No such definition exists in this Lean environ)
22:38:37 processing thm:BookProof_ChapterSirkEndToEnd_sirkReconstruction_isIdempotent (attempt 4)
22:38:54 thm:BookProof_ChapterSirkEndToEnd_sirkReconstruction_isIdempotent: FAIL (publish FAILED: formal statement does not compile: unknown import: Definitions.Def_ChapterSirkEndToEnd. No such definition exists in this Lean environ)
22:38:54 processing thm:BookProof_ChapterSirkEndToEnd_sirkReconstruction_isSelfAdjoint (attempt 4)
22:39:10 thm:BookProof_ChapterSirkEndToEnd_sirkReconstruction_isSelfAdjoint: FAIL (publish FAILED: formal statement does not compile: unknown import: Definitions.Def_ChapterSirkEndToEnd. No such definition exists in this Lean environ)
22:39:10 processing thm:BookProof_ChapterSirkEndToEnd_sirk_end_to_end (attempt 4)
22:39:13 thm:BookProof_ChapterSirkEndToEnd_sirk_end_to_end: FAIL (local compile failed: /home/leo/prove2me_workspace/Theorems/Thm_BookProof_ChapterSirkEndToEnd_sirk_end_to_end.lean:43:37: error: Function expected at
)
22:39:13 processing thm:BookProof_ChapterSirkEndToEnd_sirk_end_to_end_satisfiable (attempt 4)
22:39:17 thm:BookProof_ChapterSirkEndToEnd_sirk_end_to_end_satisfiable: FAIL (local compile failed: /home/leo/prove2me_workspace/Theorems/Thm_BookProof_ChapterSirkEndToEnd_sirk_end_to_end_satisfiable.lean:33:44: error: Function )
22:39:17 processing thm:BookProof_ChapterSirkEndToEnd_sirk_error_bound_at (attempt 4)
22:39:33 thm:BookProof_ChapterSirkEndToEnd_sirk_error_bound_at: FAIL (publish FAILED: formal statement does not compile: unknown import: Definitions.Def_ChapterSirkEndToEnd. No such definition exists in this Lean environ)
22:39:33 processing thm:BookProof_ChapterSirkEndToEnd_sirk_flow_error_tendsto_zero (attempt 4)
22:39:36 thm:BookProof_ChapterSirkEndToEnd_sirk_flow_error_tendsto_zero: FAIL (local compile failed: /home/leo/prove2me_workspace/Theorems/Thm_BookProof_ChapterSirkEndToEnd_sirk_flow_error_tendsto_zero.lean:31:60: error: Function)
22:39:36 processing thm:BookProof_ChapterSirkEndToEnd_sirk_flow_error_uniform_in_time (attempt 4)
22:39:39 thm:BookProof_ChapterSirkEndToEnd_sirk_flow_error_uniform_in_time: FAIL (local compile failed: /home/leo/prove2me_workspace/Theorems/Thm_BookProof_ChapterSirkEndToEnd_sirk_flow_error_uniform_in_time.lean:32:51: error: Funct)
22:39:39 processing thm:BookProof_ChapterSirkEndToEnd_tendsto_zero_of_le_sirkBound (attempt 4)
22:39:42 thm:BookProof_ChapterSirkEndToEnd_tendsto_zero_of_le_sirkBound: FAIL (local compile failed: /home/leo/prove2me_workspace/Theorems/Thm_BookProof_ChapterSirkEndToEnd_tendsto_zero_of_le_sirkBound.lean:27:47: error: Function)
22:39:42 processing thm:BookProof_ChapterSirkPerSystem_diagKR_sirk_crouzeix_domain (attempt 4)
22:39:44 thm:BookProof_ChapterSirkPerSystem_diagKR_sirk_crouzeix_domain: FAIL (local compile failed: /home/leo/prove2me_workspace/Theorems/Thm_BookProof_ChapterSirkPerSystem_diagKR_sirk_crouzeix_domain.lean:2:0: error: object fil)
22:39:44 processing thm:BookProof_ChapterSirkPerSystem_lagrangian_sirk_crouzeix_domain (attempt 4)
22:39:45 thm:BookProof_ChapterSirkPerSystem_lagrangian_sirk_crouzeix_domain: FAIL (local compile failed: /home/leo/prove2me_workspace/Theorems/Thm_BookProof_ChapterSirkPerSystem_lagrangian_sirk_crouzeix_domain.lean:2:0: error: object)
22:39:45 processing thm:BookProof_ChapterSirkPerSystem_nsDiff_sirk_crouzeix_domain (attempt 4)
22:39:46 thm:BookProof_ChapterSirkPerSystem_nsDiff_sirk_crouzeix_domain: FAIL (local compile failed: /home/leo/prove2me_workspace/Theorems/Thm_BookProof_ChapterSirkPerSystem_nsDiff_sirk_crouzeix_domain.lean:2:0: error: object fil)
22:39:46 processing thm:BookProof_ChapterSirkPerSystem_ns_sirk_crouzeix_domain (attempt 4)
22:39:48 thm:BookProof_ChapterSirkPerSystem_ns_sirk_crouzeix_domain: FAIL (local compile failed: /home/leo/prove2me_workspace/Theorems/Thm_BookProof_ChapterSirkPerSystem_ns_sirk_crouzeix_domain.lean:2:0: error: object file '/)
22:39:48 processing thm:BookProof_ChapterSirkPerSystem_qgR2_shiftInvert_selects (attempt 4)
22:39:49 thm:BookProof_ChapterSirkPerSystem_qgR2_shiftInvert_selects: FAIL (local compile failed: /home/leo/prove2me_workspace/Theorems/Thm_BookProof_ChapterSirkPerSystem_qgR2_shiftInvert_selects.lean:2:0: error: object file ')
22:39:49 processing thm:BookProof_ChapterSirkPerSystem_qgR2_sirk_crouzeix_domain (attempt 4)
22:39:50 thm:BookProof_ChapterSirkPerSystem_qgR2_sirk_crouzeix_domain: FAIL (local compile failed: /home/leo/prove2me_workspace/Theorems/Thm_BookProof_ChapterSirkPerSystem_qgR2_sirk_crouzeix_domain.lean:2:0: error: object file )
22:39:50 processing thm:BookProof_ChapterSirkPerSystem_ym_sirk_crouzeix_domain (attempt 4)
22:39:52 thm:BookProof_ChapterSirkPerSystem_ym_sirk_crouzeix_domain: FAIL (local compile failed: /home/leo/prove2me_workspace/Theorems/Thm_BookProof_ChapterSirkPerSystem_ym_sirk_crouzeix_domain.lean:2:0: error: object file '/)
22:39:52 processing thm:BookProof_ChapterSirkWhitening_adjoint_comp_rangeProj (attempt 4)
22:40:08 thm:BookProof_ChapterSirkWhitening_adjoint_comp_rangeProj: FAIL (publish FAILED: formal statement does not compile: unknown import: Definitions.Def_ChapterSirkWhitening. No such definition exists in this Lean enviro)
22:40:08 processing thm:BookProof_ChapterSirkWhitening_compress_conj_whitening (attempt 4)
22:40:24 thm:BookProof_ChapterSirkWhitening_compress_conj_whitening: FAIL (publish FAILED: formal statement does not compile: unknown import: Definitions.Def_ChapterSirkWhitening. No such definition exists in this Lean enviro)
22:40:24 processing thm:BookProof_ChapterSirkWhitening_compress_reconstruct_eq (attempt 4)
22:40:40 thm:BookProof_ChapterSirkWhitening_compress_reconstruct_eq: FAIL (publish FAILED: formal statement does not compile: unknown import: Definitions.Def_ChapterSirkWhitening. No such definition exists in this Lean enviro)
22:40:40 processing thm:BookProof_ChapterSirkWhitening_embedding_comp_whiteningEquiv (attempt 4)
22:40:57 thm:BookProof_ChapterSirkWhitening_embedding_comp_whiteningEquiv: FAIL (publish FAILED: formal statement does not compile: unknown import: Definitions.Def_ChapterSirkWhitening. No such definition exists in this Lean enviro)
22:40:57 processing thm:BookProof_ChapterSirkWhitening_rangeProj_adjoint (attempt 4)
22:41:14 thm:BookProof_ChapterSirkWhitening_rangeProj_adjoint: FAIL (publish FAILED: formal statement does not compile: unknown import: Definitions.Def_ChapterSirkWhitening. No such definition exists in this Lean enviro)
22:41:14 processing thm:BookProof_ChapterSirkWhitening_rangeProj_apply (attempt 4)
22:41:31 thm:BookProof_ChapterSirkWhitening_rangeProj_apply: FAIL (publish FAILED: formal statement does not compile: unknown import: Definitions.Def_ChapterSirkWhitening. No such definition exists in this Lean enviro)
22:41:31 processing thm:BookProof_ChapterSirkWhitening_rangeProj_comp_embedding (attempt 4)
22:41:47 thm:BookProof_ChapterSirkWhitening_rangeProj_comp_embedding: FAIL (publish FAILED: formal statement does not compile: unknown import: Definitions.Def_ChapterSirkWhitening. No such definition exists in this Lean enviro)
22:41:47 processing thm:BookProof_ChapterSirkWhitening_rangeProj_comp_of_le (attempt 4)
22:42:03 thm:BookProof_ChapterSirkWhitening_rangeProj_comp_of_le: FAIL (publish FAILED: formal statement does not compile: unknown import: Definitions.Def_ChapterSirkWhitening. No such definition exists in this Lean enviro)
22:42:03 processing thm:BookProof_ChapterSirkWhitening_rangeProj_comp_self (attempt 4)
22:42:20 thm:BookProof_ChapterSirkWhitening_rangeProj_comp_self: FAIL (publish FAILED: formal statement does not compile: unknown import: Definitions.Def_ChapterSirkWhitening. No such definition exists in this Lean enviro)
22:42:20 processing thm:BookProof_ChapterSirkWhitening_rangeProj_eq_of_range_eq (attempt 4)
22:42:37 thm:BookProof_ChapterSirkWhitening_rangeProj_eq_of_range_eq: FAIL (publish FAILED: formal statement does not compile: unknown import: Definitions.Def_ChapterSirkWhitening. No such definition exists in this Lean enviro)
22:42:37 processing thm:BookProof_ChapterSirkWhitening_rangeProj_isSelfAdjoint (attempt 4)
22:42:53 thm:BookProof_ChapterSirkWhitening_rangeProj_isSelfAdjoint: FAIL (publish FAILED: formal statement does not compile: unknown import: Definitions.Def_ChapterSirkWhitening. No such definition exists in this Lean enviro)
22:42:53 processing thm:BookProof_ChapterSirkWhitening_sirkApprox_eq_of_range_eq (attempt 4)
22:43:10 thm:BookProof_ChapterSirkWhitening_sirkApprox_eq_of_range_eq: FAIL (publish FAILED: formal statement does not compile: unknown import: Definitions.Def_ChapterSirkWhitening. No such definition exists in this Lean enviro)
22:43:10 processing thm:BookProof_ChapterSirkWhitening_whiteningEquiv_isometry (attempt 4)
22:43:26 thm:BookProof_ChapterSirkWhitening_whiteningEquiv_isometry: FAIL (publish FAILED: formal statement does not compile: unknown import: Definitions.Def_ChapterSirkWhitening. No such definition exists in this Lean enviro)
22:43:26 processing thm:BookProof_ChapterSirkWhitening_whiteningEquiv_left_inverse (attempt 4)
22:43:43 thm:BookProof_ChapterSirkWhitening_whiteningEquiv_left_inverse: FAIL (publish FAILED: formal statement does not compile: unknown import: Definitions.Def_ChapterSirkWhitening. No such definition exists in this Lean enviro)
22:43:43 processing sol:BookProof_ChapterMajoranaProp76_LinearIsometryEquiv_isNote4Unitary (attempt 4)
22:43:43 sol:BookProof_ChapterMajoranaProp76_LinearIsometryEquiv_isNote4Unitary: FAIL (theorem not published yet)
22:43:43 processing sol:BookProof_ChapterSirkGroupTransfer_norm_pow_le_of_le (attempt 4)
22:43:43 sol:BookProof_ChapterSirkGroupTransfer_norm_pow_le_of_le: FAIL (theorem not published yet)
22:43:43 processing sol:BookProof_ChapterSirkGroupTransfer_norm_pow_sub_pow_le (attempt 4)
22:43:43 sol:BookProof_ChapterSirkGroupTransfer_norm_pow_sub_pow_le: FAIL (theorem not published yet)
22:43:43 processing sol:BookProof_ChapterSirkGroupTransfer_groupFlow_zero (attempt 4)
22:43:43 sol:BookProof_ChapterSirkGroupTransfer_groupFlow_zero: FAIL (theorem not published yet)
22:43:43 processing sol:BookProof_ChapterSirkDiffusiveDecay_hasDerivAt_heatFlow_apply (attempt 4)
22:43:43 sol:BookProof_ChapterSirkDiffusiveDecay_hasDerivAt_heatFlow_apply: FAIL (theorem not published yet)
22:43:43 processing sol:BookProof_ChapterSirkDiffusiveDecay_hasDerivAt_heatFlow_normSq (attempt 4)
22:43:43 sol:BookProof_ChapterSirkDiffusiveDecay_hasDerivAt_heatFlow_normSq: FAIL (theorem not published yet)
22:43:43 processing sol:BookProof_ChapterSirkDiffusiveDecay_heatFlow_apply_comm (attempt 4)
22:43:43 sol:BookProof_ChapterSirkDiffusiveDecay_heatFlow_apply_comm: FAIL (theorem not published yet)
22:43:43 processing sol:BookProof_ChapterSirkDiffusiveDecay_heatFlow_zero (attempt 4)
22:43:43 sol:BookProof_ChapterSirkDiffusiveDecay_heatFlow_zero: FAIL (theorem not published yet)
22:43:43 processing sol:BookProof_ChapterSirkDiffusiveDecay_isCoercive_add_algebraMap (attempt 4)
22:43:43 sol:BookProof_ChapterSirkDiffusiveDecay_isCoercive_add_algebraMap: FAIL (theorem not published yet)
22:43:43 processing sol:BookProof_ChapterSirkDiffusiveDecay_isCoercive_compress (attempt 4)
22:43:43 sol:BookProof_ChapterSirkDiffusiveDecay_isCoercive_compress: FAIL (theorem not published yet)
22:43:43 processing sol:BookProof_ChapterSirkDiffusiveDecay_norm_embedding (attempt 4)
22:43:43 sol:BookProof_ChapterSirkDiffusiveDecay_norm_embedding: FAIL (theorem not published yet)
22:43:43 processing sol:BookProof_ChapterSirkDiffusiveDecay_norm_heatFlow_apply_le (attempt 4)
22:43:43 sol:BookProof_ChapterSirkDiffusiveDecay_norm_heatFlow_apply_le: FAIL (theorem not published yet)
22:43:43 processing sol:BookProof_ChapterSirkDiffusiveDecay_norm_heatFlow_compress_apply_le (attempt 4)
22:43:43 sol:BookProof_ChapterSirkDiffusiveDecay_norm_heatFlow_compress_apply_le: FAIL (theorem not published yet)
22:43:43 processing sol:BookProof_ChapterSirkDiffusiveDecay_norm_heatFlow_le (attempt 4)
22:43:43 sol:BookProof_ChapterSirkDiffusiveDecay_norm_heatFlow_le: FAIL (theorem not published yet)
22:43:43 processing sol:BookProof_ChapterSirkEndToEnd_crouzeix_domain_transfer (attempt 4)
22:43:43 sol:BookProof_ChapterSirkEndToEnd_crouzeix_domain_transfer: FAIL (theorem not published yet)
22:43:43 processing sol:BookProof_ChapterSirkEndToEnd_crouzeix_domain_uniform (attempt 4)
22:43:43 sol:BookProof_ChapterSirkEndToEnd_crouzeix_domain_uniform: FAIL (theorem not published yet)
22:43:43 processing sol:BookProof_ChapterSirkEndToEnd_norm_sirkApprox_apply_le (attempt 4)
22:43:43 sol:BookProof_ChapterSirkEndToEnd_norm_sirkApprox_apply_le: FAIL (theorem not published yet)
22:43:43 processing sol:BookProof_ChapterSirkEndToEnd_norm_sirkApprox_apply_le_of_isometry (attempt 4)
22:43:43 sol:BookProof_ChapterSirkEndToEnd_norm_sirkApprox_apply_le_of_isometry: FAIL (theorem not published yet)
22:43:43 processing sol:BookProof_ChapterSirkEndToEnd_sirkApprox_apply (attempt 4)
22:43:43 sol:BookProof_ChapterSirkEndToEnd_sirkApprox_apply: FAIL (theorem not published yet)
22:43:43 processing sol:BookProof_ChapterSirkEndToEnd_sirkApprox_id (attempt 4)
22:43:43 sol:BookProof_ChapterSirkEndToEnd_sirkApprox_id: FAIL (theorem not published yet)
22:43:43 processing sol:BookProof_ChapterSirkEndToEnd_sirkReconstruction_isIdempotent (attempt 4)
22:43:43 sol:BookProof_ChapterSirkEndToEnd_sirkReconstruction_isIdempotent: FAIL (theorem not published yet)
22:43:43 processing sol:BookProof_ChapterSirkEndToEnd_sirkReconstruction_isSelfAdjoint (attempt 4)
22:43:43 sol:BookProof_ChapterSirkEndToEnd_sirkReconstruction_isSelfAdjoint: FAIL (theorem not published yet)
22:43:43 processing sol:BookProof_ChapterSirkEndToEnd_sirk_end_to_end (attempt 4)
22:43:43 sol:BookProof_ChapterSirkEndToEnd_sirk_end_to_end: FAIL (theorem not published yet)
22:43:43 processing sol:BookProof_ChapterSirkEndToEnd_sirk_end_to_end_satisfiable (attempt 4)
22:43:43 sol:BookProof_ChapterSirkEndToEnd_sirk_end_to_end_satisfiable: FAIL (theorem not published yet)
22:43:43 processing sol:BookProof_ChapterSirkEndToEnd_sirk_error_bound_at (attempt 4)
22:43:43 sol:BookProof_ChapterSirkEndToEnd_sirk_error_bound_at: FAIL (theorem not published yet)
22:43:43 processing sol:BookProof_ChapterSirkEndToEnd_sirk_flow_error_tendsto_zero (attempt 4)
22:43:43 sol:BookProof_ChapterSirkEndToEnd_sirk_flow_error_tendsto_zero: FAIL (theorem not published yet)
22:43:43 processing sol:BookProof_ChapterSirkEndToEnd_sirk_flow_error_uniform_in_time (attempt 4)
22:43:43 sol:BookProof_ChapterSirkEndToEnd_sirk_flow_error_uniform_in_time: FAIL (theorem not published yet)
22:43:43 processing sol:BookProof_ChapterSirkEndToEnd_tendsto_zero_of_le_sirkBound (attempt 4)
22:43:43 sol:BookProof_ChapterSirkEndToEnd_tendsto_zero_of_le_sirkBound: FAIL (theorem not published yet)
22:43:43 processing sol:BookProof_ChapterSirkPerSystem_diagKR_sirk_crouzeix_domain (attempt 4)
22:43:43 sol:BookProof_ChapterSirkPerSystem_diagKR_sirk_crouzeix_domain: FAIL (theorem not published yet)
22:43:43 processing sol:BookProof_ChapterSirkPerSystem_lagrangian_sirk_crouzeix_domain (attempt 4)
22:43:43 sol:BookProof_ChapterSirkPerSystem_lagrangian_sirk_crouzeix_domain: FAIL (theorem not published yet)
22:43:43 processing sol:BookProof_ChapterSirkPerSystem_nsDiff_sirk_crouzeix_domain (attempt 4)
22:43:43 sol:BookProof_ChapterSirkPerSystem_nsDiff_sirk_crouzeix_domain: FAIL (theorem not published yet)
22:43:43 processing sol:BookProof_ChapterSirkPerSystem_ns_sirk_crouzeix_domain (attempt 4)
22:43:43 sol:BookProof_ChapterSirkPerSystem_ns_sirk_crouzeix_domain: FAIL (theorem not published yet)
22:43:43 processing sol:BookProof_ChapterSirkPerSystem_qgR2_shiftInvert_selects (attempt 4)
22:43:43 sol:BookProof_ChapterSirkPerSystem_qgR2_shiftInvert_selects: FAIL (theorem not published yet)
22:43:43 processing sol:BookProof_ChapterSirkPerSystem_qgR2_sirk_crouzeix_domain (attempt 4)
22:43:43 sol:BookProof_ChapterSirkPerSystem_qgR2_sirk_crouzeix_domain: FAIL (theorem not published yet)
22:43:43 processing sol:BookProof_ChapterSirkPerSystem_ym_sirk_crouzeix_domain (attempt 4)
22:43:43 sol:BookProof_ChapterSirkPerSystem_ym_sirk_crouzeix_domain: FAIL (theorem not published yet)
22:43:43 processing sol:BookProof_ChapterSirkWhitening_adjoint_comp_rangeProj (attempt 4)
22:43:43 sol:BookProof_ChapterSirkWhitening_adjoint_comp_rangeProj: FAIL (theorem not published yet)
22:43:43 processing sol:BookProof_ChapterSirkWhitening_compress_conj_whitening (attempt 4)
22:43:43 sol:BookProof_ChapterSirkWhitening_compress_conj_whitening: FAIL (theorem not published yet)
22:43:43 processing sol:BookProof_ChapterSirkWhitening_compress_reconstruct_eq (attempt 4)
22:43:43 sol:BookProof_ChapterSirkWhitening_compress_reconstruct_eq: FAIL (theorem not published yet)
22:43:43 processing sol:BookProof_ChapterSirkWhitening_embedding_comp_whiteningEquiv (attempt 4)
22:43:43 sol:BookProof_ChapterSirkWhitening_embedding_comp_whiteningEquiv: FAIL (theorem not published yet)
22:43:43 processing sol:BookProof_ChapterSirkWhitening_rangeProj_adjoint (attempt 4)
22:43:43 sol:BookProof_ChapterSirkWhitening_rangeProj_adjoint: FAIL (theorem not published yet)
22:43:43 processing sol:BookProof_ChapterSirkWhitening_rangeProj_apply (attempt 4)
22:43:43 sol:BookProof_ChapterSirkWhitening_rangeProj_apply: FAIL (theorem not published yet)
22:43:43 processing sol:BookProof_ChapterSirkWhitening_rangeProj_comp_embedding (attempt 4)
22:43:43 sol:BookProof_ChapterSirkWhitening_rangeProj_comp_embedding: FAIL (theorem not published yet)
22:43:43 processing sol:BookProof_ChapterSirkWhitening_rangeProj_comp_of_le (attempt 4)
22:43:43 sol:BookProof_ChapterSirkWhitening_rangeProj_comp_of_le: FAIL (theorem not published yet)
22:43:43 processing sol:BookProof_ChapterSirkWhitening_rangeProj_comp_self (attempt 4)
22:43:43 sol:BookProof_ChapterSirkWhitening_rangeProj_comp_self: FAIL (theorem not published yet)
22:43:43 processing sol:BookProof_ChapterSirkWhitening_rangeProj_eq_of_range_eq (attempt 4)
22:43:43 sol:BookProof_ChapterSirkWhitening_rangeProj_eq_of_range_eq: FAIL (theorem not published yet)
22:43:43 processing sol:BookProof_ChapterSirkWhitening_rangeProj_isSelfAdjoint (attempt 4)
22:43:43 sol:BookProof_ChapterSirkWhitening_rangeProj_isSelfAdjoint: FAIL (theorem not published yet)
22:43:43 processing sol:BookProof_ChapterSirkWhitening_sirkApprox_eq_of_range_eq (attempt 4)
22:43:43 sol:BookProof_ChapterSirkWhitening_sirkApprox_eq_of_range_eq: FAIL (theorem not published yet)
22:43:43 processing sol:BookProof_ChapterSirkWhitening_whiteningEquiv_isometry (attempt 4)
22:43:43 sol:BookProof_ChapterSirkWhitening_whiteningEquiv_isometry: FAIL (theorem not published yet)
22:43:43 processing sol:BookProof_ChapterSirkWhitening_whiteningEquiv_left_inverse (attempt 4)
22:43:43 sol:BookProof_ChapterSirkWhitening_whiteningEquiv_left_inverse: FAIL (theorem not published yet)
22:43:43 summary: 254 done, 163 pending, 0 failed
