15:31:14 sync: read 341 definition publish job(s)
15:31:35 sync: read 5366 problem publish job(s)
15:31:35 summary: 143 done, 11 pending, 2 failed, 62 unsubmittable (source missing from this checkout) (1869 out-of-order orphans ignored)
15:31:35 waiting on unpublished def bundle(s): ChapterFiniteSectionSingleTime (1 item(s)), ChapterQgTimeStepping (1 item(s)), ChapterQgTruncationResolvent (2 item(s)), ChapterQgVielbeinModeInstance (1 item(s)), ChapterQymTimeIndependentFlow (1 item(s)), ChapterScalaronFiberFL (2 item(s)), ChapterScalaronOuterFockFL (1 item(s)), ChapterSirkSingleTimeShift (1 item(s)), ChapterYangMillsAbelianFockEsa (1 item(s))
15:31:35 chunk: 0 item(s) resolved in 0s
15:31:48 sync: read 341 definition publish job(s)
15:32:11 sync: read 5366 problem publish job(s)
15:32:11 summary: 143 done, 11 pending, 2 failed, 62 unsubmittable (source missing from this checkout) (1869 out-of-order orphans ignored)
15:32:11 waiting on unpublished def bundle(s): ChapterFiniteSectionSingleTime (1 item(s)), ChapterQgTimeStepping (1 item(s)), ChapterQgTruncationResolvent (2 item(s)), ChapterQgVielbeinModeInstance (1 item(s)), ChapterQymTimeIndependentFlow (1 item(s)), ChapterScalaronFiberFL (2 item(s)), ChapterScalaronOuterFockFL (1 item(s)), ChapterSirkSingleTimeShift (1 item(s)), ChapterYangMillsAbelianFockEsa (1 item(s))
15:32:11 chunk: 0 item(s) resolved in 0s
15:32:25 sync: read 341 definition publish job(s)
15:32:54 sync: read 5366 problem publish job(s)
15:32:54 summary: 143 done, 11 pending, 2 failed, 62 unsubmittable (source missing from this checkout) (1869 out-of-order orphans ignored)
15:32:54 waiting on unpublished def bundle(s): ChapterFiniteSectionSingleTime (1 item(s)), ChapterQgTimeStepping (1 item(s)), ChapterQgTruncationResolvent (2 item(s)), ChapterQgVielbeinModeInstance (1 item(s)), ChapterQymTimeIndependentFlow (1 item(s)), ChapterScalaronFiberFL (2 item(s)), ChapterScalaronOuterFockFL (1 item(s)), ChapterSirkSingleTimeShift (1 item(s)), ChapterYangMillsAbelianFockEsa (1 item(s))
15:32:54 chunk: 0 item(s) resolved in 0s
15:33:08 sync: read 341 definition publish job(s)
15:33:26 sync: read 5366 problem publish job(s)
15:33:26 summary: 143 done, 11 pending, 2 failed, 62 unsubmittable (source missing from this checkout) (1869 out-of-order orphans ignored)
15:33:26 waiting on unpublished def bundle(s): ChapterFiniteSectionSingleTime (1 item(s)), ChapterQgTimeStepping (1 item(s)), ChapterQgTruncationResolvent (2 item(s)), ChapterQgVielbeinModeInstance (1 item(s)), ChapterQymTimeIndependentFlow (1 item(s)), ChapterScalaronFiberFL (2 item(s)), ChapterScalaronOuterFockFL (1 item(s)), ChapterSirkSingleTimeShift (1 item(s)), ChapterYangMillsAbelianFockEsa (1 item(s))
15:33:26 chunk: 0 item(s) resolved in 0s
15:33:40 sync: read 341 definition publish job(s)
15:34:06 sync: read 5366 problem publish job(s)
15:34:06 summary: 143 done, 11 pending, 2 failed, 62 unsubmittable (source missing from this checkout) (1869 out-of-order orphans ignored)
15:34:06 waiting on unpublished def bundle(s): ChapterFiniteSectionSingleTime (1 item(s)), ChapterQgTimeStepping (1 item(s)), ChapterQgTruncationResolvent (2 item(s)), ChapterQgVielbeinModeInstance (1 item(s)), ChapterQymTimeIndependentFlow (1 item(s)), ChapterScalaronFiberFL (2 item(s)), ChapterScalaronOuterFockFL (1 item(s)), ChapterSirkSingleTimeShift (1 item(s)), ChapterYangMillsAbelianFockEsa (1 item(s))
15:34:06 chunk: 0 item(s) resolved in 0s
15:34:19 sync: read 341 definition publish job(s)
15:34:42 sync: read 5366 problem publish job(s)
15:34:42 summary: 143 done, 11 pending, 2 failed, 62 unsubmittable (source missing from this checkout) (1869 out-of-order orphans ignored)
15:34:42 waiting on unpublished def bundle(s): ChapterFiniteSectionSingleTime (1 item(s)), ChapterQgTimeStepping (1 item(s)), ChapterQgTruncationResolvent (2 item(s)), ChapterQgVielbeinModeInstance (1 item(s)), ChapterQymTimeIndependentFlow (1 item(s)), ChapterScalaronFiberFL (2 item(s)), ChapterScalaronOuterFockFL (1 item(s)), ChapterSirkSingleTimeShift (1 item(s)), ChapterYangMillsAbelianFockEsa (1 item(s))
15:34:42 chunk: 0 item(s) resolved in 0s
15:34:56 sync: read 341 definition publish job(s)
15:35:18 sync: read 5366 problem publish job(s)
15:35:19 summary: 143 done, 11 pending, 2 failed, 62 unsubmittable (source missing from this checkout) (1869 out-of-order orphans ignored)
15:35:19 waiting on unpublished def bundle(s): ChapterFiniteSectionSingleTime (1 item(s)), ChapterQgTimeStepping (1 item(s)), ChapterQgTruncationResolvent (2 item(s)), ChapterQgVielbeinModeInstance (1 item(s)), ChapterQymTimeIndependentFlow (1 item(s)), ChapterScalaronFiberFL (2 item(s)), ChapterScalaronOuterFockFL (1 item(s)), ChapterSirkSingleTimeShift (1 item(s)), ChapterYangMillsAbelianFockEsa (1 item(s))
15:35:19 chunk: 0 item(s) resolved in 0s
15:35:32 sync: read 341 definition publish job(s)
15:35:53 sync: read 5366 problem publish job(s)
15:35:53 summary: 143 done, 11 pending, 2 failed, 62 unsubmittable (source missing from this checkout) (1869 out-of-order orphans ignored)
15:35:53 waiting on unpublished def bundle(s): ChapterFiniteSectionSingleTime (1 item(s)), ChapterQgTimeStepping (1 item(s)), ChapterQgTruncationResolvent (2 item(s)), ChapterQgVielbeinModeInstance (1 item(s)), ChapterQymTimeIndependentFlow (1 item(s)), ChapterScalaronFiberFL (2 item(s)), ChapterScalaronOuterFockFL (1 item(s)), ChapterSirkSingleTimeShift (1 item(s)), ChapterYangMillsAbelianFockEsa (1 item(s))
15:35:53 chunk: 0 item(s) resolved in 0s
15:36:06 sync: read 341 definition publish job(s)
15:36:27 sync: read 5366 problem publish job(s)
15:36:27 summary: 143 done, 11 pending, 2 failed, 62 unsubmittable (source missing from this checkout) (1869 out-of-order orphans ignored)
15:36:27 waiting on unpublished def bundle(s): ChapterFiniteSectionSingleTime (1 item(s)), ChapterQgTimeStepping (1 item(s)), ChapterQgTruncationResolvent (2 item(s)), ChapterQgVielbeinModeInstance (1 item(s)), ChapterQymTimeIndependentFlow (1 item(s)), ChapterScalaronFiberFL (2 item(s)), ChapterScalaronOuterFockFL (1 item(s)), ChapterSirkSingleTimeShift (1 item(s)), ChapterYangMillsAbelianFockEsa (1 item(s))
15:36:27 chunk: 0 item(s) resolved in 0s
15:36:40 sync: read 341 definition publish job(s)
15:37:01 sync: read 5366 problem publish job(s)
15:37:01 summary: 143 done, 11 pending, 2 failed, 62 unsubmittable (source missing from this checkout) (1869 out-of-order orphans ignored)
15:37:01 waiting on unpublished def bundle(s): ChapterFiniteSectionSingleTime (1 item(s)), ChapterQgTimeStepping (1 item(s)), ChapterQgTruncationResolvent (2 item(s)), ChapterQgVielbeinModeInstance (1 item(s)), ChapterQymTimeIndependentFlow (1 item(s)), ChapterScalaronFiberFL (2 item(s)), ChapterScalaronOuterFockFL (1 item(s)), ChapterSirkSingleTimeShift (1 item(s)), ChapterYangMillsAbelianFockEsa (1 item(s))
15:37:01 chunk: 0 item(s) resolved in 0s
15:37:14 sync: read 341 definition publish job(s)
15:37:37 sync: read 5366 problem publish job(s)
15:37:37 summary: 143 done, 11 pending, 2 failed, 62 unsubmittable (source missing from this checkout) (1869 out-of-order orphans ignored)
15:37:37 waiting on unpublished def bundle(s): ChapterFiniteSectionSingleTime (1 item(s)), ChapterQgTimeStepping (1 item(s)), ChapterQgTruncationResolvent (2 item(s)), ChapterQgVielbeinModeInstance (1 item(s)), ChapterQymTimeIndependentFlow (1 item(s)), ChapterScalaronFiberFL (2 item(s)), ChapterScalaronOuterFockFL (1 item(s)), ChapterSirkSingleTimeShift (1 item(s)), ChapterYangMillsAbelianFockEsa (1 item(s))
15:37:37 chunk: 0 item(s) resolved in 0s
15:37:49 sync: read 341 definition publish job(s)
15:38:11 sync: read 5366 problem publish job(s)
15:38:11 summary: 143 done, 11 pending, 2 failed, 62 unsubmittable (source missing from this checkout) (1869 out-of-order orphans ignored)
15:38:11 waiting on unpublished def bundle(s): ChapterFiniteSectionSingleTime (1 item(s)), ChapterQgTimeStepping (1 item(s)), ChapterQgTruncationResolvent (2 item(s)), ChapterQgVielbeinModeInstance (1 item(s)), ChapterQymTimeIndependentFlow (1 item(s)), ChapterScalaronFiberFL (2 item(s)), ChapterScalaronOuterFockFL (1 item(s)), ChapterSirkSingleTimeShift (1 item(s)), ChapterYangMillsAbelianFockEsa (1 item(s))
15:38:11 chunk: 0 item(s) resolved in 0s
15:38:25 sync: read 341 definition publish job(s)
15:38:50 sync: read 5366 problem publish job(s)
15:38:50 summary: 143 done, 11 pending, 2 failed, 62 unsubmittable (source missing from this checkout) (1869 out-of-order orphans ignored)
15:38:50 waiting on unpublished def bundle(s): ChapterFiniteSectionSingleTime (1 item(s)), ChapterQgTimeStepping (1 item(s)), ChapterQgTruncationResolvent (2 item(s)), ChapterQgVielbeinModeInstance (1 item(s)), ChapterQymTimeIndependentFlow (1 item(s)), ChapterScalaronFiberFL (2 item(s)), ChapterScalaronOuterFockFL (1 item(s)), ChapterSirkSingleTimeShift (1 item(s)), ChapterYangMillsAbelianFockEsa (1 item(s))
15:38:50 chunk: 0 item(s) resolved in 0s
15:39:03 sync: read 341 definition publish job(s)
15:39:22 sync: read 5366 problem publish job(s)
15:39:22 summary: 143 done, 11 pending, 2 failed, 62 unsubmittable (source missing from this checkout) (1869 out-of-order orphans ignored)
15:39:22 waiting on unpublished def bundle(s): ChapterFiniteSectionSingleTime (1 item(s)), ChapterQgTimeStepping (1 item(s)), ChapterQgTruncationResolvent (2 item(s)), ChapterQgVielbeinModeInstance (1 item(s)), ChapterQymTimeIndependentFlow (1 item(s)), ChapterScalaronFiberFL (2 item(s)), ChapterScalaronOuterFockFL (1 item(s)), ChapterSirkSingleTimeShift (1 item(s)), ChapterYangMillsAbelianFockEsa (1 item(s))
15:39:22 chunk: 0 item(s) resolved in 0s
15:39:35 sync: read 341 definition publish job(s)
15:39:57 sync: read 5366 problem publish job(s)
15:39:57 summary: 143 done, 11 pending, 2 failed, 62 unsubmittable (source missing from this checkout) (1869 out-of-order orphans ignored)
15:39:57 waiting on unpublished def bundle(s): ChapterFiniteSectionSingleTime (1 item(s)), ChapterQgTimeStepping (1 item(s)), ChapterQgTruncationResolvent (2 item(s)), ChapterQgVielbeinModeInstance (1 item(s)), ChapterQymTimeIndependentFlow (1 item(s)), ChapterScalaronFiberFL (2 item(s)), ChapterScalaronOuterFockFL (1 item(s)), ChapterSirkSingleTimeShift (1 item(s)), ChapterYangMillsAbelianFockEsa (1 item(s))
15:39:57 chunk: 0 item(s) resolved in 0s
15:40:10 sync: read 341 definition publish job(s)
15:40:35 sync: read 5366 problem publish job(s)
15:40:35 summary: 143 done, 11 pending, 2 failed, 62 unsubmittable (source missing from this checkout) (1869 out-of-order orphans ignored)
15:40:35 waiting on unpublished def bundle(s): ChapterFiniteSectionSingleTime (1 item(s)), ChapterQgTimeStepping (1 item(s)), ChapterQgTruncationResolvent (2 item(s)), ChapterQgVielbeinModeInstance (1 item(s)), ChapterQymTimeIndependentFlow (1 item(s)), ChapterScalaronFiberFL (2 item(s)), ChapterScalaronOuterFockFL (1 item(s)), ChapterSirkSingleTimeShift (1 item(s)), ChapterYangMillsAbelianFockEsa (1 item(s))
15:40:35 chunk: 0 item(s) resolved in 0s
15:40:49 sync: read 341 definition publish job(s)
15:41:14 sync: read 5366 problem publish job(s)
15:41:14 summary: 143 done, 11 pending, 2 failed, 62 unsubmittable (source missing from this checkout) (1869 out-of-order orphans ignored)
15:41:14 waiting on unpublished def bundle(s): ChapterFiniteSectionSingleTime (1 item(s)), ChapterQgTimeStepping (1 item(s)), ChapterQgTruncationResolvent (2 item(s)), ChapterQgVielbeinModeInstance (1 item(s)), ChapterQymTimeIndependentFlow (1 item(s)), ChapterScalaronFiberFL (2 item(s)), ChapterScalaronOuterFockFL (1 item(s)), ChapterSirkSingleTimeShift (1 item(s)), ChapterYangMillsAbelianFockEsa (1 item(s))
15:41:14 chunk: 0 item(s) resolved in 0s
15:41:27 sync: read 341 definition publish job(s)
15:41:47 sync: read 5366 problem publish job(s)
15:41:47 summary: 143 done, 11 pending, 2 failed, 62 unsubmittable (source missing from this checkout) (1869 out-of-order orphans ignored)
15:41:47 waiting on unpublished def bundle(s): ChapterFiniteSectionSingleTime (1 item(s)), ChapterQgTimeStepping (1 item(s)), ChapterQgTruncationResolvent (2 item(s)), ChapterQgVielbeinModeInstance (1 item(s)), ChapterQymTimeIndependentFlow (1 item(s)), ChapterScalaronFiberFL (2 item(s)), ChapterScalaronOuterFockFL (1 item(s)), ChapterSirkSingleTimeShift (1 item(s)), ChapterYangMillsAbelianFockEsa (1 item(s))
15:41:47 chunk: 0 item(s) resolved in 0s
15:42:02 sync: read 341 definition publish job(s)
15:42:23 sync: read 5373 problem publish job(s)
15:42:23 summary: 143 done, 11 pending, 2 failed, 62 unsubmittable (source missing from this checkout) (1869 out-of-order orphans ignored)
15:42:23 waiting on unpublished def bundle(s): ChapterFiniteSectionSingleTime (1 item(s)), ChapterQgTimeStepping (1 item(s)), ChapterQgTruncationResolvent (2 item(s)), ChapterQgVielbeinModeInstance (1 item(s)), ChapterQymTimeIndependentFlow (1 item(s)), ChapterScalaronFiberFL (2 item(s)), ChapterScalaronOuterFockFL (1 item(s)), ChapterSirkSingleTimeShift (1 item(s)), ChapterYangMillsAbelianFockEsa (1 item(s))
15:42:23 chunk: 0 item(s) resolved in 0s
15:42:36 sync: read 341 definition publish job(s)
15:42:57 sync: read 5380 problem publish job(s)
15:42:57 summary: 143 done, 11 pending, 2 failed, 62 unsubmittable (source missing from this checkout) (1869 out-of-order orphans ignored)
15:42:57 waiting on unpublished def bundle(s): ChapterFiniteSectionSingleTime (1 item(s)), ChapterQgTimeStepping (1 item(s)), ChapterQgTruncationResolvent (2 item(s)), ChapterQgVielbeinModeInstance (1 item(s)), ChapterQymTimeIndependentFlow (1 item(s)), ChapterScalaronFiberFL (2 item(s)), ChapterScalaronOuterFockFL (1 item(s)), ChapterSirkSingleTimeShift (1 item(s)), ChapterYangMillsAbelianFockEsa (1 item(s))
15:42:57 chunk: 0 item(s) resolved in 0s
15:43:10 sync: read 341 definition publish job(s)
15:43:31 sync: read 5386 problem publish job(s)
15:43:31 summary: 143 done, 11 pending, 2 failed, 62 unsubmittable (source missing from this checkout) (1869 out-of-order orphans ignored)
15:43:31 waiting on unpublished def bundle(s): ChapterFiniteSectionSingleTime (1 item(s)), ChapterQgTimeStepping (1 item(s)), ChapterQgTruncationResolvent (2 item(s)), ChapterQgVielbeinModeInstance (1 item(s)), ChapterQymTimeIndependentFlow (1 item(s)), ChapterScalaronFiberFL (2 item(s)), ChapterScalaronOuterFockFL (1 item(s)), ChapterSirkSingleTimeShift (1 item(s)), ChapterYangMillsAbelianFockEsa (1 item(s))
15:43:31 chunk: 0 item(s) resolved in 0s
15:43:44 sync: read 341 definition publish job(s)
15:44:06 sync: read 5393 problem publish job(s)
15:44:06 summary: 143 done, 11 pending, 2 failed, 62 unsubmittable (source missing from this checkout) (1869 out-of-order orphans ignored)
15:44:06 waiting on unpublished def bundle(s): ChapterFiniteSectionSingleTime (1 item(s)), ChapterQgTimeStepping (1 item(s)), ChapterQgTruncationResolvent (2 item(s)), ChapterQgVielbeinModeInstance (1 item(s)), ChapterQymTimeIndependentFlow (1 item(s)), ChapterScalaronFiberFL (2 item(s)), ChapterScalaronOuterFockFL (1 item(s)), ChapterSirkSingleTimeShift (1 item(s)), ChapterYangMillsAbelianFockEsa (1 item(s))
15:44:06 chunk: 0 item(s) resolved in 0s
Traceback (most recent call last):
  File "/media/leo/e7ed9d6f-5f0a-4e19-a74e-83424bc154ba/prove2me_workspace/pipeline/upload_pipeline.py", line 270, in <module>
    assert "/Book/" not in _d["source"], _c
                           ~~^^^^^^^^^^
KeyError: 'source'
Traceback (most recent call last):
  File "/media/leo/e7ed9d6f-5f0a-4e19-a74e-83424bc154ba/prove2me_workspace/pipeline/upload_pipeline.py", line 270, in <module>
    assert "/Book/" not in _d["source"], _c
                           ~~^^^^^^^^^^
KeyError: 'source'
Traceback (most recent call last):
  File "/media/leo/e7ed9d6f-5f0a-4e19-a74e-83424bc154ba/prove2me_workspace/pipeline/upload_pipeline.py", line 270, in <module>
    assert "/Book/" not in _d["source"], _c
                           ~~^^^^^^^^^^
KeyError: 'source'
Traceback (most recent call last):
  File "/media/leo/e7ed9d6f-5f0a-4e19-a74e-83424bc154ba/prove2me_workspace/pipeline/upload_pipeline.py", line 270, in <module>
    assert "/Book/" not in _d["source"], _c
                           ~~^^^^^^^^^^
KeyError: 'source'
Traceback (most recent call last):
  File "/media/leo/e7ed9d6f-5f0a-4e19-a74e-83424bc154ba/prove2me_workspace/pipeline/upload_pipeline.py", line 270, in <module>
    assert "/Book/" not in _d["source"], _c
                           ~~^^^^^^^^^^
KeyError: 'source'
Traceback (most recent call last):
  File "/media/leo/e7ed9d6f-5f0a-4e19-a74e-83424bc154ba/prove2me_workspace/pipeline/upload_pipeline.py", line 270, in <module>
    assert "/Book/" not in _d["source"], _c
                           ~~^^^^^^^^^^
KeyError: 'source'
Traceback (most recent call last):
  File "/media/leo/e7ed9d6f-5f0a-4e19-a74e-83424bc154ba/prove2me_workspace/pipeline/upload_pipeline.py", line 270, in <module>
    assert "/Book/" not in _d["source"], _c
                           ~~^^^^^^^^^^
KeyError: 'source'
Traceback (most recent call last):
  File "/media/leo/e7ed9d6f-5f0a-4e19-a74e-83424bc154ba/prove2me_workspace/pipeline/upload_pipeline.py", line 270, in <module>
    assert "/Book/" not in _d["source"], _c
                           ~~^^^^^^^^^^
KeyError: 'source'
Traceback (most recent call last):
  File "/media/leo/e7ed9d6f-5f0a-4e19-a74e-83424bc154ba/prove2me_workspace/pipeline/upload_pipeline.py", line 270, in <module>
    assert "/Book/" not in _d["source"], _c
                           ~~^^^^^^^^^^
KeyError: 'source'
15:45:50 sync: read 341 definition publish job(s)
15:46:10 sync: read 5393 problem publish job(s)
15:46:10 submitting def:ChapterQuantumGravity3DGauge (attempt 1)
15:46:10 warning: no Lean toolchain at /home/leo/.elan/toolchains/leanprover--lean4---v4.33.1/bin/lake - skipping the local gate and using the platform compiler as the oracle
15:46:14 def:ChapterQuantumGravity3DGauge: REUSING existing Definition node 5853811c-0af0-477f-8cfd-7936b64a5874
15:46:14 def:ChapterQuantumGravity3DGauge: DONE
15:46:14 summary: 144 done, 11 pending, 2 failed, 62 unsubmittable (source missing from this checkout) (1869 out-of-order orphans ignored)
15:46:14 waiting on unpublished def bundle(s): ChapterFiniteSectionSingleTime (1 item(s)), ChapterQgTimeStepping (1 item(s)), ChapterQgTruncationResolvent (2 item(s)), ChapterQgVielbeinModeInstance (1 item(s)), ChapterQymTimeIndependentFlow (1 item(s)), ChapterScalaronFiberFL (2 item(s)), ChapterScalaronOuterFockFL (1 item(s)), ChapterSirkSingleTimeShift (1 item(s)), ChapterYangMillsAbelianFockEsa (1 item(s))
15:46:14 chunk: 1 item(s) resolved in 4s
15:46:27 sync: read 341 definition publish job(s)
15:46:48 sync: read 5393 problem publish job(s)
15:46:48 summary: 144 done, 11 pending, 2 failed, 62 unsubmittable (source missing from this checkout) (1869 out-of-order orphans ignored)
15:46:48 waiting on unpublished def bundle(s): ChapterFiniteSectionSingleTime (1 item(s)), ChapterQgTimeStepping (1 item(s)), ChapterQgTruncationResolvent (2 item(s)), ChapterQgVielbeinModeInstance (1 item(s)), ChapterQymTimeIndependentFlow (1 item(s)), ChapterScalaronFiberFL (2 item(s)), ChapterScalaronOuterFockFL (1 item(s)), ChapterSirkSingleTimeShift (1 item(s)), ChapterYangMillsAbelianFockEsa (1 item(s))
15:46:48 chunk: 0 item(s) resolved in 0s
15:47:01 sync: read 341 definition publish job(s)
15:47:21 sync: read 5393 problem publish job(s)
15:47:21 submitting def:ChapterQuantumGravity3DGauge (attempt 1)
15:47:21 warning: no Lean toolchain at /home/leo/.elan/toolchains/leanprover--lean4---v4.33.1/bin/lake - skipping the local gate and using the platform compiler as the oracle
15:47:26 def:ChapterQuantumGravity3DGauge: REUSING existing Definition node 5853811c-0af0-477f-8cfd-7936b64a5874
15:47:26 def:ChapterQuantumGravity3DGauge: DONE
15:47:26 summary: 144 done, 11 pending, 2 failed, 62 unsubmittable (source missing from this checkout) (1869 out-of-order orphans ignored)
15:47:26 waiting on unpublished def bundle(s): ChapterFiniteSectionSingleTime (1 item(s)), ChapterQgTimeStepping (1 item(s)), ChapterQgTruncationResolvent (2 item(s)), ChapterQgVielbeinModeInstance (1 item(s)), ChapterQymTimeIndependentFlow (1 item(s)), ChapterScalaronFiberFL (2 item(s)), ChapterScalaronOuterFockFL (1 item(s)), ChapterSirkSingleTimeShift (1 item(s)), ChapterYangMillsAbelianFockEsa (1 item(s))
15:47:26 chunk: 1 item(s) resolved in 5s
15:47:39 sync: read 341 definition publish job(s)
15:47:59 sync: read 5393 problem publish job(s)
15:47:59 submitting def:ChapterQuantumGravity3DGauge (attempt 1)
15:47:59 warning: no Lean toolchain at /home/leo/.elan/toolchains/leanprover--lean4---v4.33.1/bin/lake - skipping the local gate and using the platform compiler as the oracle
15:48:03 def:ChapterQuantumGravity3DGauge: REUSING existing Definition node 5853811c-0af0-477f-8cfd-7936b64a5874
15:48:03 def:ChapterQuantumGravity3DGauge: DONE
15:48:03 summary: 144 done, 11 pending, 2 failed, 62 unsubmittable (source missing from this checkout) (1869 out-of-order orphans ignored)
15:48:03 waiting on unpublished def bundle(s): ChapterFiniteSectionSingleTime (1 item(s)), ChapterQgTimeStepping (1 item(s)), ChapterQgTruncationResolvent (2 item(s)), ChapterQgVielbeinModeInstance (1 item(s)), ChapterQymTimeIndependentFlow (1 item(s)), ChapterScalaronFiberFL (2 item(s)), ChapterScalaronOuterFockFL (1 item(s)), ChapterSirkSingleTimeShift (1 item(s)), ChapterYangMillsAbelianFockEsa (1 item(s))
15:48:03 chunk: 1 item(s) resolved in 4s
15:48:17 sync: read 341 definition publish job(s)
15:48:40 sync: read 5396 problem publish job(s)
15:48:40 summary: 144 done, 11 pending, 2 failed, 62 unsubmittable (source missing from this checkout) (1869 out-of-order orphans ignored)
15:48:40 waiting on unpublished def bundle(s): ChapterFiniteSectionSingleTime (1 item(s)), ChapterQgTimeStepping (1 item(s)), ChapterQgTruncationResolvent (2 item(s)), ChapterQgVielbeinModeInstance (1 item(s)), ChapterQymTimeIndependentFlow (1 item(s)), ChapterScalaronFiberFL (2 item(s)), ChapterScalaronOuterFockFL (1 item(s)), ChapterSirkSingleTimeShift (1 item(s)), ChapterYangMillsAbelianFockEsa (1 item(s))
15:48:40 chunk: 0 item(s) resolved in 0s
15:48:54 sync: read 341 definition publish job(s)
15:49:15 sync: read 5404 problem publish job(s)
15:49:15 summary: 144 done, 11 pending, 2 failed, 62 unsubmittable (source missing from this checkout) (1869 out-of-order orphans ignored)
15:49:15 waiting on unpublished def bundle(s): ChapterFiniteSectionSingleTime (1 item(s)), ChapterQgTimeStepping (1 item(s)), ChapterQgTruncationResolvent (2 item(s)), ChapterQgVielbeinModeInstance (1 item(s)), ChapterQymTimeIndependentFlow (1 item(s)), ChapterScalaronFiberFL (2 item(s)), ChapterScalaronOuterFockFL (1 item(s)), ChapterSirkSingleTimeShift (1 item(s)), ChapterYangMillsAbelianFockEsa (1 item(s))
15:49:15 chunk: 0 item(s) resolved in 0s
15:49:29 sync: read 341 definition publish job(s)
15:49:50 sync: read 5411 problem publish job(s)
15:49:50 summary: 144 done, 11 pending, 2 failed, 62 unsubmittable (source missing from this checkout) (1869 out-of-order orphans ignored)
15:49:50 waiting on unpublished def bundle(s): ChapterFiniteSectionSingleTime (1 item(s)), ChapterQgTimeStepping (1 item(s)), ChapterQgTruncationResolvent (2 item(s)), ChapterQgVielbeinModeInstance (1 item(s)), ChapterQymTimeIndependentFlow (1 item(s)), ChapterScalaronFiberFL (2 item(s)), ChapterScalaronOuterFockFL (1 item(s)), ChapterSirkSingleTimeShift (1 item(s)), ChapterYangMillsAbelianFockEsa (1 item(s))
15:49:50 chunk: 0 item(s) resolved in 0s
15:50:07 sync: read 341 definition publish job(s)
15:50:30 sync: read 5415 problem publish job(s)
15:50:30 summary: 144 done, 11 pending, 2 failed, 62 unsubmittable (source missing from this checkout) (1869 out-of-order orphans ignored)
15:50:30 waiting on unpublished def bundle(s): ChapterFiniteSectionSingleTime (1 item(s)), ChapterQgTimeStepping (1 item(s)), ChapterQgTruncationResolvent (2 item(s)), ChapterQgVielbeinModeInstance (1 item(s)), ChapterQymTimeIndependentFlow (1 item(s)), ChapterScalaronFiberFL (2 item(s)), ChapterScalaronOuterFockFL (1 item(s)), ChapterSirkSingleTimeShift (1 item(s)), ChapterYangMillsAbelianFockEsa (1 item(s))
15:50:30 chunk: 0 item(s) resolved in 0s
15:50:43 sync: read 341 definition publish job(s)
15:51:07 sync: read 5415 problem publish job(s)
15:51:07 summary: 144 done, 11 pending, 2 failed, 62 unsubmittable (source missing from this checkout) (1869 out-of-order orphans ignored)
15:51:07 waiting on unpublished def bundle(s): ChapterFiniteSectionSingleTime (1 item(s)), ChapterQgTimeStepping (1 item(s)), ChapterQgTruncationResolvent (2 item(s)), ChapterQgVielbeinModeInstance (1 item(s)), ChapterQymTimeIndependentFlow (1 item(s)), ChapterScalaronFiberFL (2 item(s)), ChapterScalaronOuterFockFL (1 item(s)), ChapterSirkSingleTimeShift (1 item(s)), ChapterYangMillsAbelianFockEsa (1 item(s))
15:51:07 chunk: 0 item(s) resolved in 0s
15:51:21 sync: read 341 definition publish job(s)
15:51:42 sync: read 5415 problem publish job(s)
15:51:42 summary: 144 done, 11 pending, 2 failed, 62 unsubmittable (source missing from this checkout) (1869 out-of-order orphans ignored)
15:51:42 waiting on unpublished def bundle(s): ChapterFiniteSectionSingleTime (1 item(s)), ChapterQgTimeStepping (1 item(s)), ChapterQgTruncationResolvent (2 item(s)), ChapterQgVielbeinModeInstance (1 item(s)), ChapterQymTimeIndependentFlow (1 item(s)), ChapterScalaronFiberFL (2 item(s)), ChapterScalaronOuterFockFL (1 item(s)), ChapterSirkSingleTimeShift (1 item(s)), ChapterYangMillsAbelianFockEsa (1 item(s))
15:51:42 chunk: 0 item(s) resolved in 0s
15:51:55 sync: read 341 definition publish job(s)
15:52:15 sync: read 5415 problem publish job(s)
15:52:15 summary: 144 done, 11 pending, 2 failed, 62 unsubmittable (source missing from this checkout) (1869 out-of-order orphans ignored)
15:52:15 waiting on unpublished def bundle(s): ChapterFiniteSectionSingleTime (1 item(s)), ChapterQgTimeStepping (1 item(s)), ChapterQgTruncationResolvent (2 item(s)), ChapterQgVielbeinModeInstance (1 item(s)), ChapterQymTimeIndependentFlow (1 item(s)), ChapterScalaronFiberFL (2 item(s)), ChapterScalaronOuterFockFL (1 item(s)), ChapterSirkSingleTimeShift (1 item(s)), ChapterYangMillsAbelianFockEsa (1 item(s))
15:52:15 chunk: 0 item(s) resolved in 0s
15:52:28 sync: read 341 definition publish job(s)
15:52:49 sync: read 5415 problem publish job(s)
15:52:49 summary: 144 done, 11 pending, 2 failed, 62 unsubmittable (source missing from this checkout) (1869 out-of-order orphans ignored)
15:52:49 waiting on unpublished def bundle(s): ChapterFiniteSectionSingleTime (1 item(s)), ChapterQgTimeStepping (1 item(s)), ChapterQgTruncationResolvent (2 item(s)), ChapterQgVielbeinModeInstance (1 item(s)), ChapterQymTimeIndependentFlow (1 item(s)), ChapterScalaronFiberFL (2 item(s)), ChapterScalaronOuterFockFL (1 item(s)), ChapterSirkSingleTimeShift (1 item(s)), ChapterYangMillsAbelianFockEsa (1 item(s))
15:52:49 chunk: 0 item(s) resolved in 0s
15:53:02 sync: read 341 definition publish job(s)
15:53:23 sync: read 5415 problem publish job(s)
15:53:23 summary: 144 done, 11 pending, 2 failed, 62 unsubmittable (source missing from this checkout) (1869 out-of-order orphans ignored)
15:53:23 waiting on unpublished def bundle(s): ChapterFiniteSectionSingleTime (1 item(s)), ChapterQgTimeStepping (1 item(s)), ChapterQgTruncationResolvent (2 item(s)), ChapterQgVielbeinModeInstance (1 item(s)), ChapterQymTimeIndependentFlow (1 item(s)), ChapterScalaronFiberFL (2 item(s)), ChapterScalaronOuterFockFL (1 item(s)), ChapterSirkSingleTimeShift (1 item(s)), ChapterYangMillsAbelianFockEsa (1 item(s))
15:53:23 chunk: 0 item(s) resolved in 0s
15:53:36 sync: read 341 definition publish job(s)
15:53:56 sync: read 5415 problem publish job(s)
15:53:56 summary: 144 done, 11 pending, 2 failed, 62 unsubmittable (source missing from this checkout) (1869 out-of-order orphans ignored)
15:53:56 waiting on unpublished def bundle(s): ChapterFiniteSectionSingleTime (1 item(s)), ChapterQgTimeStepping (1 item(s)), ChapterQgTruncationResolvent (2 item(s)), ChapterQgVielbeinModeInstance (1 item(s)), ChapterQymTimeIndependentFlow (1 item(s)), ChapterScalaronFiberFL (2 item(s)), ChapterScalaronOuterFockFL (1 item(s)), ChapterSirkSingleTimeShift (1 item(s)), ChapterYangMillsAbelianFockEsa (1 item(s))
15:53:56 chunk: 0 item(s) resolved in 0s
15:54:09 sync: read 341 definition publish job(s)
15:54:31 sync: read 5415 problem publish job(s)
15:54:31 summary: 144 done, 11 pending, 2 failed, 62 unsubmittable (source missing from this checkout) (1869 out-of-order orphans ignored)
15:54:31 waiting on unpublished def bundle(s): ChapterFiniteSectionSingleTime (1 item(s)), ChapterQgTimeStepping (1 item(s)), ChapterQgTruncationResolvent (2 item(s)), ChapterQgVielbeinModeInstance (1 item(s)), ChapterQymTimeIndependentFlow (1 item(s)), ChapterScalaronFiberFL (2 item(s)), ChapterScalaronOuterFockFL (1 item(s)), ChapterSirkSingleTimeShift (1 item(s)), ChapterYangMillsAbelianFockEsa (1 item(s))
15:54:31 chunk: 0 item(s) resolved in 0s
15:54:44 sync: read 341 definition publish job(s)
15:55:06 sync: read 5415 problem publish job(s)
15:55:06 summary: 144 done, 11 pending, 2 failed, 62 unsubmittable (source missing from this checkout) (1869 out-of-order orphans ignored)
15:55:06 waiting on unpublished def bundle(s): ChapterFiniteSectionSingleTime (1 item(s)), ChapterQgTimeStepping (1 item(s)), ChapterQgTruncationResolvent (2 item(s)), ChapterQgVielbeinModeInstance (1 item(s)), ChapterQymTimeIndependentFlow (1 item(s)), ChapterScalaronFiberFL (2 item(s)), ChapterScalaronOuterFockFL (1 item(s)), ChapterSirkSingleTimeShift (1 item(s)), ChapterYangMillsAbelianFockEsa (1 item(s))
15:55:06 chunk: 0 item(s) resolved in 0s
15:55:19 sync: read 341 definition publish job(s)
15:55:43 sync: read 5415 problem publish job(s)
15:55:43 summary: 144 done, 11 pending, 2 failed, 62 unsubmittable (source missing from this checkout) (1869 out-of-order orphans ignored)
15:55:43 waiting on unpublished def bundle(s): ChapterFiniteSectionSingleTime (1 item(s)), ChapterQgTimeStepping (1 item(s)), ChapterQgTruncationResolvent (2 item(s)), ChapterQgVielbeinModeInstance (1 item(s)), ChapterQymTimeIndependentFlow (1 item(s)), ChapterScalaronFiberFL (2 item(s)), ChapterScalaronOuterFockFL (1 item(s)), ChapterSirkSingleTimeShift (1 item(s)), ChapterYangMillsAbelianFockEsa (1 item(s))
15:55:43 chunk: 0 item(s) resolved in 0s
15:55:55 sync: read 341 definition publish job(s)
15:56:16 sync: read 5415 problem publish job(s)
15:56:16 summary: 144 done, 11 pending, 2 failed, 62 unsubmittable (source missing from this checkout) (1869 out-of-order orphans ignored)
15:56:16 waiting on unpublished def bundle(s): ChapterFiniteSectionSingleTime (1 item(s)), ChapterQgTimeStepping (1 item(s)), ChapterQgTruncationResolvent (2 item(s)), ChapterQgVielbeinModeInstance (1 item(s)), ChapterQymTimeIndependentFlow (1 item(s)), ChapterScalaronFiberFL (2 item(s)), ChapterScalaronOuterFockFL (1 item(s)), ChapterSirkSingleTimeShift (1 item(s)), ChapterYangMillsAbelianFockEsa (1 item(s))
15:56:16 chunk: 0 item(s) resolved in 0s
15:56:29 sync: read 341 definition publish job(s)
15:56:50 sync: read 5415 problem publish job(s)
15:56:50 summary: 144 done, 11 pending, 2 failed, 62 unsubmittable (source missing from this checkout) (1869 out-of-order orphans ignored)
15:56:50 waiting on unpublished def bundle(s): ChapterFiniteSectionSingleTime (1 item(s)), ChapterQgTimeStepping (1 item(s)), ChapterQgTruncationResolvent (2 item(s)), ChapterQgVielbeinModeInstance (1 item(s)), ChapterQymTimeIndependentFlow (1 item(s)), ChapterScalaronFiberFL (2 item(s)), ChapterScalaronOuterFockFL (1 item(s)), ChapterSirkSingleTimeShift (1 item(s)), ChapterYangMillsAbelianFockEsa (1 item(s))
15:56:50 chunk: 0 item(s) resolved in 0s
15:57:04 sync: read 341 definition publish job(s)
15:57:26 sync: read 5415 problem publish job(s)
15:57:26 summary: 144 done, 11 pending, 2 failed, 62 unsubmittable (source missing from this checkout) (1869 out-of-order orphans ignored)
15:57:26 waiting on unpublished def bundle(s): ChapterFiniteSectionSingleTime (1 item(s)), ChapterQgTimeStepping (1 item(s)), ChapterQgTruncationResolvent (2 item(s)), ChapterQgVielbeinModeInstance (1 item(s)), ChapterQymTimeIndependentFlow (1 item(s)), ChapterScalaronFiberFL (2 item(s)), ChapterScalaronOuterFockFL (1 item(s)), ChapterSirkSingleTimeShift (1 item(s)), ChapterYangMillsAbelianFockEsa (1 item(s))
15:57:26 chunk: 0 item(s) resolved in 0s
15:57:39 sync: read 341 definition publish job(s)
15:58:01 sync: read 5415 problem publish job(s)
15:58:01 summary: 144 done, 11 pending, 2 failed, 62 unsubmittable (source missing from this checkout) (1869 out-of-order orphans ignored)
15:58:01 waiting on unpublished def bundle(s): ChapterFiniteSectionSingleTime (1 item(s)), ChapterQgTimeStepping (1 item(s)), ChapterQgTruncationResolvent (2 item(s)), ChapterQgVielbeinModeInstance (1 item(s)), ChapterQymTimeIndependentFlow (1 item(s)), ChapterScalaronFiberFL (2 item(s)), ChapterScalaronOuterFockFL (1 item(s)), ChapterSirkSingleTimeShift (1 item(s)), ChapterYangMillsAbelianFockEsa (1 item(s))
15:58:01 chunk: 0 item(s) resolved in 0s
15:58:14 sync: read 341 definition publish job(s)
15:58:32 sync: read 5415 problem publish job(s)
15:58:32 summary: 144 done, 11 pending, 2 failed, 62 unsubmittable (source missing from this checkout) (1869 out-of-order orphans ignored)
15:58:32 waiting on unpublished def bundle(s): ChapterFiniteSectionSingleTime (1 item(s)), ChapterQgTimeStepping (1 item(s)), ChapterQgTruncationResolvent (2 item(s)), ChapterQgVielbeinModeInstance (1 item(s)), ChapterQymTimeIndependentFlow (1 item(s)), ChapterScalaronFiberFL (2 item(s)), ChapterScalaronOuterFockFL (1 item(s)), ChapterSirkSingleTimeShift (1 item(s)), ChapterYangMillsAbelianFockEsa (1 item(s))
15:58:32 chunk: 0 item(s) resolved in 0s
15:58:46 sync: read 341 definition publish job(s)
15:59:08 sync: read 5415 problem publish job(s)
15:59:08 summary: 144 done, 11 pending, 2 failed, 62 unsubmittable (source missing from this checkout) (1869 out-of-order orphans ignored)
15:59:08 waiting on unpublished def bundle(s): ChapterFiniteSectionSingleTime (1 item(s)), ChapterQgTimeStepping (1 item(s)), ChapterQgTruncationResolvent (2 item(s)), ChapterQgVielbeinModeInstance (1 item(s)), ChapterQymTimeIndependentFlow (1 item(s)), ChapterScalaronFiberFL (2 item(s)), ChapterScalaronOuterFockFL (1 item(s)), ChapterSirkSingleTimeShift (1 item(s)), ChapterYangMillsAbelianFockEsa (1 item(s))
15:59:08 chunk: 0 item(s) resolved in 0s
15:59:22 sync: read 341 definition publish job(s)
15:59:41 sync: read 5415 problem publish job(s)
15:59:41 summary: 144 done, 11 pending, 2 failed, 62 unsubmittable (source missing from this checkout) (1869 out-of-order orphans ignored)
15:59:41 waiting on unpublished def bundle(s): ChapterFiniteSectionSingleTime (1 item(s)), ChapterQgTimeStepping (1 item(s)), ChapterQgTruncationResolvent (2 item(s)), ChapterQgVielbeinModeInstance (1 item(s)), ChapterQymTimeIndependentFlow (1 item(s)), ChapterScalaronFiberFL (2 item(s)), ChapterScalaronOuterFockFL (1 item(s)), ChapterSirkSingleTimeShift (1 item(s)), ChapterYangMillsAbelianFockEsa (1 item(s))
15:59:41 chunk: 0 item(s) resolved in 0s
15:59:54 sync: read 341 definition publish job(s)
16:00:39 sync: read 5415 problem publish job(s)
16:00:39 summary: 144 done, 11 pending, 2 failed, 62 unsubmittable (source missing from this checkout) (1869 out-of-order orphans ignored)
16:00:39 waiting on unpublished def bundle(s): ChapterFiniteSectionSingleTime (1 item(s)), ChapterQgTimeStepping (1 item(s)), ChapterQgTruncationResolvent (2 item(s)), ChapterQgVielbeinModeInstance (1 item(s)), ChapterQymTimeIndependentFlow (1 item(s)), ChapterScalaronFiberFL (2 item(s)), ChapterScalaronOuterFockFL (1 item(s)), ChapterSirkSingleTimeShift (1 item(s)), ChapterYangMillsAbelianFockEsa (1 item(s))
16:00:39 chunk: 0 item(s) resolved in 0s
16:00:52 sync: read 341 definition publish job(s)
16:01:24 sync: read 5415 problem publish job(s)
16:01:24 summary: 144 done, 11 pending, 2 failed, 62 unsubmittable (source missing from this checkout) (1869 out-of-order orphans ignored)
16:01:24 waiting on unpublished def bundle(s): ChapterFiniteSectionSingleTime (1 item(s)), ChapterQgTimeStepping (1 item(s)), ChapterQgTruncationResolvent (2 item(s)), ChapterQgVielbeinModeInstance (1 item(s)), ChapterQymTimeIndependentFlow (1 item(s)), ChapterScalaronFiberFL (2 item(s)), ChapterScalaronOuterFockFL (1 item(s)), ChapterSirkSingleTimeShift (1 item(s)), ChapterYangMillsAbelianFockEsa (1 item(s))
16:01:24 chunk: 0 item(s) resolved in 0s
16:01:38 sync: read 341 definition publish job(s)
16:02:05 sync: read 5415 problem publish job(s)
16:02:05 summary: 144 done, 11 pending, 2 failed, 62 unsubmittable (source missing from this checkout) (1869 out-of-order orphans ignored)
16:02:05 waiting on unpublished def bundle(s): ChapterFiniteSectionSingleTime (1 item(s)), ChapterQgTimeStepping (1 item(s)), ChapterQgTruncationResolvent (2 item(s)), ChapterQgVielbeinModeInstance (1 item(s)), ChapterQymTimeIndependentFlow (1 item(s)), ChapterScalaronFiberFL (2 item(s)), ChapterScalaronOuterFockFL (1 item(s)), ChapterSirkSingleTimeShift (1 item(s)), ChapterYangMillsAbelianFockEsa (1 item(s))
16:02:05 chunk: 0 item(s) resolved in 0s
16:02:19 sync: read 341 definition publish job(s)
16:02:50 sync: read 5415 problem publish job(s)
16:02:50 summary: 144 done, 11 pending, 2 failed, 62 unsubmittable (source missing from this checkout) (1869 out-of-order orphans ignored)
16:02:50 waiting on unpublished def bundle(s): ChapterFiniteSectionSingleTime (1 item(s)), ChapterQgTimeStepping (1 item(s)), ChapterQgTruncationResolvent (2 item(s)), ChapterQgVielbeinModeInstance (1 item(s)), ChapterQymTimeIndependentFlow (1 item(s)), ChapterScalaronFiberFL (2 item(s)), ChapterScalaronOuterFockFL (1 item(s)), ChapterSirkSingleTimeShift (1 item(s)), ChapterYangMillsAbelianFockEsa (1 item(s))
16:02:50 chunk: 0 item(s) resolved in 0s
16:03:07 sync: read 341 definition publish job(s)
16:03:37 sync: read 5415 problem publish job(s)
16:03:37 summary: 144 done, 11 pending, 2 failed, 62 unsubmittable (source missing from this checkout) (1869 out-of-order orphans ignored)
16:03:37 waiting on unpublished def bundle(s): ChapterFiniteSectionSingleTime (1 item(s)), ChapterQgTimeStepping (1 item(s)), ChapterQgTruncationResolvent (2 item(s)), ChapterQgVielbeinModeInstance (1 item(s)), ChapterQymTimeIndependentFlow (1 item(s)), ChapterScalaronFiberFL (2 item(s)), ChapterScalaronOuterFockFL (1 item(s)), ChapterSirkSingleTimeShift (1 item(s)), ChapterYangMillsAbelianFockEsa (1 item(s))
16:03:37 chunk: 0 item(s) resolved in 0s
16:03:51 sync: read 341 definition publish job(s)
16:04:12 sync: read 5415 problem publish job(s)
16:04:12 summary: 144 done, 11 pending, 2 failed, 62 unsubmittable (source missing from this checkout) (1869 out-of-order orphans ignored)
16:04:12 waiting on unpublished def bundle(s): ChapterFiniteSectionSingleTime (1 item(s)), ChapterQgTimeStepping (1 item(s)), ChapterQgTruncationResolvent (2 item(s)), ChapterQgVielbeinModeInstance (1 item(s)), ChapterQymTimeIndependentFlow (1 item(s)), ChapterScalaronFiberFL (2 item(s)), ChapterScalaronOuterFockFL (1 item(s)), ChapterSirkSingleTimeShift (1 item(s)), ChapterYangMillsAbelianFockEsa (1 item(s))
16:04:12 chunk: 0 item(s) resolved in 0s
16:04:25 sync: read 341 definition publish job(s)
16:04:45 sync: read 5415 problem publish job(s)
16:04:45 summary: 144 done, 11 pending, 2 failed, 62 unsubmittable (source missing from this checkout) (1869 out-of-order orphans ignored)
16:04:45 waiting on unpublished def bundle(s): ChapterFiniteSectionSingleTime (1 item(s)), ChapterQgTimeStepping (1 item(s)), ChapterQgTruncationResolvent (2 item(s)), ChapterQgVielbeinModeInstance (1 item(s)), ChapterQymTimeIndependentFlow (1 item(s)), ChapterScalaronFiberFL (2 item(s)), ChapterScalaronOuterFockFL (1 item(s)), ChapterSirkSingleTimeShift (1 item(s)), ChapterYangMillsAbelianFockEsa (1 item(s))
16:04:45 chunk: 0 item(s) resolved in 0s
16:04:58 sync: read 341 definition publish job(s)
16:05:22 sync: read 5415 problem publish job(s)
16:05:22 summary: 144 done, 11 pending, 2 failed, 62 unsubmittable (source missing from this checkout) (1869 out-of-order orphans ignored)
16:05:22 waiting on unpublished def bundle(s): ChapterFiniteSectionSingleTime (1 item(s)), ChapterQgTimeStepping (1 item(s)), ChapterQgTruncationResolvent (2 item(s)), ChapterQgVielbeinModeInstance (1 item(s)), ChapterQymTimeIndependentFlow (1 item(s)), ChapterScalaronFiberFL (2 item(s)), ChapterScalaronOuterFockFL (1 item(s)), ChapterSirkSingleTimeShift (1 item(s)), ChapterYangMillsAbelianFockEsa (1 item(s))
16:05:22 chunk: 0 item(s) resolved in 0s
16:05:36 sync: read 341 definition publish job(s)
16:05:57 sync: read 5415 problem publish job(s)
16:05:57 summary: 144 done, 11 pending, 2 failed, 62 unsubmittable (source missing from this checkout) (1869 out-of-order orphans ignored)
16:05:57 waiting on unpublished def bundle(s): ChapterFiniteSectionSingleTime (1 item(s)), ChapterQgTimeStepping (1 item(s)), ChapterQgTruncationResolvent (2 item(s)), ChapterQgVielbeinModeInstance (1 item(s)), ChapterQymTimeIndependentFlow (1 item(s)), ChapterScalaronFiberFL (2 item(s)), ChapterScalaronOuterFockFL (1 item(s)), ChapterSirkSingleTimeShift (1 item(s)), ChapterYangMillsAbelianFockEsa (1 item(s))
16:05:57 chunk: 0 item(s) resolved in 0s
16:06:11 sync: read 341 definition publish job(s)
16:06:36 sync: read 5415 problem publish job(s)
16:06:36 summary: 144 done, 11 pending, 2 failed, 62 unsubmittable (source missing from this checkout) (1869 out-of-order orphans ignored)
16:06:36 waiting on unpublished def bundle(s): ChapterFiniteSectionSingleTime (1 item(s)), ChapterQgTimeStepping (1 item(s)), ChapterQgTruncationResolvent (2 item(s)), ChapterQgVielbeinModeInstance (1 item(s)), ChapterQymTimeIndependentFlow (1 item(s)), ChapterScalaronFiberFL (2 item(s)), ChapterScalaronOuterFockFL (1 item(s)), ChapterSirkSingleTimeShift (1 item(s)), ChapterYangMillsAbelianFockEsa (1 item(s))
16:06:36 chunk: 0 item(s) resolved in 0s
16:06:49 sync: read 341 definition publish job(s)
16:07:12 sync: read 5415 problem publish job(s)
16:07:12 summary: 144 done, 11 pending, 2 failed, 62 unsubmittable (source missing from this checkout) (1869 out-of-order orphans ignored)
16:07:12 waiting on unpublished def bundle(s): ChapterFiniteSectionSingleTime (1 item(s)), ChapterQgTimeStepping (1 item(s)), ChapterQgTruncationResolvent (2 item(s)), ChapterQgVielbeinModeInstance (1 item(s)), ChapterQymTimeIndependentFlow (1 item(s)), ChapterScalaronFiberFL (2 item(s)), ChapterScalaronOuterFockFL (1 item(s)), ChapterSirkSingleTimeShift (1 item(s)), ChapterYangMillsAbelianFockEsa (1 item(s))
16:07:12 chunk: 0 item(s) resolved in 0s
16:07:25 sync: read 341 definition publish job(s)
16:07:44 sync: read 5415 problem publish job(s)
16:07:44 summary: 144 done, 11 pending, 2 failed, 62 unsubmittable (source missing from this checkout) (1869 out-of-order orphans ignored)
16:07:44 waiting on unpublished def bundle(s): ChapterFiniteSectionSingleTime (1 item(s)), ChapterQgTimeStepping (1 item(s)), ChapterQgTruncationResolvent (2 item(s)), ChapterQgVielbeinModeInstance (1 item(s)), ChapterQymTimeIndependentFlow (1 item(s)), ChapterScalaronFiberFL (2 item(s)), ChapterScalaronOuterFockFL (1 item(s)), ChapterSirkSingleTimeShift (1 item(s)), ChapterYangMillsAbelianFockEsa (1 item(s))
16:07:44 chunk: 0 item(s) resolved in 0s
16:07:57 sync: read 341 definition publish job(s)
16:08:19 sync: read 5415 problem publish job(s)
16:08:19 summary: 144 done, 11 pending, 2 failed, 62 unsubmittable (source missing from this checkout) (1869 out-of-order orphans ignored)
16:08:19 waiting on unpublished def bundle(s): ChapterFiniteSectionSingleTime (1 item(s)), ChapterQgTimeStepping (1 item(s)), ChapterQgTruncationResolvent (2 item(s)), ChapterQgVielbeinModeInstance (1 item(s)), ChapterQymTimeIndependentFlow (1 item(s)), ChapterScalaronFiberFL (2 item(s)), ChapterScalaronOuterFockFL (1 item(s)), ChapterSirkSingleTimeShift (1 item(s)), ChapterYangMillsAbelianFockEsa (1 item(s))
16:08:19 chunk: 0 item(s) resolved in 0s
16:08:32 sync: read 341 definition publish job(s)
16:08:51 sync: read 5415 problem publish job(s)
16:08:51 summary: 144 done, 11 pending, 2 failed, 62 unsubmittable (source missing from this checkout) (1869 out-of-order orphans ignored)
16:08:51 waiting on unpublished def bundle(s): ChapterFiniteSectionSingleTime (1 item(s)), ChapterQgTimeStepping (1 item(s)), ChapterQgTruncationResolvent (2 item(s)), ChapterQgVielbeinModeInstance (1 item(s)), ChapterQymTimeIndependentFlow (1 item(s)), ChapterScalaronFiberFL (2 item(s)), ChapterScalaronOuterFockFL (1 item(s)), ChapterSirkSingleTimeShift (1 item(s)), ChapterYangMillsAbelianFockEsa (1 item(s))
16:08:51 chunk: 0 item(s) resolved in 0s
16:09:05 sync: read 341 definition publish job(s)
16:09:26 sync: read 5415 problem publish job(s)
16:09:26 summary: 144 done, 11 pending, 2 failed, 62 unsubmittable (source missing from this checkout) (1869 out-of-order orphans ignored)
16:09:26 waiting on unpublished def bundle(s): ChapterFiniteSectionSingleTime (1 item(s)), ChapterQgTimeStepping (1 item(s)), ChapterQgTruncationResolvent (2 item(s)), ChapterQgVielbeinModeInstance (1 item(s)), ChapterQymTimeIndependentFlow (1 item(s)), ChapterScalaronFiberFL (2 item(s)), ChapterScalaronOuterFockFL (1 item(s)), ChapterSirkSingleTimeShift (1 item(s)), ChapterYangMillsAbelianFockEsa (1 item(s))
16:09:26 chunk: 0 item(s) resolved in 0s
16:09:41 sync: read 341 definition publish job(s)
16:10:00 sync: read 5415 problem publish job(s)
16:10:00 summary: 144 done, 11 pending, 2 failed, 62 unsubmittable (source missing from this checkout) (1869 out-of-order orphans ignored)
16:10:00 waiting on unpublished def bundle(s): ChapterFiniteSectionSingleTime (1 item(s)), ChapterQgTimeStepping (1 item(s)), ChapterQgTruncationResolvent (2 item(s)), ChapterQgVielbeinModeInstance (1 item(s)), ChapterQymTimeIndependentFlow (1 item(s)), ChapterScalaronFiberFL (2 item(s)), ChapterScalaronOuterFockFL (1 item(s)), ChapterSirkSingleTimeShift (1 item(s)), ChapterYangMillsAbelianFockEsa (1 item(s))
16:10:00 chunk: 0 item(s) resolved in 0s
16:10:13 sync: read 341 definition publish job(s)
16:10:35 sync: read 5415 problem publish job(s)
16:10:35 summary: 144 done, 11 pending, 2 failed, 62 unsubmittable (source missing from this checkout) (1869 out-of-order orphans ignored)
16:10:35 waiting on unpublished def bundle(s): ChapterFiniteSectionSingleTime (1 item(s)), ChapterQgTimeStepping (1 item(s)), ChapterQgTruncationResolvent (2 item(s)), ChapterQgVielbeinModeInstance (1 item(s)), ChapterQymTimeIndependentFlow (1 item(s)), ChapterScalaronFiberFL (2 item(s)), ChapterScalaronOuterFockFL (1 item(s)), ChapterSirkSingleTimeShift (1 item(s)), ChapterYangMillsAbelianFockEsa (1 item(s))
16:10:35 chunk: 0 item(s) resolved in 0s
16:10:49 sync: read 341 definition publish job(s)
16:11:11 sync: read 5415 problem publish job(s)
16:11:11 summary: 144 done, 11 pending, 2 failed, 62 unsubmittable (source missing from this checkout) (1869 out-of-order orphans ignored)
16:11:11 waiting on unpublished def bundle(s): ChapterFiniteSectionSingleTime (1 item(s)), ChapterQgTimeStepping (1 item(s)), ChapterQgTruncationResolvent (2 item(s)), ChapterQgVielbeinModeInstance (1 item(s)), ChapterQymTimeIndependentFlow (1 item(s)), ChapterScalaronFiberFL (2 item(s)), ChapterScalaronOuterFockFL (1 item(s)), ChapterSirkSingleTimeShift (1 item(s)), ChapterYangMillsAbelianFockEsa (1 item(s))
16:11:11 chunk: 0 item(s) resolved in 0s
16:11:25 sync: read 341 definition publish job(s)
16:11:47 sync: read 5415 problem publish job(s)
16:11:47 summary: 144 done, 11 pending, 2 failed, 62 unsubmittable (source missing from this checkout) (1869 out-of-order orphans ignored)
16:11:47 waiting on unpublished def bundle(s): ChapterFiniteSectionSingleTime (1 item(s)), ChapterQgTimeStepping (1 item(s)), ChapterQgTruncationResolvent (2 item(s)), ChapterQgVielbeinModeInstance (1 item(s)), ChapterQymTimeIndependentFlow (1 item(s)), ChapterScalaronFiberFL (2 item(s)), ChapterScalaronOuterFockFL (1 item(s)), ChapterSirkSingleTimeShift (1 item(s)), ChapterYangMillsAbelianFockEsa (1 item(s))
16:11:47 chunk: 0 item(s) resolved in 0s
16:12:00 sync: read 341 definition publish job(s)
16:12:19 sync: read 5415 problem publish job(s)
16:12:19 summary: 144 done, 11 pending, 2 failed, 62 unsubmittable (source missing from this checkout) (1869 out-of-order orphans ignored)
16:12:19 waiting on unpublished def bundle(s): ChapterFiniteSectionSingleTime (1 item(s)), ChapterQgTimeStepping (1 item(s)), ChapterQgTruncationResolvent (2 item(s)), ChapterQgVielbeinModeInstance (1 item(s)), ChapterQymTimeIndependentFlow (1 item(s)), ChapterScalaronFiberFL (2 item(s)), ChapterScalaronOuterFockFL (1 item(s)), ChapterSirkSingleTimeShift (1 item(s)), ChapterYangMillsAbelianFockEsa (1 item(s))
16:12:19 chunk: 0 item(s) resolved in 0s
16:12:33 sync: read 341 definition publish job(s)
16:12:55 sync: read 5415 problem publish job(s)
16:12:55 summary: 144 done, 11 pending, 2 failed, 62 unsubmittable (source missing from this checkout) (1869 out-of-order orphans ignored)
16:12:55 waiting on unpublished def bundle(s): ChapterFiniteSectionSingleTime (1 item(s)), ChapterQgTimeStepping (1 item(s)), ChapterQgTruncationResolvent (2 item(s)), ChapterQgVielbeinModeInstance (1 item(s)), ChapterQymTimeIndependentFlow (1 item(s)), ChapterScalaronFiberFL (2 item(s)), ChapterScalaronOuterFockFL (1 item(s)), ChapterSirkSingleTimeShift (1 item(s)), ChapterYangMillsAbelianFockEsa (1 item(s))
16:12:55 chunk: 0 item(s) resolved in 0s
16:13:08 sync: read 341 definition publish job(s)
16:13:29 sync: read 5415 problem publish job(s)
16:13:29 summary: 144 done, 11 pending, 2 failed, 62 unsubmittable (source missing from this checkout) (1869 out-of-order orphans ignored)
16:13:29 waiting on unpublished def bundle(s): ChapterFiniteSectionSingleTime (1 item(s)), ChapterQgTimeStepping (1 item(s)), ChapterQgTruncationResolvent (2 item(s)), ChapterQgVielbeinModeInstance (1 item(s)), ChapterQymTimeIndependentFlow (1 item(s)), ChapterScalaronFiberFL (2 item(s)), ChapterScalaronOuterFockFL (1 item(s)), ChapterSirkSingleTimeShift (1 item(s)), ChapterYangMillsAbelianFockEsa (1 item(s))
16:13:29 chunk: 0 item(s) resolved in 0s
16:13:43 sync: read 341 definition publish job(s)
16:14:04 sync: read 5415 problem publish job(s)
16:14:04 summary: 144 done, 11 pending, 2 failed, 62 unsubmittable (source missing from this checkout) (1869 out-of-order orphans ignored)
16:14:04 waiting on unpublished def bundle(s): ChapterFiniteSectionSingleTime (1 item(s)), ChapterQgTimeStepping (1 item(s)), ChapterQgTruncationResolvent (2 item(s)), ChapterQgVielbeinModeInstance (1 item(s)), ChapterQymTimeIndependentFlow (1 item(s)), ChapterScalaronFiberFL (2 item(s)), ChapterScalaronOuterFockFL (1 item(s)), ChapterSirkSingleTimeShift (1 item(s)), ChapterYangMillsAbelianFockEsa (1 item(s))
16:14:04 chunk: 0 item(s) resolved in 0s
16:14:17 sync: read 341 definition publish job(s)
16:14:36 sync: read 5415 problem publish job(s)
16:14:36 summary: 144 done, 11 pending, 2 failed, 62 unsubmittable (source missing from this checkout) (1869 out-of-order orphans ignored)
16:14:36 waiting on unpublished def bundle(s): ChapterFiniteSectionSingleTime (1 item(s)), ChapterQgTimeStepping (1 item(s)), ChapterQgTruncationResolvent (2 item(s)), ChapterQgVielbeinModeInstance (1 item(s)), ChapterQymTimeIndependentFlow (1 item(s)), ChapterScalaronFiberFL (2 item(s)), ChapterScalaronOuterFockFL (1 item(s)), ChapterSirkSingleTimeShift (1 item(s)), ChapterYangMillsAbelianFockEsa (1 item(s))
16:14:36 chunk: 0 item(s) resolved in 0s
16:14:49 sync: read 341 definition publish job(s)
16:15:10 sync: read 5415 problem publish job(s)
16:15:10 summary: 144 done, 11 pending, 2 failed, 62 unsubmittable (source missing from this checkout) (1869 out-of-order orphans ignored)
16:15:10 waiting on unpublished def bundle(s): ChapterFiniteSectionSingleTime (1 item(s)), ChapterQgTimeStepping (1 item(s)), ChapterQgTruncationResolvent (2 item(s)), ChapterQgVielbeinModeInstance (1 item(s)), ChapterQymTimeIndependentFlow (1 item(s)), ChapterScalaronFiberFL (2 item(s)), ChapterScalaronOuterFockFL (1 item(s)), ChapterSirkSingleTimeShift (1 item(s)), ChapterYangMillsAbelianFockEsa (1 item(s))
16:15:10 chunk: 0 item(s) resolved in 0s
16:15:23 sync: read 341 definition publish job(s)
16:15:44 sync: read 5415 problem publish job(s)
16:15:44 summary: 144 done, 11 pending, 2 failed, 62 unsubmittable (source missing from this checkout) (1869 out-of-order orphans ignored)
16:15:44 waiting on unpublished def bundle(s): ChapterFiniteSectionSingleTime (1 item(s)), ChapterQgTimeStepping (1 item(s)), ChapterQgTruncationResolvent (2 item(s)), ChapterQgVielbeinModeInstance (1 item(s)), ChapterQymTimeIndependentFlow (1 item(s)), ChapterScalaronFiberFL (2 item(s)), ChapterScalaronOuterFockFL (1 item(s)), ChapterSirkSingleTimeShift (1 item(s)), ChapterYangMillsAbelianFockEsa (1 item(s))
16:15:44 chunk: 0 item(s) resolved in 0s
16:15:59 sync: read 341 definition publish job(s)
16:16:22 sync: read 5415 problem publish job(s)
16:16:22 summary: 144 done, 11 pending, 2 failed, 62 unsubmittable (source missing from this checkout) (1869 out-of-order orphans ignored)
16:16:22 waiting on unpublished def bundle(s): ChapterFiniteSectionSingleTime (1 item(s)), ChapterQgTimeStepping (1 item(s)), ChapterQgTruncationResolvent (2 item(s)), ChapterQgVielbeinModeInstance (1 item(s)), ChapterQymTimeIndependentFlow (1 item(s)), ChapterScalaronFiberFL (2 item(s)), ChapterScalaronOuterFockFL (1 item(s)), ChapterSirkSingleTimeShift (1 item(s)), ChapterYangMillsAbelianFockEsa (1 item(s))
16:16:22 chunk: 0 item(s) resolved in 0s
16:16:35 sync: read 341 definition publish job(s)
16:17:00 sync: read 5415 problem publish job(s)
16:17:00 summary: 144 done, 11 pending, 2 failed, 62 unsubmittable (source missing from this checkout) (1869 out-of-order orphans ignored)
16:17:00 waiting on unpublished def bundle(s): ChapterFiniteSectionSingleTime (1 item(s)), ChapterQgTimeStepping (1 item(s)), ChapterQgTruncationResolvent (2 item(s)), ChapterQgVielbeinModeInstance (1 item(s)), ChapterQymTimeIndependentFlow (1 item(s)), ChapterScalaronFiberFL (2 item(s)), ChapterScalaronOuterFockFL (1 item(s)), ChapterSirkSingleTimeShift (1 item(s)), ChapterYangMillsAbelianFockEsa (1 item(s))
16:17:00 chunk: 0 item(s) resolved in 0s
16:17:14 sync: read 341 definition publish job(s)
16:17:34 sync: read 5415 problem publish job(s)
16:17:34 summary: 144 done, 11 pending, 2 failed, 62 unsubmittable (source missing from this checkout) (1869 out-of-order orphans ignored)
16:17:34 waiting on unpublished def bundle(s): ChapterFiniteSectionSingleTime (1 item(s)), ChapterQgTimeStepping (1 item(s)), ChapterQgTruncationResolvent (2 item(s)), ChapterQgVielbeinModeInstance (1 item(s)), ChapterQymTimeIndependentFlow (1 item(s)), ChapterScalaronFiberFL (2 item(s)), ChapterScalaronOuterFockFL (1 item(s)), ChapterSirkSingleTimeShift (1 item(s)), ChapterYangMillsAbelianFockEsa (1 item(s))
16:17:34 chunk: 0 item(s) resolved in 0s
16:17:47 sync: read 341 definition publish job(s)
16:18:08 sync: read 5415 problem publish job(s)
16:18:08 summary: 144 done, 11 pending, 2 failed, 62 unsubmittable (source missing from this checkout) (1869 out-of-order orphans ignored)
16:18:08 waiting on unpublished def bundle(s): ChapterFiniteSectionSingleTime (1 item(s)), ChapterQgTimeStepping (1 item(s)), ChapterQgTruncationResolvent (2 item(s)), ChapterQgVielbeinModeInstance (1 item(s)), ChapterQymTimeIndependentFlow (1 item(s)), ChapterScalaronFiberFL (2 item(s)), ChapterScalaronOuterFockFL (1 item(s)), ChapterSirkSingleTimeShift (1 item(s)), ChapterYangMillsAbelianFockEsa (1 item(s))
16:18:08 chunk: 0 item(s) resolved in 0s
16:18:21 sync: read 341 definition publish job(s)
16:18:43 sync: read 5415 problem publish job(s)
16:18:43 summary: 144 done, 11 pending, 2 failed, 62 unsubmittable (source missing from this checkout) (1869 out-of-order orphans ignored)
16:18:43 waiting on unpublished def bundle(s): ChapterFiniteSectionSingleTime (1 item(s)), ChapterQgTimeStepping (1 item(s)), ChapterQgTruncationResolvent (2 item(s)), ChapterQgVielbeinModeInstance (1 item(s)), ChapterQymTimeIndependentFlow (1 item(s)), ChapterScalaronFiberFL (2 item(s)), ChapterScalaronOuterFockFL (1 item(s)), ChapterSirkSingleTimeShift (1 item(s)), ChapterYangMillsAbelianFockEsa (1 item(s))
16:18:43 chunk: 0 item(s) resolved in 0s
16:18:56 sync: read 341 definition publish job(s)
16:19:18 sync: read 5415 problem publish job(s)
16:19:18 summary: 144 done, 11 pending, 2 failed, 62 unsubmittable (source missing from this checkout) (1869 out-of-order orphans ignored)
16:19:18 waiting on unpublished def bundle(s): ChapterFiniteSectionSingleTime (1 item(s)), ChapterQgTimeStepping (1 item(s)), ChapterQgTruncationResolvent (2 item(s)), ChapterQgVielbeinModeInstance (1 item(s)), ChapterQymTimeIndependentFlow (1 item(s)), ChapterScalaronFiberFL (2 item(s)), ChapterScalaronOuterFockFL (1 item(s)), ChapterSirkSingleTimeShift (1 item(s)), ChapterYangMillsAbelianFockEsa (1 item(s))
16:19:18 chunk: 0 item(s) resolved in 0s
16:19:31 sync: read 341 definition publish job(s)
16:19:51 sync: read 5415 problem publish job(s)
16:19:51 summary: 144 done, 11 pending, 2 failed, 62 unsubmittable (source missing from this checkout) (1869 out-of-order orphans ignored)
16:19:51 waiting on unpublished def bundle(s): ChapterFiniteSectionSingleTime (1 item(s)), ChapterQgTimeStepping (1 item(s)), ChapterQgTruncationResolvent (2 item(s)), ChapterQgVielbeinModeInstance (1 item(s)), ChapterQymTimeIndependentFlow (1 item(s)), ChapterScalaronFiberFL (2 item(s)), ChapterScalaronOuterFockFL (1 item(s)), ChapterSirkSingleTimeShift (1 item(s)), ChapterYangMillsAbelianFockEsa (1 item(s))
16:19:51 chunk: 0 item(s) resolved in 0s
16:20:06 sync: read 341 definition publish job(s)
16:20:32 sync: read 5415 problem publish job(s)
16:20:32 summary: 144 done, 11 pending, 2 failed, 62 unsubmittable (source missing from this checkout) (1869 out-of-order orphans ignored)
16:20:32 waiting on unpublished def bundle(s): ChapterFiniteSectionSingleTime (1 item(s)), ChapterQgTimeStepping (1 item(s)), ChapterQgTruncationResolvent (2 item(s)), ChapterQgVielbeinModeInstance (1 item(s)), ChapterQymTimeIndependentFlow (1 item(s)), ChapterScalaronFiberFL (2 item(s)), ChapterScalaronOuterFockFL (1 item(s)), ChapterSirkSingleTimeShift (1 item(s)), ChapterYangMillsAbelianFockEsa (1 item(s))
16:20:32 chunk: 0 item(s) resolved in 0s
16:20:46 sync: read 341 definition publish job(s)
16:21:09 sync: read 5415 problem publish job(s)
16:21:09 summary: 144 done, 11 pending, 2 failed, 62 unsubmittable (source missing from this checkout) (1869 out-of-order orphans ignored)
16:21:09 waiting on unpublished def bundle(s): ChapterFiniteSectionSingleTime (1 item(s)), ChapterQgTimeStepping (1 item(s)), ChapterQgTruncationResolvent (2 item(s)), ChapterQgVielbeinModeInstance (1 item(s)), ChapterQymTimeIndependentFlow (1 item(s)), ChapterScalaronFiberFL (2 item(s)), ChapterScalaronOuterFockFL (1 item(s)), ChapterSirkSingleTimeShift (1 item(s)), ChapterYangMillsAbelianFockEsa (1 item(s))
16:21:09 chunk: 0 item(s) resolved in 0s
16:21:22 sync: read 341 definition publish job(s)
16:21:46 sync: read 5415 problem publish job(s)
16:21:46 summary: 144 done, 11 pending, 2 failed, 62 unsubmittable (source missing from this checkout) (1869 out-of-order orphans ignored)
16:21:46 waiting on unpublished def bundle(s): ChapterFiniteSectionSingleTime (1 item(s)), ChapterQgTimeStepping (1 item(s)), ChapterQgTruncationResolvent (2 item(s)), ChapterQgVielbeinModeInstance (1 item(s)), ChapterQymTimeIndependentFlow (1 item(s)), ChapterScalaronFiberFL (2 item(s)), ChapterScalaronOuterFockFL (1 item(s)), ChapterSirkSingleTimeShift (1 item(s)), ChapterYangMillsAbelianFockEsa (1 item(s))
16:21:46 chunk: 0 item(s) resolved in 0s
16:21:59 sync: read 341 definition publish job(s)
16:22:29 sync: read 5415 problem publish job(s)
16:22:29 summary: 144 done, 11 pending, 2 failed, 62 unsubmittable (source missing from this checkout) (1869 out-of-order orphans ignored)
16:22:29 waiting on unpublished def bundle(s): ChapterFiniteSectionSingleTime (1 item(s)), ChapterQgTimeStepping (1 item(s)), ChapterQgTruncationResolvent (2 item(s)), ChapterQgVielbeinModeInstance (1 item(s)), ChapterQymTimeIndependentFlow (1 item(s)), ChapterScalaronFiberFL (2 item(s)), ChapterScalaronOuterFockFL (1 item(s)), ChapterSirkSingleTimeShift (1 item(s)), ChapterYangMillsAbelianFockEsa (1 item(s))
16:22:29 chunk: 0 item(s) resolved in 0s
16:22:42 sync: read 341 definition publish job(s)
16:23:03 sync: read 5415 problem publish job(s)
16:23:03 summary: 144 done, 11 pending, 2 failed, 62 unsubmittable (source missing from this checkout) (1869 out-of-order orphans ignored)
16:23:03 waiting on unpublished def bundle(s): ChapterFiniteSectionSingleTime (1 item(s)), ChapterQgTimeStepping (1 item(s)), ChapterQgTruncationResolvent (2 item(s)), ChapterQgVielbeinModeInstance (1 item(s)), ChapterQymTimeIndependentFlow (1 item(s)), ChapterScalaronFiberFL (2 item(s)), ChapterScalaronOuterFockFL (1 item(s)), ChapterSirkSingleTimeShift (1 item(s)), ChapterYangMillsAbelianFockEsa (1 item(s))
16:23:03 chunk: 0 item(s) resolved in 0s
16:23:16 sync: read 341 definition publish job(s)
16:23:35 sync: read 5415 problem publish job(s)
16:23:35 summary: 144 done, 11 pending, 2 failed, 62 unsubmittable (source missing from this checkout) (1869 out-of-order orphans ignored)
16:23:35 waiting on unpublished def bundle(s): ChapterFiniteSectionSingleTime (1 item(s)), ChapterQgTimeStepping (1 item(s)), ChapterQgTruncationResolvent (2 item(s)), ChapterQgVielbeinModeInstance (1 item(s)), ChapterQymTimeIndependentFlow (1 item(s)), ChapterScalaronFiberFL (2 item(s)), ChapterScalaronOuterFockFL (1 item(s)), ChapterSirkSingleTimeShift (1 item(s)), ChapterYangMillsAbelianFockEsa (1 item(s))
16:23:35 chunk: 0 item(s) resolved in 0s
16:23:48 sync: read 341 definition publish job(s)
16:24:08 sync: read 5415 problem publish job(s)
16:24:08 summary: 144 done, 11 pending, 2 failed, 62 unsubmittable (source missing from this checkout) (1869 out-of-order orphans ignored)
16:24:08 waiting on unpublished def bundle(s): ChapterFiniteSectionSingleTime (1 item(s)), ChapterQgTimeStepping (1 item(s)), ChapterQgTruncationResolvent (2 item(s)), ChapterQgVielbeinModeInstance (1 item(s)), ChapterQymTimeIndependentFlow (1 item(s)), ChapterScalaronFiberFL (2 item(s)), ChapterScalaronOuterFockFL (1 item(s)), ChapterSirkSingleTimeShift (1 item(s)), ChapterYangMillsAbelianFockEsa (1 item(s))
16:24:08 chunk: 0 item(s) resolved in 0s
16:24:21 sync: read 341 definition publish job(s)
16:24:42 sync: read 5415 problem publish job(s)
16:24:42 summary: 144 done, 11 pending, 2 failed, 62 unsubmittable (source missing from this checkout) (1869 out-of-order orphans ignored)
16:24:42 waiting on unpublished def bundle(s): ChapterFiniteSectionSingleTime (1 item(s)), ChapterQgTimeStepping (1 item(s)), ChapterQgTruncationResolvent (2 item(s)), ChapterQgVielbeinModeInstance (1 item(s)), ChapterQymTimeIndependentFlow (1 item(s)), ChapterScalaronFiberFL (2 item(s)), ChapterScalaronOuterFockFL (1 item(s)), ChapterSirkSingleTimeShift (1 item(s)), ChapterYangMillsAbelianFockEsa (1 item(s))
16:24:42 chunk: 0 item(s) resolved in 0s
16:24:55 sync: read 341 definition publish job(s)
16:25:20 sync: read 5415 problem publish job(s)
16:25:20 summary: 144 done, 11 pending, 2 failed, 62 unsubmittable (source missing from this checkout) (1869 out-of-order orphans ignored)
16:25:20 waiting on unpublished def bundle(s): ChapterFiniteSectionSingleTime (1 item(s)), ChapterQgTimeStepping (1 item(s)), ChapterQgTruncationResolvent (2 item(s)), ChapterQgVielbeinModeInstance (1 item(s)), ChapterQymTimeIndependentFlow (1 item(s)), ChapterScalaronFiberFL (2 item(s)), ChapterScalaronOuterFockFL (1 item(s)), ChapterSirkSingleTimeShift (1 item(s)), ChapterYangMillsAbelianFockEsa (1 item(s))
16:25:20 chunk: 0 item(s) resolved in 0s
16:25:33 sync: read 341 definition publish job(s)
16:25:53 sync: read 5415 problem publish job(s)
16:25:54 summary: 144 done, 11 pending, 2 failed, 62 unsubmittable (source missing from this checkout) (1869 out-of-order orphans ignored)
16:25:54 waiting on unpublished def bundle(s): ChapterFiniteSectionSingleTime (1 item(s)), ChapterQgTimeStepping (1 item(s)), ChapterQgTruncationResolvent (2 item(s)), ChapterQgVielbeinModeInstance (1 item(s)), ChapterQymTimeIndependentFlow (1 item(s)), ChapterScalaronFiberFL (2 item(s)), ChapterScalaronOuterFockFL (1 item(s)), ChapterSirkSingleTimeShift (1 item(s)), ChapterYangMillsAbelianFockEsa (1 item(s))
16:25:54 chunk: 0 item(s) resolved in 0s
16:26:07 sync: read 341 definition publish job(s)
16:26:28 sync: read 5415 problem publish job(s)
16:26:28 summary: 144 done, 11 pending, 2 failed, 62 unsubmittable (source missing from this checkout) (1869 out-of-order orphans ignored)
16:26:28 waiting on unpublished def bundle(s): ChapterFiniteSectionSingleTime (1 item(s)), ChapterQgTimeStepping (1 item(s)), ChapterQgTruncationResolvent (2 item(s)), ChapterQgVielbeinModeInstance (1 item(s)), ChapterQymTimeIndependentFlow (1 item(s)), ChapterScalaronFiberFL (2 item(s)), ChapterScalaronOuterFockFL (1 item(s)), ChapterSirkSingleTimeShift (1 item(s)), ChapterYangMillsAbelianFockEsa (1 item(s))
16:26:28 chunk: 0 item(s) resolved in 0s
16:26:42 sync: read 341 definition publish job(s)
16:27:03 sync: read 5415 problem publish job(s)
16:27:03 summary: 144 done, 11 pending, 2 failed, 62 unsubmittable (source missing from this checkout) (1869 out-of-order orphans ignored)
16:27:03 waiting on unpublished def bundle(s): ChapterFiniteSectionSingleTime (1 item(s)), ChapterQgTimeStepping (1 item(s)), ChapterQgTruncationResolvent (2 item(s)), ChapterQgVielbeinModeInstance (1 item(s)), ChapterQymTimeIndependentFlow (1 item(s)), ChapterScalaronFiberFL (2 item(s)), ChapterScalaronOuterFockFL (1 item(s)), ChapterSirkSingleTimeShift (1 item(s)), ChapterYangMillsAbelianFockEsa (1 item(s))
16:27:03 chunk: 0 item(s) resolved in 0s
16:27:17 sync: read 341 definition publish job(s)
16:27:38 sync: read 5415 problem publish job(s)
16:27:38 summary: 144 done, 11 pending, 2 failed, 62 unsubmittable (source missing from this checkout) (1869 out-of-order orphans ignored)
16:27:38 waiting on unpublished def bundle(s): ChapterFiniteSectionSingleTime (1 item(s)), ChapterQgTimeStepping (1 item(s)), ChapterQgTruncationResolvent (2 item(s)), ChapterQgVielbeinModeInstance (1 item(s)), ChapterQymTimeIndependentFlow (1 item(s)), ChapterScalaronFiberFL (2 item(s)), ChapterScalaronOuterFockFL (1 item(s)), ChapterSirkSingleTimeShift (1 item(s)), ChapterYangMillsAbelianFockEsa (1 item(s))
16:27:38 chunk: 0 item(s) resolved in 0s
16:27:51 sync: read 341 definition publish job(s)
16:28:11 sync: read 5415 problem publish job(s)
16:28:11 summary: 144 done, 11 pending, 2 failed, 62 unsubmittable (source missing from this checkout) (1869 out-of-order orphans ignored)
16:28:11 waiting on unpublished def bundle(s): ChapterFiniteSectionSingleTime (1 item(s)), ChapterQgTimeStepping (1 item(s)), ChapterQgTruncationResolvent (2 item(s)), ChapterQgVielbeinModeInstance (1 item(s)), ChapterQymTimeIndependentFlow (1 item(s)), ChapterScalaronFiberFL (2 item(s)), ChapterScalaronOuterFockFL (1 item(s)), ChapterSirkSingleTimeShift (1 item(s)), ChapterYangMillsAbelianFockEsa (1 item(s))
16:28:11 chunk: 0 item(s) resolved in 0s
16:28:24 sync: read 341 definition publish job(s)
16:28:44 sync: read 5415 problem publish job(s)
16:28:44 summary: 144 done, 11 pending, 2 failed, 62 unsubmittable (source missing from this checkout) (1869 out-of-order orphans ignored)
16:28:44 waiting on unpublished def bundle(s): ChapterFiniteSectionSingleTime (1 item(s)), ChapterQgTimeStepping (1 item(s)), ChapterQgTruncationResolvent (2 item(s)), ChapterQgVielbeinModeInstance (1 item(s)), ChapterQymTimeIndependentFlow (1 item(s)), ChapterScalaronFiberFL (2 item(s)), ChapterScalaronOuterFockFL (1 item(s)), ChapterSirkSingleTimeShift (1 item(s)), ChapterYangMillsAbelianFockEsa (1 item(s))
16:28:44 chunk: 0 item(s) resolved in 0s
16:28:57 sync: read 341 definition publish job(s)
16:29:17 sync: read 5415 problem publish job(s)
16:29:17 summary: 144 done, 11 pending, 2 failed, 62 unsubmittable (source missing from this checkout) (1869 out-of-order orphans ignored)
16:29:17 waiting on unpublished def bundle(s): ChapterFiniteSectionSingleTime (1 item(s)), ChapterQgTimeStepping (1 item(s)), ChapterQgTruncationResolvent (2 item(s)), ChapterQgVielbeinModeInstance (1 item(s)), ChapterQymTimeIndependentFlow (1 item(s)), ChapterScalaronFiberFL (2 item(s)), ChapterScalaronOuterFockFL (1 item(s)), ChapterSirkSingleTimeShift (1 item(s)), ChapterYangMillsAbelianFockEsa (1 item(s))
16:29:17 chunk: 0 item(s) resolved in 0s
16:29:30 sync: read 341 definition publish job(s)
16:29:50 sync: read 5415 problem publish job(s)
16:29:50 summary: 144 done, 11 pending, 2 failed, 62 unsubmittable (source missing from this checkout) (1869 out-of-order orphans ignored)
16:29:50 waiting on unpublished def bundle(s): ChapterFiniteSectionSingleTime (1 item(s)), ChapterQgTimeStepping (1 item(s)), ChapterQgTruncationResolvent (2 item(s)), ChapterQgVielbeinModeInstance (1 item(s)), ChapterQymTimeIndependentFlow (1 item(s)), ChapterScalaronFiberFL (2 item(s)), ChapterScalaronOuterFockFL (1 item(s)), ChapterSirkSingleTimeShift (1 item(s)), ChapterYangMillsAbelianFockEsa (1 item(s))
16:29:50 chunk: 0 item(s) resolved in 0s
16:30:06 sync: read 341 definition publish job(s)
16:30:43 sync: read 5415 problem publish job(s)
16:30:43 summary: 144 done, 11 pending, 2 failed, 62 unsubmittable (source missing from this checkout) (1869 out-of-order orphans ignored)
16:30:43 waiting on unpublished def bundle(s): ChapterFiniteSectionSingleTime (1 item(s)), ChapterQgTimeStepping (1 item(s)), ChapterQgTruncationResolvent (2 item(s)), ChapterQgVielbeinModeInstance (1 item(s)), ChapterQymTimeIndependentFlow (1 item(s)), ChapterScalaronFiberFL (2 item(s)), ChapterScalaronOuterFockFL (1 item(s)), ChapterSirkSingleTimeShift (1 item(s)), ChapterYangMillsAbelianFockEsa (1 item(s))
16:30:43 chunk: 0 item(s) resolved in 0s
16:30:56 sync: read 341 definition publish job(s)
16:31:21 sync: read 5415 problem publish job(s)
16:31:21 summary: 144 done, 11 pending, 2 failed, 62 unsubmittable (source missing from this checkout) (1869 out-of-order orphans ignored)
16:31:21 waiting on unpublished def bundle(s): ChapterFiniteSectionSingleTime (1 item(s)), ChapterQgTimeStepping (1 item(s)), ChapterQgTruncationResolvent (2 item(s)), ChapterQgVielbeinModeInstance (1 item(s)), ChapterQymTimeIndependentFlow (1 item(s)), ChapterScalaronFiberFL (2 item(s)), ChapterScalaronOuterFockFL (1 item(s)), ChapterSirkSingleTimeShift (1 item(s)), ChapterYangMillsAbelianFockEsa (1 item(s))
16:31:21 chunk: 0 item(s) resolved in 0s
16:31:34 sync: read 341 definition publish job(s)
16:31:56 sync: read 5415 problem publish job(s)
16:31:56 summary: 144 done, 11 pending, 2 failed, 62 unsubmittable (source missing from this checkout) (1869 out-of-order orphans ignored)
16:31:56 waiting on unpublished def bundle(s): ChapterFiniteSectionSingleTime (1 item(s)), ChapterQgTimeStepping (1 item(s)), ChapterQgTruncationResolvent (2 item(s)), ChapterQgVielbeinModeInstance (1 item(s)), ChapterQymTimeIndependentFlow (1 item(s)), ChapterScalaronFiberFL (2 item(s)), ChapterScalaronOuterFockFL (1 item(s)), ChapterSirkSingleTimeShift (1 item(s)), ChapterYangMillsAbelianFockEsa (1 item(s))
16:31:56 chunk: 0 item(s) resolved in 0s
16:32:08 sync: read 341 definition publish job(s)
16:32:28 sync: read 5415 problem publish job(s)
16:32:28 summary: 144 done, 11 pending, 2 failed, 62 unsubmittable (source missing from this checkout) (1869 out-of-order orphans ignored)
16:32:28 waiting on unpublished def bundle(s): ChapterFiniteSectionSingleTime (1 item(s)), ChapterQgTimeStepping (1 item(s)), ChapterQgTruncationResolvent (2 item(s)), ChapterQgVielbeinModeInstance (1 item(s)), ChapterQymTimeIndependentFlow (1 item(s)), ChapterScalaronFiberFL (2 item(s)), ChapterScalaronOuterFockFL (1 item(s)), ChapterSirkSingleTimeShift (1 item(s)), ChapterYangMillsAbelianFockEsa (1 item(s))
16:32:28 chunk: 0 item(s) resolved in 0s
16:32:41 sync: read 341 definition publish job(s)
16:33:02 sync: read 5415 problem publish job(s)
16:33:02 summary: 144 done, 11 pending, 2 failed, 62 unsubmittable (source missing from this checkout) (1869 out-of-order orphans ignored)
16:33:02 waiting on unpublished def bundle(s): ChapterFiniteSectionSingleTime (1 item(s)), ChapterQgTimeStepping (1 item(s)), ChapterQgTruncationResolvent (2 item(s)), ChapterQgVielbeinModeInstance (1 item(s)), ChapterQymTimeIndependentFlow (1 item(s)), ChapterScalaronFiberFL (2 item(s)), ChapterScalaronOuterFockFL (1 item(s)), ChapterSirkSingleTimeShift (1 item(s)), ChapterYangMillsAbelianFockEsa (1 item(s))
16:33:02 chunk: 0 item(s) resolved in 0s
16:33:15 sync: read 341 definition publish job(s)
16:33:36 sync: read 5415 problem publish job(s)
16:33:36 summary: 144 done, 11 pending, 2 failed, 62 unsubmittable (source missing from this checkout) (1869 out-of-order orphans ignored)
16:33:36 waiting on unpublished def bundle(s): ChapterFiniteSectionSingleTime (1 item(s)), ChapterQgTimeStepping (1 item(s)), ChapterQgTruncationResolvent (2 item(s)), ChapterQgVielbeinModeInstance (1 item(s)), ChapterQymTimeIndependentFlow (1 item(s)), ChapterScalaronFiberFL (2 item(s)), ChapterScalaronOuterFockFL (1 item(s)), ChapterSirkSingleTimeShift (1 item(s)), ChapterYangMillsAbelianFockEsa (1 item(s))
16:33:36 chunk: 0 item(s) resolved in 0s
16:33:49 sync: read 341 definition publish job(s)
16:34:13 sync: read 5415 problem publish job(s)
16:34:13 summary: 144 done, 11 pending, 2 failed, 62 unsubmittable (source missing from this checkout) (1869 out-of-order orphans ignored)
16:34:13 waiting on unpublished def bundle(s): ChapterFiniteSectionSingleTime (1 item(s)), ChapterQgTimeStepping (1 item(s)), ChapterQgTruncationResolvent (2 item(s)), ChapterQgVielbeinModeInstance (1 item(s)), ChapterQymTimeIndependentFlow (1 item(s)), ChapterScalaronFiberFL (2 item(s)), ChapterScalaronOuterFockFL (1 item(s)), ChapterSirkSingleTimeShift (1 item(s)), ChapterYangMillsAbelianFockEsa (1 item(s))
16:34:13 chunk: 0 item(s) resolved in 0s
16:34:26 sync: read 341 definition publish job(s)
16:34:45 sync: read 5415 problem publish job(s)
16:34:45 summary: 144 done, 11 pending, 2 failed, 62 unsubmittable (source missing from this checkout) (1869 out-of-order orphans ignored)
16:34:45 waiting on unpublished def bundle(s): ChapterFiniteSectionSingleTime (1 item(s)), ChapterQgTimeStepping (1 item(s)), ChapterQgTruncationResolvent (2 item(s)), ChapterQgVielbeinModeInstance (1 item(s)), ChapterQymTimeIndependentFlow (1 item(s)), ChapterScalaronFiberFL (2 item(s)), ChapterScalaronOuterFockFL (1 item(s)), ChapterSirkSingleTimeShift (1 item(s)), ChapterYangMillsAbelianFockEsa (1 item(s))
16:34:45 chunk: 0 item(s) resolved in 0s
16:34:59 sync: read 341 definition publish job(s)
16:35:22 sync: read 5415 problem publish job(s)
16:35:22 summary: 144 done, 11 pending, 2 failed, 62 unsubmittable (source missing from this checkout) (1869 out-of-order orphans ignored)
16:35:22 waiting on unpublished def bundle(s): ChapterFiniteSectionSingleTime (1 item(s)), ChapterQgTimeStepping (1 item(s)), ChapterQgTruncationResolvent (2 item(s)), ChapterQgVielbeinModeInstance (1 item(s)), ChapterQymTimeIndependentFlow (1 item(s)), ChapterScalaronFiberFL (2 item(s)), ChapterScalaronOuterFockFL (1 item(s)), ChapterSirkSingleTimeShift (1 item(s)), ChapterYangMillsAbelianFockEsa (1 item(s))
16:35:22 chunk: 0 item(s) resolved in 0s
16:35:35 sync: read 341 definition publish job(s)
16:35:59 sync: read 5415 problem publish job(s)
16:35:59 summary: 144 done, 11 pending, 2 failed, 62 unsubmittable (source missing from this checkout) (1869 out-of-order orphans ignored)
16:35:59 waiting on unpublished def bundle(s): ChapterFiniteSectionSingleTime (1 item(s)), ChapterQgTimeStepping (1 item(s)), ChapterQgTruncationResolvent (2 item(s)), ChapterQgVielbeinModeInstance (1 item(s)), ChapterQymTimeIndependentFlow (1 item(s)), ChapterScalaronFiberFL (2 item(s)), ChapterScalaronOuterFockFL (1 item(s)), ChapterSirkSingleTimeShift (1 item(s)), ChapterYangMillsAbelianFockEsa (1 item(s))
16:35:59 chunk: 0 item(s) resolved in 0s
16:36:14 sync: read 341 definition publish job(s)
16:36:38 sync: read 5415 problem publish job(s)
16:36:38 summary: 144 done, 11 pending, 2 failed, 62 unsubmittable (source missing from this checkout) (1869 out-of-order orphans ignored)
16:36:38 waiting on unpublished def bundle(s): ChapterFiniteSectionSingleTime (1 item(s)), ChapterQgTimeStepping (1 item(s)), ChapterQgTruncationResolvent (2 item(s)), ChapterQgVielbeinModeInstance (1 item(s)), ChapterQymTimeIndependentFlow (1 item(s)), ChapterScalaronFiberFL (2 item(s)), ChapterScalaronOuterFockFL (1 item(s)), ChapterSirkSingleTimeShift (1 item(s)), ChapterYangMillsAbelianFockEsa (1 item(s))
16:36:38 chunk: 0 item(s) resolved in 0s
16:36:52 sync: read 341 definition publish job(s)
16:37:14 sync: read 5415 problem publish job(s)
16:37:14 summary: 144 done, 11 pending, 2 failed, 62 unsubmittable (source missing from this checkout) (1869 out-of-order orphans ignored)
16:37:14 waiting on unpublished def bundle(s): ChapterFiniteSectionSingleTime (1 item(s)), ChapterQgTimeStepping (1 item(s)), ChapterQgTruncationResolvent (2 item(s)), ChapterQgVielbeinModeInstance (1 item(s)), ChapterQymTimeIndependentFlow (1 item(s)), ChapterScalaronFiberFL (2 item(s)), ChapterScalaronOuterFockFL (1 item(s)), ChapterSirkSingleTimeShift (1 item(s)), ChapterYangMillsAbelianFockEsa (1 item(s))
16:37:14 chunk: 0 item(s) resolved in 0s
16:37:27 sync: read 341 definition publish job(s)
16:37:50 sync: read 5415 problem publish job(s)
16:37:50 summary: 144 done, 11 pending, 2 failed, 62 unsubmittable (source missing from this checkout) (1869 out-of-order orphans ignored)
16:37:50 waiting on unpublished def bundle(s): ChapterFiniteSectionSingleTime (1 item(s)), ChapterQgTimeStepping (1 item(s)), ChapterQgTruncationResolvent (2 item(s)), ChapterQgVielbeinModeInstance (1 item(s)), ChapterQymTimeIndependentFlow (1 item(s)), ChapterScalaronFiberFL (2 item(s)), ChapterScalaronOuterFockFL (1 item(s)), ChapterSirkSingleTimeShift (1 item(s)), ChapterYangMillsAbelianFockEsa (1 item(s))
16:37:50 chunk: 0 item(s) resolved in 0s
16:38:04 sync: read 341 definition publish job(s)
16:38:25 sync: read 5415 problem publish job(s)
16:38:25 summary: 144 done, 11 pending, 2 failed, 62 unsubmittable (source missing from this checkout) (1869 out-of-order orphans ignored)
16:38:25 waiting on unpublished def bundle(s): ChapterFiniteSectionSingleTime (1 item(s)), ChapterQgTimeStepping (1 item(s)), ChapterQgTruncationResolvent (2 item(s)), ChapterQgVielbeinModeInstance (1 item(s)), ChapterQymTimeIndependentFlow (1 item(s)), ChapterScalaronFiberFL (2 item(s)), ChapterScalaronOuterFockFL (1 item(s)), ChapterSirkSingleTimeShift (1 item(s)), ChapterYangMillsAbelianFockEsa (1 item(s))
16:38:25 chunk: 0 item(s) resolved in 0s
16:38:38 sync: read 341 definition publish job(s)
16:38:59 sync: read 5415 problem publish job(s)
16:38:59 summary: 144 done, 11 pending, 2 failed, 62 unsubmittable (source missing from this checkout) (1869 out-of-order orphans ignored)
16:38:59 waiting on unpublished def bundle(s): ChapterFiniteSectionSingleTime (1 item(s)), ChapterQgTimeStepping (1 item(s)), ChapterQgTruncationResolvent (2 item(s)), ChapterQgVielbeinModeInstance (1 item(s)), ChapterQymTimeIndependentFlow (1 item(s)), ChapterScalaronFiberFL (2 item(s)), ChapterScalaronOuterFockFL (1 item(s)), ChapterSirkSingleTimeShift (1 item(s)), ChapterYangMillsAbelianFockEsa (1 item(s))
16:38:59 chunk: 0 item(s) resolved in 0s
16:39:12 sync: read 341 definition publish job(s)
16:39:33 sync: read 5415 problem publish job(s)
16:39:33 summary: 144 done, 11 pending, 2 failed, 62 unsubmittable (source missing from this checkout) (1869 out-of-order orphans ignored)
16:39:33 waiting on unpublished def bundle(s): ChapterFiniteSectionSingleTime (1 item(s)), ChapterQgTimeStepping (1 item(s)), ChapterQgTruncationResolvent (2 item(s)), ChapterQgVielbeinModeInstance (1 item(s)), ChapterQymTimeIndependentFlow (1 item(s)), ChapterScalaronFiberFL (2 item(s)), ChapterScalaronOuterFockFL (1 item(s)), ChapterSirkSingleTimeShift (1 item(s)), ChapterYangMillsAbelianFockEsa (1 item(s))
16:39:33 chunk: 0 item(s) resolved in 0s
16:39:46 sync: read 341 definition publish job(s)
16:40:10 sync: read 5415 problem publish job(s)
16:40:10 summary: 144 done, 11 pending, 2 failed, 62 unsubmittable (source missing from this checkout) (1869 out-of-order orphans ignored)
16:40:10 waiting on unpublished def bundle(s): ChapterFiniteSectionSingleTime (1 item(s)), ChapterQgTimeStepping (1 item(s)), ChapterQgTruncationResolvent (2 item(s)), ChapterQgVielbeinModeInstance (1 item(s)), ChapterQymTimeIndependentFlow (1 item(s)), ChapterScalaronFiberFL (2 item(s)), ChapterScalaronOuterFockFL (1 item(s)), ChapterSirkSingleTimeShift (1 item(s)), ChapterYangMillsAbelianFockEsa (1 item(s))
16:40:10 chunk: 0 item(s) resolved in 0s
16:40:24 sync: read 341 definition publish job(s)
16:40:45 sync: read 5415 problem publish job(s)
16:40:45 summary: 144 done, 11 pending, 2 failed, 62 unsubmittable (source missing from this checkout) (1869 out-of-order orphans ignored)
16:40:45 waiting on unpublished def bundle(s): ChapterFiniteSectionSingleTime (1 item(s)), ChapterQgTimeStepping (1 item(s)), ChapterQgTruncationResolvent (2 item(s)), ChapterQgVielbeinModeInstance (1 item(s)), ChapterQymTimeIndependentFlow (1 item(s)), ChapterScalaronFiberFL (2 item(s)), ChapterScalaronOuterFockFL (1 item(s)), ChapterSirkSingleTimeShift (1 item(s)), ChapterYangMillsAbelianFockEsa (1 item(s))
16:40:45 chunk: 0 item(s) resolved in 0s
16:40:58 sync: read 341 definition publish job(s)
16:41:21 sync: read 5415 problem publish job(s)
16:41:21 summary: 144 done, 11 pending, 2 failed, 62 unsubmittable (source missing from this checkout) (1869 out-of-order orphans ignored)
16:41:21 waiting on unpublished def bundle(s): ChapterFiniteSectionSingleTime (1 item(s)), ChapterQgTimeStepping (1 item(s)), ChapterQgTruncationResolvent (2 item(s)), ChapterQgVielbeinModeInstance (1 item(s)), ChapterQymTimeIndependentFlow (1 item(s)), ChapterScalaronFiberFL (2 item(s)), ChapterScalaronOuterFockFL (1 item(s)), ChapterSirkSingleTimeShift (1 item(s)), ChapterYangMillsAbelianFockEsa (1 item(s))
16:41:21 chunk: 0 item(s) resolved in 0s
16:41:34 sync: read 341 definition publish job(s)
16:41:54 sync: read 5415 problem publish job(s)
16:41:54 summary: 144 done, 11 pending, 2 failed, 62 unsubmittable (source missing from this checkout) (1869 out-of-order orphans ignored)
16:41:54 waiting on unpublished def bundle(s): ChapterFiniteSectionSingleTime (1 item(s)), ChapterQgTimeStepping (1 item(s)), ChapterQgTruncationResolvent (2 item(s)), ChapterQgVielbeinModeInstance (1 item(s)), ChapterQymTimeIndependentFlow (1 item(s)), ChapterScalaronFiberFL (2 item(s)), ChapterScalaronOuterFockFL (1 item(s)), ChapterSirkSingleTimeShift (1 item(s)), ChapterYangMillsAbelianFockEsa (1 item(s))
16:41:54 chunk: 0 item(s) resolved in 0s
16:42:07 sync: read 341 definition publish job(s)
16:42:27 sync: read 5415 problem publish job(s)
16:42:27 summary: 144 done, 11 pending, 2 failed, 62 unsubmittable (source missing from this checkout) (1869 out-of-order orphans ignored)
16:42:27 waiting on unpublished def bundle(s): ChapterFiniteSectionSingleTime (1 item(s)), ChapterQgTimeStepping (1 item(s)), ChapterQgTruncationResolvent (2 item(s)), ChapterQgVielbeinModeInstance (1 item(s)), ChapterQymTimeIndependentFlow (1 item(s)), ChapterScalaronFiberFL (2 item(s)), ChapterScalaronOuterFockFL (1 item(s)), ChapterSirkSingleTimeShift (1 item(s)), ChapterYangMillsAbelianFockEsa (1 item(s))
16:42:27 chunk: 0 item(s) resolved in 0s
16:42:40 sync: read 341 definition publish job(s)
16:43:00 sync: read 5415 problem publish job(s)
16:43:00 summary: 144 done, 11 pending, 2 failed, 62 unsubmittable (source missing from this checkout) (1869 out-of-order orphans ignored)
16:43:00 waiting on unpublished def bundle(s): ChapterFiniteSectionSingleTime (1 item(s)), ChapterQgTimeStepping (1 item(s)), ChapterQgTruncationResolvent (2 item(s)), ChapterQgVielbeinModeInstance (1 item(s)), ChapterQymTimeIndependentFlow (1 item(s)), ChapterScalaronFiberFL (2 item(s)), ChapterScalaronOuterFockFL (1 item(s)), ChapterSirkSingleTimeShift (1 item(s)), ChapterYangMillsAbelianFockEsa (1 item(s))
16:43:00 chunk: 0 item(s) resolved in 0s
16:43:13 sync: read 341 definition publish job(s)
16:43:35 sync: read 5415 problem publish job(s)
16:43:35 summary: 144 done, 11 pending, 2 failed, 62 unsubmittable (source missing from this checkout) (1869 out-of-order orphans ignored)
16:43:35 waiting on unpublished def bundle(s): ChapterFiniteSectionSingleTime (1 item(s)), ChapterQgTimeStepping (1 item(s)), ChapterQgTruncationResolvent (2 item(s)), ChapterQgVielbeinModeInstance (1 item(s)), ChapterQymTimeIndependentFlow (1 item(s)), ChapterScalaronFiberFL (2 item(s)), ChapterScalaronOuterFockFL (1 item(s)), ChapterSirkSingleTimeShift (1 item(s)), ChapterYangMillsAbelianFockEsa (1 item(s))
16:43:35 chunk: 0 item(s) resolved in 0s
16:43:48 sync: read 341 definition publish job(s)
16:44:08 sync: read 5415 problem publish job(s)
16:44:08 summary: 144 done, 11 pending, 2 failed, 62 unsubmittable (source missing from this checkout) (1869 out-of-order orphans ignored)
16:44:08 waiting on unpublished def bundle(s): ChapterFiniteSectionSingleTime (1 item(s)), ChapterQgTimeStepping (1 item(s)), ChapterQgTruncationResolvent (2 item(s)), ChapterQgVielbeinModeInstance (1 item(s)), ChapterQymTimeIndependentFlow (1 item(s)), ChapterScalaronFiberFL (2 item(s)), ChapterScalaronOuterFockFL (1 item(s)), ChapterSirkSingleTimeShift (1 item(s)), ChapterYangMillsAbelianFockEsa (1 item(s))
16:44:08 chunk: 0 item(s) resolved in 0s
16:44:22 sync: read 341 definition publish job(s)
16:44:42 sync: read 5415 problem publish job(s)
16:44:42 summary: 144 done, 11 pending, 2 failed, 62 unsubmittable (source missing from this checkout) (1869 out-of-order orphans ignored)
16:44:42 waiting on unpublished def bundle(s): ChapterFiniteSectionSingleTime (1 item(s)), ChapterQgTimeStepping (1 item(s)), ChapterQgTruncationResolvent (2 item(s)), ChapterQgVielbeinModeInstance (1 item(s)), ChapterQymTimeIndependentFlow (1 item(s)), ChapterScalaronFiberFL (2 item(s)), ChapterScalaronOuterFockFL (1 item(s)), ChapterSirkSingleTimeShift (1 item(s)), ChapterYangMillsAbelianFockEsa (1 item(s))
16:44:42 chunk: 0 item(s) resolved in 0s
16:44:55 sync: read 341 definition publish job(s)
16:45:18 sync: read 5415 problem publish job(s)
16:45:18 summary: 144 done, 11 pending, 2 failed, 62 unsubmittable (source missing from this checkout) (1869 out-of-order orphans ignored)
16:45:18 waiting on unpublished def bundle(s): ChapterFiniteSectionSingleTime (1 item(s)), ChapterQgTimeStepping (1 item(s)), ChapterQgTruncationResolvent (2 item(s)), ChapterQgVielbeinModeInstance (1 item(s)), ChapterQymTimeIndependentFlow (1 item(s)), ChapterScalaronFiberFL (2 item(s)), ChapterScalaronOuterFockFL (1 item(s)), ChapterSirkSingleTimeShift (1 item(s)), ChapterYangMillsAbelianFockEsa (1 item(s))
16:45:18 chunk: 0 item(s) resolved in 0s
16:45:32 sync: read 341 definition publish job(s)
16:45:55 sync: read 5415 problem publish job(s)
16:45:55 summary: 144 done, 11 pending, 2 failed, 62 unsubmittable (source missing from this checkout) (1869 out-of-order orphans ignored)
16:45:55 waiting on unpublished def bundle(s): ChapterFiniteSectionSingleTime (1 item(s)), ChapterQgTimeStepping (1 item(s)), ChapterQgTruncationResolvent (2 item(s)), ChapterQgVielbeinModeInstance (1 item(s)), ChapterQymTimeIndependentFlow (1 item(s)), ChapterScalaronFiberFL (2 item(s)), ChapterScalaronOuterFockFL (1 item(s)), ChapterSirkSingleTimeShift (1 item(s)), ChapterYangMillsAbelianFockEsa (1 item(s))
16:45:55 chunk: 0 item(s) resolved in 0s
16:46:09 sync: read 341 definition publish job(s)
16:46:30 sync: read 5415 problem publish job(s)
16:46:30 summary: 144 done, 11 pending, 2 failed, 62 unsubmittable (source missing from this checkout) (1869 out-of-order orphans ignored)
16:46:30 waiting on unpublished def bundle(s): ChapterFiniteSectionSingleTime (1 item(s)), ChapterQgTimeStepping (1 item(s)), ChapterQgTruncationResolvent (2 item(s)), ChapterQgVielbeinModeInstance (1 item(s)), ChapterQymTimeIndependentFlow (1 item(s)), ChapterScalaronFiberFL (2 item(s)), ChapterScalaronOuterFockFL (1 item(s)), ChapterSirkSingleTimeShift (1 item(s)), ChapterYangMillsAbelianFockEsa (1 item(s))
16:46:30 chunk: 0 item(s) resolved in 0s
16:46:43 sync: read 341 definition publish job(s)
16:47:10 sync: read 5415 problem publish job(s)
16:47:10 summary: 144 done, 11 pending, 2 failed, 62 unsubmittable (source missing from this checkout) (1869 out-of-order orphans ignored)
16:47:10 waiting on unpublished def bundle(s): ChapterFiniteSectionSingleTime (1 item(s)), ChapterQgTimeStepping (1 item(s)), ChapterQgTruncationResolvent (2 item(s)), ChapterQgVielbeinModeInstance (1 item(s)), ChapterQymTimeIndependentFlow (1 item(s)), ChapterScalaronFiberFL (2 item(s)), ChapterScalaronOuterFockFL (1 item(s)), ChapterSirkSingleTimeShift (1 item(s)), ChapterYangMillsAbelianFockEsa (1 item(s))
16:47:10 chunk: 0 item(s) resolved in 0s
16:47:23 sync: read 341 definition publish job(s)
16:47:45 sync: read 5415 problem publish job(s)
16:47:45 summary: 144 done, 11 pending, 2 failed, 62 unsubmittable (source missing from this checkout) (1869 out-of-order orphans ignored)
16:47:45 waiting on unpublished def bundle(s): ChapterFiniteSectionSingleTime (1 item(s)), ChapterQgTimeStepping (1 item(s)), ChapterQgTruncationResolvent (2 item(s)), ChapterQgVielbeinModeInstance (1 item(s)), ChapterQymTimeIndependentFlow (1 item(s)), ChapterScalaronFiberFL (2 item(s)), ChapterScalaronOuterFockFL (1 item(s)), ChapterSirkSingleTimeShift (1 item(s)), ChapterYangMillsAbelianFockEsa (1 item(s))
16:47:45 chunk: 0 item(s) resolved in 0s
16:47:58 sync: read 341 definition publish job(s)
16:48:19 sync: read 5415 problem publish job(s)
16:48:19 summary: 144 done, 11 pending, 2 failed, 62 unsubmittable (source missing from this checkout) (1869 out-of-order orphans ignored)
16:48:19 waiting on unpublished def bundle(s): ChapterFiniteSectionSingleTime (1 item(s)), ChapterQgTimeStepping (1 item(s)), ChapterQgTruncationResolvent (2 item(s)), ChapterQgVielbeinModeInstance (1 item(s)), ChapterQymTimeIndependentFlow (1 item(s)), ChapterScalaronFiberFL (2 item(s)), ChapterScalaronOuterFockFL (1 item(s)), ChapterSirkSingleTimeShift (1 item(s)), ChapterYangMillsAbelianFockEsa (1 item(s))
16:48:19 chunk: 0 item(s) resolved in 0s
16:48:32 sync: read 341 definition publish job(s)
16:48:56 sync: read 5415 problem publish job(s)
16:48:56 summary: 144 done, 11 pending, 2 failed, 62 unsubmittable (source missing from this checkout) (1869 out-of-order orphans ignored)
16:48:56 waiting on unpublished def bundle(s): ChapterFiniteSectionSingleTime (1 item(s)), ChapterQgTimeStepping (1 item(s)), ChapterQgTruncationResolvent (2 item(s)), ChapterQgVielbeinModeInstance (1 item(s)), ChapterQymTimeIndependentFlow (1 item(s)), ChapterScalaronFiberFL (2 item(s)), ChapterScalaronOuterFockFL (1 item(s)), ChapterSirkSingleTimeShift (1 item(s)), ChapterYangMillsAbelianFockEsa (1 item(s))
16:48:56 chunk: 0 item(s) resolved in 0s
16:49:09 sync: read 341 definition publish job(s)
16:49:31 sync: read 5415 problem publish job(s)
16:49:31 summary: 144 done, 11 pending, 2 failed, 62 unsubmittable (source missing from this checkout) (1869 out-of-order orphans ignored)
16:49:31 waiting on unpublished def bundle(s): ChapterFiniteSectionSingleTime (1 item(s)), ChapterQgTimeStepping (1 item(s)), ChapterQgTruncationResolvent (2 item(s)), ChapterQgVielbeinModeInstance (1 item(s)), ChapterQymTimeIndependentFlow (1 item(s)), ChapterScalaronFiberFL (2 item(s)), ChapterScalaronOuterFockFL (1 item(s)), ChapterSirkSingleTimeShift (1 item(s)), ChapterYangMillsAbelianFockEsa (1 item(s))
16:49:31 chunk: 0 item(s) resolved in 0s
16:49:44 sync: read 341 definition publish job(s)
16:50:07 sync: read 5415 problem publish job(s)
16:50:07 summary: 144 done, 11 pending, 2 failed, 62 unsubmittable (source missing from this checkout) (1869 out-of-order orphans ignored)
16:50:07 waiting on unpublished def bundle(s): ChapterFiniteSectionSingleTime (1 item(s)), ChapterQgTimeStepping (1 item(s)), ChapterQgTruncationResolvent (2 item(s)), ChapterQgVielbeinModeInstance (1 item(s)), ChapterQymTimeIndependentFlow (1 item(s)), ChapterScalaronFiberFL (2 item(s)), ChapterScalaronOuterFockFL (1 item(s)), ChapterSirkSingleTimeShift (1 item(s)), ChapterYangMillsAbelianFockEsa (1 item(s))
16:50:07 chunk: 0 item(s) resolved in 0s
16:50:20 sync: read 341 definition publish job(s)
16:50:44 sync: read 5415 problem publish job(s)
16:50:44 summary: 144 done, 11 pending, 2 failed, 62 unsubmittable (source missing from this checkout) (1869 out-of-order orphans ignored)
16:50:44 waiting on unpublished def bundle(s): ChapterFiniteSectionSingleTime (1 item(s)), ChapterQgTimeStepping (1 item(s)), ChapterQgTruncationResolvent (2 item(s)), ChapterQgVielbeinModeInstance (1 item(s)), ChapterQymTimeIndependentFlow (1 item(s)), ChapterScalaronFiberFL (2 item(s)), ChapterScalaronOuterFockFL (1 item(s)), ChapterSirkSingleTimeShift (1 item(s)), ChapterYangMillsAbelianFockEsa (1 item(s))
16:50:44 chunk: 0 item(s) resolved in 0s
16:50:58 sync: read 341 definition publish job(s)
16:51:20 sync: read 5415 problem publish job(s)
16:51:20 summary: 144 done, 11 pending, 2 failed, 62 unsubmittable (source missing from this checkout) (1869 out-of-order orphans ignored)
16:51:20 waiting on unpublished def bundle(s): ChapterFiniteSectionSingleTime (1 item(s)), ChapterQgTimeStepping (1 item(s)), ChapterQgTruncationResolvent (2 item(s)), ChapterQgVielbeinModeInstance (1 item(s)), ChapterQymTimeIndependentFlow (1 item(s)), ChapterScalaronFiberFL (2 item(s)), ChapterScalaronOuterFockFL (1 item(s)), ChapterSirkSingleTimeShift (1 item(s)), ChapterYangMillsAbelianFockEsa (1 item(s))
16:51:20 chunk: 0 item(s) resolved in 0s
16:51:33 sync: read 341 definition publish job(s)
16:51:54 sync: read 5415 problem publish job(s)
16:51:54 summary: 144 done, 11 pending, 2 failed, 62 unsubmittable (source missing from this checkout) (1869 out-of-order orphans ignored)
16:51:54 waiting on unpublished def bundle(s): ChapterFiniteSectionSingleTime (1 item(s)), ChapterQgTimeStepping (1 item(s)), ChapterQgTruncationResolvent (2 item(s)), ChapterQgVielbeinModeInstance (1 item(s)), ChapterQymTimeIndependentFlow (1 item(s)), ChapterScalaronFiberFL (2 item(s)), ChapterScalaronOuterFockFL (1 item(s)), ChapterSirkSingleTimeShift (1 item(s)), ChapterYangMillsAbelianFockEsa (1 item(s))
16:51:54 chunk: 0 item(s) resolved in 0s
16:52:08 sync: read 341 definition publish job(s)
16:52:31 sync: read 5415 problem publish job(s)
16:52:31 summary: 144 done, 11 pending, 2 failed, 62 unsubmittable (source missing from this checkout) (1869 out-of-order orphans ignored)
16:52:31 waiting on unpublished def bundle(s): ChapterFiniteSectionSingleTime (1 item(s)), ChapterQgTimeStepping (1 item(s)), ChapterQgTruncationResolvent (2 item(s)), ChapterQgVielbeinModeInstance (1 item(s)), ChapterQymTimeIndependentFlow (1 item(s)), ChapterScalaronFiberFL (2 item(s)), ChapterScalaronOuterFockFL (1 item(s)), ChapterSirkSingleTimeShift (1 item(s)), ChapterYangMillsAbelianFockEsa (1 item(s))
16:52:31 chunk: 0 item(s) resolved in 0s
16:52:45 sync: read 341 definition publish job(s)
16:53:03 sync: read 5415 problem publish job(s)
16:53:03 summary: 144 done, 11 pending, 2 failed, 62 unsubmittable (source missing from this checkout) (1869 out-of-order orphans ignored)
16:53:03 waiting on unpublished def bundle(s): ChapterFiniteSectionSingleTime (1 item(s)), ChapterQgTimeStepping (1 item(s)), ChapterQgTruncationResolvent (2 item(s)), ChapterQgVielbeinModeInstance (1 item(s)), ChapterQymTimeIndependentFlow (1 item(s)), ChapterScalaronFiberFL (2 item(s)), ChapterScalaronOuterFockFL (1 item(s)), ChapterSirkSingleTimeShift (1 item(s)), ChapterYangMillsAbelianFockEsa (1 item(s))
16:53:03 chunk: 0 item(s) resolved in 0s
16:53:17 sync: read 341 definition publish job(s)
16:53:37 sync: read 5415 problem publish job(s)
16:53:37 summary: 144 done, 11 pending, 2 failed, 62 unsubmittable (source missing from this checkout) (1869 out-of-order orphans ignored)
16:53:37 waiting on unpublished def bundle(s): ChapterFiniteSectionSingleTime (1 item(s)), ChapterQgTimeStepping (1 item(s)), ChapterQgTruncationResolvent (2 item(s)), ChapterQgVielbeinModeInstance (1 item(s)), ChapterQymTimeIndependentFlow (1 item(s)), ChapterScalaronFiberFL (2 item(s)), ChapterScalaronOuterFockFL (1 item(s)), ChapterSirkSingleTimeShift (1 item(s)), ChapterYangMillsAbelianFockEsa (1 item(s))
16:53:37 chunk: 0 item(s) resolved in 0s
16:53:51 sync: read 341 definition publish job(s)
16:54:10 sync: read 5415 problem publish job(s)
16:54:10 summary: 144 done, 11 pending, 2 failed, 62 unsubmittable (source missing from this checkout) (1869 out-of-order orphans ignored)
16:54:10 waiting on unpublished def bundle(s): ChapterFiniteSectionSingleTime (1 item(s)), ChapterQgTimeStepping (1 item(s)), ChapterQgTruncationResolvent (2 item(s)), ChapterQgVielbeinModeInstance (1 item(s)), ChapterQymTimeIndependentFlow (1 item(s)), ChapterScalaronFiberFL (2 item(s)), ChapterScalaronOuterFockFL (1 item(s)), ChapterSirkSingleTimeShift (1 item(s)), ChapterYangMillsAbelianFockEsa (1 item(s))
16:54:10 chunk: 0 item(s) resolved in 0s
16:54:24 sync: read 341 definition publish job(s)
16:54:45 sync: read 5415 problem publish job(s)
16:54:45 summary: 144 done, 11 pending, 2 failed, 62 unsubmittable (source missing from this checkout) (1869 out-of-order orphans ignored)
16:54:45 waiting on unpublished def bundle(s): ChapterFiniteSectionSingleTime (1 item(s)), ChapterQgTimeStepping (1 item(s)), ChapterQgTruncationResolvent (2 item(s)), ChapterQgVielbeinModeInstance (1 item(s)), ChapterQymTimeIndependentFlow (1 item(s)), ChapterScalaronFiberFL (2 item(s)), ChapterScalaronOuterFockFL (1 item(s)), ChapterSirkSingleTimeShift (1 item(s)), ChapterYangMillsAbelianFockEsa (1 item(s))
16:54:45 chunk: 0 item(s) resolved in 0s
16:54:59 sync: read 341 definition publish job(s)
16:55:23 sync: read 5415 problem publish job(s)
16:55:23 summary: 144 done, 11 pending, 2 failed, 62 unsubmittable (source missing from this checkout) (1869 out-of-order orphans ignored)
16:55:23 waiting on unpublished def bundle(s): ChapterFiniteSectionSingleTime (1 item(s)), ChapterQgTimeStepping (1 item(s)), ChapterQgTruncationResolvent (2 item(s)), ChapterQgVielbeinModeInstance (1 item(s)), ChapterQymTimeIndependentFlow (1 item(s)), ChapterScalaronFiberFL (2 item(s)), ChapterScalaronOuterFockFL (1 item(s)), ChapterSirkSingleTimeShift (1 item(s)), ChapterYangMillsAbelianFockEsa (1 item(s))
16:55:23 chunk: 0 item(s) resolved in 0s
16:55:37 sync: read 341 definition publish job(s)
16:56:01 sync: read 5415 problem publish job(s)
16:56:01 summary: 144 done, 11 pending, 2 failed, 62 unsubmittable (source missing from this checkout) (1869 out-of-order orphans ignored)
16:56:01 waiting on unpublished def bundle(s): ChapterFiniteSectionSingleTime (1 item(s)), ChapterQgTimeStepping (1 item(s)), ChapterQgTruncationResolvent (2 item(s)), ChapterQgVielbeinModeInstance (1 item(s)), ChapterQymTimeIndependentFlow (1 item(s)), ChapterScalaronFiberFL (2 item(s)), ChapterScalaronOuterFockFL (1 item(s)), ChapterSirkSingleTimeShift (1 item(s)), ChapterYangMillsAbelianFockEsa (1 item(s))
16:56:01 chunk: 0 item(s) resolved in 0s
16:56:15 sync: read 341 definition publish job(s)
16:56:40 sync: read 5415 problem publish job(s)
16:56:40 summary: 144 done, 11 pending, 2 failed, 62 unsubmittable (source missing from this checkout) (1869 out-of-order orphans ignored)
16:56:40 waiting on unpublished def bundle(s): ChapterFiniteSectionSingleTime (1 item(s)), ChapterQgTimeStepping (1 item(s)), ChapterQgTruncationResolvent (2 item(s)), ChapterQgVielbeinModeInstance (1 item(s)), ChapterQymTimeIndependentFlow (1 item(s)), ChapterScalaronFiberFL (2 item(s)), ChapterScalaronOuterFockFL (1 item(s)), ChapterSirkSingleTimeShift (1 item(s)), ChapterYangMillsAbelianFockEsa (1 item(s))
16:56:40 chunk: 0 item(s) resolved in 0s
16:56:53 sync: read 341 definition publish job(s)
16:57:14 sync: read 5415 problem publish job(s)
16:57:14 summary: 144 done, 11 pending, 2 failed, 62 unsubmittable (source missing from this checkout) (1869 out-of-order orphans ignored)
16:57:14 waiting on unpublished def bundle(s): ChapterFiniteSectionSingleTime (1 item(s)), ChapterQgTimeStepping (1 item(s)), ChapterQgTruncationResolvent (2 item(s)), ChapterQgVielbeinModeInstance (1 item(s)), ChapterQymTimeIndependentFlow (1 item(s)), ChapterScalaronFiberFL (2 item(s)), ChapterScalaronOuterFockFL (1 item(s)), ChapterSirkSingleTimeShift (1 item(s)), ChapterYangMillsAbelianFockEsa (1 item(s))
16:57:14 chunk: 0 item(s) resolved in 0s
16:57:27 sync: read 341 definition publish job(s)
16:57:49 sync: read 5415 problem publish job(s)
16:57:50 summary: 144 done, 11 pending, 2 failed, 62 unsubmittable (source missing from this checkout) (1869 out-of-order orphans ignored)
16:57:50 waiting on unpublished def bundle(s): ChapterFiniteSectionSingleTime (1 item(s)), ChapterQgTimeStepping (1 item(s)), ChapterQgTruncationResolvent (2 item(s)), ChapterQgVielbeinModeInstance (1 item(s)), ChapterQymTimeIndependentFlow (1 item(s)), ChapterScalaronFiberFL (2 item(s)), ChapterScalaronOuterFockFL (1 item(s)), ChapterSirkSingleTimeShift (1 item(s)), ChapterYangMillsAbelianFockEsa (1 item(s))
16:57:50 chunk: 0 item(s) resolved in 0s
16:58:03 sync: read 341 definition publish job(s)
16:58:24 sync: read 5415 problem publish job(s)
16:58:24 summary: 144 done, 11 pending, 2 failed, 62 unsubmittable (source missing from this checkout) (1869 out-of-order orphans ignored)
16:58:24 waiting on unpublished def bundle(s): ChapterFiniteSectionSingleTime (1 item(s)), ChapterQgTimeStepping (1 item(s)), ChapterQgTruncationResolvent (2 item(s)), ChapterQgVielbeinModeInstance (1 item(s)), ChapterQymTimeIndependentFlow (1 item(s)), ChapterScalaronFiberFL (2 item(s)), ChapterScalaronOuterFockFL (1 item(s)), ChapterSirkSingleTimeShift (1 item(s)), ChapterYangMillsAbelianFockEsa (1 item(s))
16:58:24 chunk: 0 item(s) resolved in 0s
16:58:37 sync: read 341 definition publish job(s)
16:58:58 sync: read 5415 problem publish job(s)
16:58:58 summary: 144 done, 11 pending, 2 failed, 62 unsubmittable (source missing from this checkout) (1869 out-of-order orphans ignored)
16:58:58 waiting on unpublished def bundle(s): ChapterFiniteSectionSingleTime (1 item(s)), ChapterQgTimeStepping (1 item(s)), ChapterQgTruncationResolvent (2 item(s)), ChapterQgVielbeinModeInstance (1 item(s)), ChapterQymTimeIndependentFlow (1 item(s)), ChapterScalaronFiberFL (2 item(s)), ChapterScalaronOuterFockFL (1 item(s)), ChapterSirkSingleTimeShift (1 item(s)), ChapterYangMillsAbelianFockEsa (1 item(s))
16:58:58 chunk: 0 item(s) resolved in 0s
16:59:12 sync: read 341 definition publish job(s)
16:59:31 sync: read 5415 problem publish job(s)
16:59:31 summary: 144 done, 11 pending, 2 failed, 62 unsubmittable (source missing from this checkout) (1869 out-of-order orphans ignored)
16:59:31 waiting on unpublished def bundle(s): ChapterFiniteSectionSingleTime (1 item(s)), ChapterQgTimeStepping (1 item(s)), ChapterQgTruncationResolvent (2 item(s)), ChapterQgVielbeinModeInstance (1 item(s)), ChapterQymTimeIndependentFlow (1 item(s)), ChapterScalaronFiberFL (2 item(s)), ChapterScalaronOuterFockFL (1 item(s)), ChapterSirkSingleTimeShift (1 item(s)), ChapterYangMillsAbelianFockEsa (1 item(s))
16:59:31 chunk: 0 item(s) resolved in 0s
16:59:46 sync: read 341 definition publish job(s)
17:00:08 sync: read 5415 problem publish job(s)
17:00:08 summary: 144 done, 11 pending, 2 failed, 62 unsubmittable (source missing from this checkout) (1869 out-of-order orphans ignored)
17:00:08 waiting on unpublished def bundle(s): ChapterFiniteSectionSingleTime (1 item(s)), ChapterQgTimeStepping (1 item(s)), ChapterQgTruncationResolvent (2 item(s)), ChapterQgVielbeinModeInstance (1 item(s)), ChapterQymTimeIndependentFlow (1 item(s)), ChapterScalaronFiberFL (2 item(s)), ChapterScalaronOuterFockFL (1 item(s)), ChapterSirkSingleTimeShift (1 item(s)), ChapterYangMillsAbelianFockEsa (1 item(s))
17:00:08 chunk: 0 item(s) resolved in 0s
17:00:23 sync: read 341 definition publish job(s)
17:00:51 sync: read 5415 problem publish job(s)
17:00:51 summary: 144 done, 11 pending, 2 failed, 62 unsubmittable (source missing from this checkout) (1869 out-of-order orphans ignored)
17:00:51 waiting on unpublished def bundle(s): ChapterFiniteSectionSingleTime (1 item(s)), ChapterQgTimeStepping (1 item(s)), ChapterQgTruncationResolvent (2 item(s)), ChapterQgVielbeinModeInstance (1 item(s)), ChapterQymTimeIndependentFlow (1 item(s)), ChapterScalaronFiberFL (2 item(s)), ChapterScalaronOuterFockFL (1 item(s)), ChapterSirkSingleTimeShift (1 item(s)), ChapterYangMillsAbelianFockEsa (1 item(s))
17:00:51 chunk: 0 item(s) resolved in 0s
17:01:19 sync: read 341 definition publish job(s)
17:01:40 sync: read 5415 problem publish job(s)
17:01:40 summary: 144 done, 11 pending, 2 failed, 62 unsubmittable (source missing from this checkout) (1869 out-of-order orphans ignored)
17:01:40 waiting on unpublished def bundle(s): ChapterFiniteSectionSingleTime (1 item(s)), ChapterQgTimeStepping (1 item(s)), ChapterQgTruncationResolvent (2 item(s)), ChapterQgVielbeinModeInstance (1 item(s)), ChapterQymTimeIndependentFlow (1 item(s)), ChapterScalaronFiberFL (2 item(s)), ChapterScalaronOuterFockFL (1 item(s)), ChapterSirkSingleTimeShift (1 item(s)), ChapterYangMillsAbelianFockEsa (1 item(s))
17:01:40 chunk: 0 item(s) resolved in 0s
17:01:53 sync: read 341 definition publish job(s)
17:02:14 sync: read 5415 problem publish job(s)
17:02:14 summary: 144 done, 11 pending, 2 failed, 62 unsubmittable (source missing from this checkout) (1869 out-of-order orphans ignored)
17:02:14 waiting on unpublished def bundle(s): ChapterFiniteSectionSingleTime (1 item(s)), ChapterQgTimeStepping (1 item(s)), ChapterQgTruncationResolvent (2 item(s)), ChapterQgVielbeinModeInstance (1 item(s)), ChapterQymTimeIndependentFlow (1 item(s)), ChapterScalaronFiberFL (2 item(s)), ChapterScalaronOuterFockFL (1 item(s)), ChapterSirkSingleTimeShift (1 item(s)), ChapterYangMillsAbelianFockEsa (1 item(s))
17:02:14 chunk: 0 item(s) resolved in 0s
17:02:27 sync: read 341 definition publish job(s)
17:02:50 sync: read 5415 problem publish job(s)
17:02:50 summary: 144 done, 11 pending, 2 failed, 62 unsubmittable (source missing from this checkout) (1869 out-of-order orphans ignored)
17:02:50 waiting on unpublished def bundle(s): ChapterFiniteSectionSingleTime (1 item(s)), ChapterQgTimeStepping (1 item(s)), ChapterQgTruncationResolvent (2 item(s)), ChapterQgVielbeinModeInstance (1 item(s)), ChapterQymTimeIndependentFlow (1 item(s)), ChapterScalaronFiberFL (2 item(s)), ChapterScalaronOuterFockFL (1 item(s)), ChapterSirkSingleTimeShift (1 item(s)), ChapterYangMillsAbelianFockEsa (1 item(s))
17:02:50 chunk: 0 item(s) resolved in 0s
17:03:03 sync: read 341 definition publish job(s)
17:03:23 sync: read 5415 problem publish job(s)
17:03:23 summary: 144 done, 11 pending, 2 failed, 62 unsubmittable (source missing from this checkout) (1869 out-of-order orphans ignored)
17:03:23 waiting on unpublished def bundle(s): ChapterFiniteSectionSingleTime (1 item(s)), ChapterQgTimeStepping (1 item(s)), ChapterQgTruncationResolvent (2 item(s)), ChapterQgVielbeinModeInstance (1 item(s)), ChapterQymTimeIndependentFlow (1 item(s)), ChapterScalaronFiberFL (2 item(s)), ChapterScalaronOuterFockFL (1 item(s)), ChapterSirkSingleTimeShift (1 item(s)), ChapterYangMillsAbelianFockEsa (1 item(s))
17:03:23 chunk: 0 item(s) resolved in 0s
17:03:36 sync: read 341 definition publish job(s)
17:04:06 sync: read 5415 problem publish job(s)
17:04:06 summary: 144 done, 11 pending, 2 failed, 62 unsubmittable (source missing from this checkout) (1869 out-of-order orphans ignored)
17:04:06 waiting on unpublished def bundle(s): ChapterFiniteSectionSingleTime (1 item(s)), ChapterQgTimeStepping (1 item(s)), ChapterQgTruncationResolvent (2 item(s)), ChapterQgVielbeinModeInstance (1 item(s)), ChapterQymTimeIndependentFlow (1 item(s)), ChapterScalaronFiberFL (2 item(s)), ChapterScalaronOuterFockFL (1 item(s)), ChapterSirkSingleTimeShift (1 item(s)), ChapterYangMillsAbelianFockEsa (1 item(s))
17:04:06 chunk: 0 item(s) resolved in 0s
17:04:21 sync: read 341 definition publish job(s)
17:04:45 sync: read 5415 problem publish job(s)
17:04:45 summary: 144 done, 11 pending, 2 failed, 62 unsubmittable (source missing from this checkout) (1869 out-of-order orphans ignored)
17:04:45 waiting on unpublished def bundle(s): ChapterFiniteSectionSingleTime (1 item(s)), ChapterQgTimeStepping (1 item(s)), ChapterQgTruncationResolvent (2 item(s)), ChapterQgVielbeinModeInstance (1 item(s)), ChapterQymTimeIndependentFlow (1 item(s)), ChapterScalaronFiberFL (2 item(s)), ChapterScalaronOuterFockFL (1 item(s)), ChapterSirkSingleTimeShift (1 item(s)), ChapterYangMillsAbelianFockEsa (1 item(s))
17:04:45 chunk: 0 item(s) resolved in 0s
17:04:58 sync: read 341 definition publish job(s)
17:05:20 sync: read 5415 problem publish job(s)
17:05:20 summary: 144 done, 11 pending, 2 failed, 62 unsubmittable (source missing from this checkout) (1869 out-of-order orphans ignored)
17:05:20 waiting on unpublished def bundle(s): ChapterFiniteSectionSingleTime (1 item(s)), ChapterQgTimeStepping (1 item(s)), ChapterQgTruncationResolvent (2 item(s)), ChapterQgVielbeinModeInstance (1 item(s)), ChapterQymTimeIndependentFlow (1 item(s)), ChapterScalaronFiberFL (2 item(s)), ChapterScalaronOuterFockFL (1 item(s)), ChapterSirkSingleTimeShift (1 item(s)), ChapterYangMillsAbelianFockEsa (1 item(s))
17:05:20 chunk: 0 item(s) resolved in 0s
17:05:33 sync: read 341 definition publish job(s)
17:05:58 sync: read 5415 problem publish job(s)
17:05:58 summary: 144 done, 11 pending, 2 failed, 62 unsubmittable (source missing from this checkout) (1869 out-of-order orphans ignored)
17:05:58 waiting on unpublished def bundle(s): ChapterFiniteSectionSingleTime (1 item(s)), ChapterQgTimeStepping (1 item(s)), ChapterQgTruncationResolvent (2 item(s)), ChapterQgVielbeinModeInstance (1 item(s)), ChapterQymTimeIndependentFlow (1 item(s)), ChapterScalaronFiberFL (2 item(s)), ChapterScalaronOuterFockFL (1 item(s)), ChapterSirkSingleTimeShift (1 item(s)), ChapterYangMillsAbelianFockEsa (1 item(s))
17:05:58 chunk: 0 item(s) resolved in 0s
17:06:11 sync: read 341 definition publish job(s)
17:06:33 sync: read 5415 problem publish job(s)
17:06:33 summary: 144 done, 11 pending, 2 failed, 62 unsubmittable (source missing from this checkout) (1869 out-of-order orphans ignored)
17:06:33 waiting on unpublished def bundle(s): ChapterFiniteSectionSingleTime (1 item(s)), ChapterQgTimeStepping (1 item(s)), ChapterQgTruncationResolvent (2 item(s)), ChapterQgVielbeinModeInstance (1 item(s)), ChapterQymTimeIndependentFlow (1 item(s)), ChapterScalaronFiberFL (2 item(s)), ChapterScalaronOuterFockFL (1 item(s)), ChapterSirkSingleTimeShift (1 item(s)), ChapterYangMillsAbelianFockEsa (1 item(s))
17:06:33 chunk: 0 item(s) resolved in 0s
17:06:46 sync: read 341 definition publish job(s)
17:07:06 sync: read 5415 problem publish job(s)
17:07:06 summary: 144 done, 11 pending, 2 failed, 62 unsubmittable (source missing from this checkout) (1869 out-of-order orphans ignored)
17:07:06 waiting on unpublished def bundle(s): ChapterFiniteSectionSingleTime (1 item(s)), ChapterQgTimeStepping (1 item(s)), ChapterQgTruncationResolvent (2 item(s)), ChapterQgVielbeinModeInstance (1 item(s)), ChapterQymTimeIndependentFlow (1 item(s)), ChapterScalaronFiberFL (2 item(s)), ChapterScalaronOuterFockFL (1 item(s)), ChapterSirkSingleTimeShift (1 item(s)), ChapterYangMillsAbelianFockEsa (1 item(s))
17:07:06 chunk: 0 item(s) resolved in 0s
17:07:19 sync: read 341 definition publish job(s)
17:07:49 sync: read 5415 problem publish job(s)
17:07:49 summary: 144 done, 11 pending, 2 failed, 62 unsubmittable (source missing from this checkout) (1869 out-of-order orphans ignored)
17:07:49 waiting on unpublished def bundle(s): ChapterFiniteSectionSingleTime (1 item(s)), ChapterQgTimeStepping (1 item(s)), ChapterQgTruncationResolvent (2 item(s)), ChapterQgVielbeinModeInstance (1 item(s)), ChapterQymTimeIndependentFlow (1 item(s)), ChapterScalaronFiberFL (2 item(s)), ChapterScalaronOuterFockFL (1 item(s)), ChapterSirkSingleTimeShift (1 item(s)), ChapterYangMillsAbelianFockEsa (1 item(s))
17:07:49 chunk: 0 item(s) resolved in 0s
17:08:02 sync: read 341 definition publish job(s)
17:08:26 sync: read 5415 problem publish job(s)
17:08:26 summary: 144 done, 11 pending, 2 failed, 62 unsubmittable (source missing from this checkout) (1869 out-of-order orphans ignored)
17:08:26 waiting on unpublished def bundle(s): ChapterFiniteSectionSingleTime (1 item(s)), ChapterQgTimeStepping (1 item(s)), ChapterQgTruncationResolvent (2 item(s)), ChapterQgVielbeinModeInstance (1 item(s)), ChapterQymTimeIndependentFlow (1 item(s)), ChapterScalaronFiberFL (2 item(s)), ChapterScalaronOuterFockFL (1 item(s)), ChapterSirkSingleTimeShift (1 item(s)), ChapterYangMillsAbelianFockEsa (1 item(s))
17:08:26 chunk: 0 item(s) resolved in 0s
17:08:39 sync: read 341 definition publish job(s)
17:09:00 sync: read 5415 problem publish job(s)
17:09:01 summary: 144 done, 11 pending, 2 failed, 62 unsubmittable (source missing from this checkout) (1869 out-of-order orphans ignored)
17:09:01 waiting on unpublished def bundle(s): ChapterFiniteSectionSingleTime (1 item(s)), ChapterQgTimeStepping (1 item(s)), ChapterQgTruncationResolvent (2 item(s)), ChapterQgVielbeinModeInstance (1 item(s)), ChapterQymTimeIndependentFlow (1 item(s)), ChapterScalaronFiberFL (2 item(s)), ChapterScalaronOuterFockFL (1 item(s)), ChapterSirkSingleTimeShift (1 item(s)), ChapterYangMillsAbelianFockEsa (1 item(s))
17:09:01 chunk: 0 item(s) resolved in 0s
17:09:14 sync: read 341 definition publish job(s)
17:09:35 sync: read 5415 problem publish job(s)
17:09:35 summary: 144 done, 11 pending, 2 failed, 62 unsubmittable (source missing from this checkout) (1869 out-of-order orphans ignored)
17:09:35 waiting on unpublished def bundle(s): ChapterFiniteSectionSingleTime (1 item(s)), ChapterQgTimeStepping (1 item(s)), ChapterQgTruncationResolvent (2 item(s)), ChapterQgVielbeinModeInstance (1 item(s)), ChapterQymTimeIndependentFlow (1 item(s)), ChapterScalaronFiberFL (2 item(s)), ChapterScalaronOuterFockFL (1 item(s)), ChapterSirkSingleTimeShift (1 item(s)), ChapterYangMillsAbelianFockEsa (1 item(s))
17:09:35 chunk: 0 item(s) resolved in 0s
17:09:49 sync: read 341 definition publish job(s)
17:10:09 sync: read 5415 problem publish job(s)
17:10:09 summary: 144 done, 11 pending, 2 failed, 62 unsubmittable (source missing from this checkout) (1869 out-of-order orphans ignored)
17:10:09 waiting on unpublished def bundle(s): ChapterFiniteSectionSingleTime (1 item(s)), ChapterQgTimeStepping (1 item(s)), ChapterQgTruncationResolvent (2 item(s)), ChapterQgVielbeinModeInstance (1 item(s)), ChapterQymTimeIndependentFlow (1 item(s)), ChapterScalaronFiberFL (2 item(s)), ChapterScalaronOuterFockFL (1 item(s)), ChapterSirkSingleTimeShift (1 item(s)), ChapterYangMillsAbelianFockEsa (1 item(s))
17:10:09 chunk: 0 item(s) resolved in 0s
17:10:22 sync: read 341 definition publish job(s)
17:10:45 sync: read 5415 problem publish job(s)
17:10:45 summary: 144 done, 11 pending, 2 failed, 62 unsubmittable (source missing from this checkout) (1869 out-of-order orphans ignored)
17:10:45 waiting on unpublished def bundle(s): ChapterFiniteSectionSingleTime (1 item(s)), ChapterQgTimeStepping (1 item(s)), ChapterQgTruncationResolvent (2 item(s)), ChapterQgVielbeinModeInstance (1 item(s)), ChapterQymTimeIndependentFlow (1 item(s)), ChapterScalaronFiberFL (2 item(s)), ChapterScalaronOuterFockFL (1 item(s)), ChapterSirkSingleTimeShift (1 item(s)), ChapterYangMillsAbelianFockEsa (1 item(s))
17:10:45 chunk: 0 item(s) resolved in 0s
17:10:59 sync: read 341 definition publish job(s)
17:11:19 sync: read 5415 problem publish job(s)
17:11:19 summary: 144 done, 11 pending, 2 failed, 62 unsubmittable (source missing from this checkout) (1869 out-of-order orphans ignored)
17:11:19 waiting on unpublished def bundle(s): ChapterFiniteSectionSingleTime (1 item(s)), ChapterQgTimeStepping (1 item(s)), ChapterQgTruncationResolvent (2 item(s)), ChapterQgVielbeinModeInstance (1 item(s)), ChapterQymTimeIndependentFlow (1 item(s)), ChapterScalaronFiberFL (2 item(s)), ChapterScalaronOuterFockFL (1 item(s)), ChapterSirkSingleTimeShift (1 item(s)), ChapterYangMillsAbelianFockEsa (1 item(s))
17:11:19 chunk: 0 item(s) resolved in 0s
17:11:32 sync: read 341 definition publish job(s)
17:11:52 sync: read 5415 problem publish job(s)
17:11:52 summary: 144 done, 11 pending, 2 failed, 62 unsubmittable (source missing from this checkout) (1869 out-of-order orphans ignored)
17:11:52 waiting on unpublished def bundle(s): ChapterFiniteSectionSingleTime (1 item(s)), ChapterQgTimeStepping (1 item(s)), ChapterQgTruncationResolvent (2 item(s)), ChapterQgVielbeinModeInstance (1 item(s)), ChapterQymTimeIndependentFlow (1 item(s)), ChapterScalaronFiberFL (2 item(s)), ChapterScalaronOuterFockFL (1 item(s)), ChapterSirkSingleTimeShift (1 item(s)), ChapterYangMillsAbelianFockEsa (1 item(s))
17:11:52 chunk: 0 item(s) resolved in 0s
17:12:11 sync: read 341 definition publish job(s)
17:12:33 sync: read 5415 problem publish job(s)
17:12:33 summary: 144 done, 11 pending, 2 failed, 62 unsubmittable (source missing from this checkout) (1869 out-of-order orphans ignored)
17:12:33 waiting on unpublished def bundle(s): ChapterFiniteSectionSingleTime (1 item(s)), ChapterQgTimeStepping (1 item(s)), ChapterQgTruncationResolvent (2 item(s)), ChapterQgVielbeinModeInstance (1 item(s)), ChapterQymTimeIndependentFlow (1 item(s)), ChapterScalaronFiberFL (2 item(s)), ChapterScalaronOuterFockFL (1 item(s)), ChapterSirkSingleTimeShift (1 item(s)), ChapterYangMillsAbelianFockEsa (1 item(s))
17:12:33 chunk: 0 item(s) resolved in 0s
17:12:46 sync: read 341 definition publish job(s)
17:13:06 sync: read 5415 problem publish job(s)
17:13:06 summary: 144 done, 11 pending, 2 failed, 62 unsubmittable (source missing from this checkout) (1869 out-of-order orphans ignored)
17:13:06 waiting on unpublished def bundle(s): ChapterFiniteSectionSingleTime (1 item(s)), ChapterQgTimeStepping (1 item(s)), ChapterQgTruncationResolvent (2 item(s)), ChapterQgVielbeinModeInstance (1 item(s)), ChapterQymTimeIndependentFlow (1 item(s)), ChapterScalaronFiberFL (2 item(s)), ChapterScalaronOuterFockFL (1 item(s)), ChapterSirkSingleTimeShift (1 item(s)), ChapterYangMillsAbelianFockEsa (1 item(s))
17:13:06 chunk: 0 item(s) resolved in 0s
17:13:19 sync: read 341 definition publish job(s)
17:13:39 sync: read 5415 problem publish job(s)
17:13:39 summary: 144 done, 11 pending, 2 failed, 62 unsubmittable (source missing from this checkout) (1869 out-of-order orphans ignored)
17:13:39 waiting on unpublished def bundle(s): ChapterFiniteSectionSingleTime (1 item(s)), ChapterQgTimeStepping (1 item(s)), ChapterQgTruncationResolvent (2 item(s)), ChapterQgVielbeinModeInstance (1 item(s)), ChapterQymTimeIndependentFlow (1 item(s)), ChapterScalaronFiberFL (2 item(s)), ChapterScalaronOuterFockFL (1 item(s)), ChapterSirkSingleTimeShift (1 item(s)), ChapterYangMillsAbelianFockEsa (1 item(s))
17:13:39 chunk: 0 item(s) resolved in 0s
17:13:53 sync: read 341 definition publish job(s)
17:14:12 sync: read 5415 problem publish job(s)
17:14:12 summary: 144 done, 11 pending, 2 failed, 62 unsubmittable (source missing from this checkout) (1869 out-of-order orphans ignored)
17:14:12 waiting on unpublished def bundle(s): ChapterFiniteSectionSingleTime (1 item(s)), ChapterQgTimeStepping (1 item(s)), ChapterQgTruncationResolvent (2 item(s)), ChapterQgVielbeinModeInstance (1 item(s)), ChapterQymTimeIndependentFlow (1 item(s)), ChapterScalaronFiberFL (2 item(s)), ChapterScalaronOuterFockFL (1 item(s)), ChapterSirkSingleTimeShift (1 item(s)), ChapterYangMillsAbelianFockEsa (1 item(s))
17:14:12 chunk: 0 item(s) resolved in 0s
17:14:26 sync: read 341 definition publish job(s)
17:14:47 sync: read 5415 problem publish job(s)
17:14:47 summary: 144 done, 11 pending, 2 failed, 62 unsubmittable (source missing from this checkout) (1869 out-of-order orphans ignored)
17:14:47 waiting on unpublished def bundle(s): ChapterFiniteSectionSingleTime (1 item(s)), ChapterQgTimeStepping (1 item(s)), ChapterQgTruncationResolvent (2 item(s)), ChapterQgVielbeinModeInstance (1 item(s)), ChapterQymTimeIndependentFlow (1 item(s)), ChapterScalaronFiberFL (2 item(s)), ChapterScalaronOuterFockFL (1 item(s)), ChapterSirkSingleTimeShift (1 item(s)), ChapterYangMillsAbelianFockEsa (1 item(s))
17:14:47 chunk: 0 item(s) resolved in 0s
17:15:00 sync: read 341 definition publish job(s)
17:15:26 sync: read 5415 problem publish job(s)
17:15:26 summary: 144 done, 11 pending, 2 failed, 62 unsubmittable (source missing from this checkout) (1869 out-of-order orphans ignored)
17:15:26 waiting on unpublished def bundle(s): ChapterFiniteSectionSingleTime (1 item(s)), ChapterQgTimeStepping (1 item(s)), ChapterQgTruncationResolvent (2 item(s)), ChapterQgVielbeinModeInstance (1 item(s)), ChapterQymTimeIndependentFlow (1 item(s)), ChapterScalaronFiberFL (2 item(s)), ChapterScalaronOuterFockFL (1 item(s)), ChapterSirkSingleTimeShift (1 item(s)), ChapterYangMillsAbelianFockEsa (1 item(s))
17:15:26 chunk: 0 item(s) resolved in 0s
17:15:40 sync: read 341 definition publish job(s)
17:16:11 sync: read 5415 problem publish job(s)
17:16:11 summary: 144 done, 11 pending, 2 failed, 62 unsubmittable (source missing from this checkout) (1869 out-of-order orphans ignored)
17:16:11 waiting on unpublished def bundle(s): ChapterFiniteSectionSingleTime (1 item(s)), ChapterQgTimeStepping (1 item(s)), ChapterQgTruncationResolvent (2 item(s)), ChapterQgVielbeinModeInstance (1 item(s)), ChapterQymTimeIndependentFlow (1 item(s)), ChapterScalaronFiberFL (2 item(s)), ChapterScalaronOuterFockFL (1 item(s)), ChapterSirkSingleTimeShift (1 item(s)), ChapterYangMillsAbelianFockEsa (1 item(s))
17:16:11 chunk: 0 item(s) resolved in 0s
17:16:24 sync: read 341 definition publish job(s)
17:16:44 sync: read 5415 problem publish job(s)
17:16:44 summary: 144 done, 11 pending, 2 failed, 62 unsubmittable (source missing from this checkout) (1869 out-of-order orphans ignored)
17:16:44 waiting on unpublished def bundle(s): ChapterFiniteSectionSingleTime (1 item(s)), ChapterQgTimeStepping (1 item(s)), ChapterQgTruncationResolvent (2 item(s)), ChapterQgVielbeinModeInstance (1 item(s)), ChapterQymTimeIndependentFlow (1 item(s)), ChapterScalaronFiberFL (2 item(s)), ChapterScalaronOuterFockFL (1 item(s)), ChapterSirkSingleTimeShift (1 item(s)), ChapterYangMillsAbelianFockEsa (1 item(s))
17:16:44 chunk: 0 item(s) resolved in 0s
17:16:57 sync: read 341 definition publish job(s)
17:17:18 sync: read 5415 problem publish job(s)
17:17:18 summary: 144 done, 11 pending, 2 failed, 62 unsubmittable (source missing from this checkout) (1869 out-of-order orphans ignored)
17:17:18 waiting on unpublished def bundle(s): ChapterFiniteSectionSingleTime (1 item(s)), ChapterQgTimeStepping (1 item(s)), ChapterQgTruncationResolvent (2 item(s)), ChapterQgVielbeinModeInstance (1 item(s)), ChapterQymTimeIndependentFlow (1 item(s)), ChapterScalaronFiberFL (2 item(s)), ChapterScalaronOuterFockFL (1 item(s)), ChapterSirkSingleTimeShift (1 item(s)), ChapterYangMillsAbelianFockEsa (1 item(s))
17:17:18 chunk: 0 item(s) resolved in 0s
17:17:32 sync: read 341 definition publish job(s)
17:17:51 sync: read 5415 problem publish job(s)
17:17:51 summary: 144 done, 11 pending, 2 failed, 62 unsubmittable (source missing from this checkout) (1869 out-of-order orphans ignored)
17:17:51 waiting on unpublished def bundle(s): ChapterFiniteSectionSingleTime (1 item(s)), ChapterQgTimeStepping (1 item(s)), ChapterQgTruncationResolvent (2 item(s)), ChapterQgVielbeinModeInstance (1 item(s)), ChapterQymTimeIndependentFlow (1 item(s)), ChapterScalaronFiberFL (2 item(s)), ChapterScalaronOuterFockFL (1 item(s)), ChapterSirkSingleTimeShift (1 item(s)), ChapterYangMillsAbelianFockEsa (1 item(s))
17:17:51 chunk: 0 item(s) resolved in 0s
17:18:04 sync: read 341 definition publish job(s)
17:18:25 sync: read 5415 problem publish job(s)
17:18:25 summary: 144 done, 11 pending, 2 failed, 62 unsubmittable (source missing from this checkout) (1869 out-of-order orphans ignored)
17:18:25 waiting on unpublished def bundle(s): ChapterFiniteSectionSingleTime (1 item(s)), ChapterQgTimeStepping (1 item(s)), ChapterQgTruncationResolvent (2 item(s)), ChapterQgVielbeinModeInstance (1 item(s)), ChapterQymTimeIndependentFlow (1 item(s)), ChapterScalaronFiberFL (2 item(s)), ChapterScalaronOuterFockFL (1 item(s)), ChapterSirkSingleTimeShift (1 item(s)), ChapterYangMillsAbelianFockEsa (1 item(s))
17:18:25 chunk: 0 item(s) resolved in 0s
17:18:38 sync: read 341 definition publish job(s)
17:18:59 sync: read 5415 problem publish job(s)
17:18:59 summary: 144 done, 11 pending, 2 failed, 62 unsubmittable (source missing from this checkout) (1869 out-of-order orphans ignored)
17:18:59 waiting on unpublished def bundle(s): ChapterFiniteSectionSingleTime (1 item(s)), ChapterQgTimeStepping (1 item(s)), ChapterQgTruncationResolvent (2 item(s)), ChapterQgVielbeinModeInstance (1 item(s)), ChapterQymTimeIndependentFlow (1 item(s)), ChapterScalaronFiberFL (2 item(s)), ChapterScalaronOuterFockFL (1 item(s)), ChapterSirkSingleTimeShift (1 item(s)), ChapterYangMillsAbelianFockEsa (1 item(s))
17:18:59 chunk: 0 item(s) resolved in 0s
17:19:13 sync: read 341 definition publish job(s)
17:19:35 sync: read 5415 problem publish job(s)
17:19:35 summary: 144 done, 11 pending, 2 failed, 62 unsubmittable (source missing from this checkout) (1869 out-of-order orphans ignored)
17:19:35 waiting on unpublished def bundle(s): ChapterFiniteSectionSingleTime (1 item(s)), ChapterQgTimeStepping (1 item(s)), ChapterQgTruncationResolvent (2 item(s)), ChapterQgVielbeinModeInstance (1 item(s)), ChapterQymTimeIndependentFlow (1 item(s)), ChapterScalaronFiberFL (2 item(s)), ChapterScalaronOuterFockFL (1 item(s)), ChapterSirkSingleTimeShift (1 item(s)), ChapterYangMillsAbelianFockEsa (1 item(s))
17:19:35 chunk: 0 item(s) resolved in 0s
17:19:48 sync: read 341 definition publish job(s)
17:20:10 sync: read 5415 problem publish job(s)
17:20:10 summary: 144 done, 11 pending, 2 failed, 62 unsubmittable (source missing from this checkout) (1869 out-of-order orphans ignored)
17:20:10 waiting on unpublished def bundle(s): ChapterFiniteSectionSingleTime (1 item(s)), ChapterQgTimeStepping (1 item(s)), ChapterQgTruncationResolvent (2 item(s)), ChapterQgVielbeinModeInstance (1 item(s)), ChapterQymTimeIndependentFlow (1 item(s)), ChapterScalaronFiberFL (2 item(s)), ChapterScalaronOuterFockFL (1 item(s)), ChapterSirkSingleTimeShift (1 item(s)), ChapterYangMillsAbelianFockEsa (1 item(s))
17:20:10 chunk: 0 item(s) resolved in 0s
17:20:24 sync: read 341 definition publish job(s)
17:20:44 sync: read 5415 problem publish job(s)
17:20:44 summary: 144 done, 11 pending, 2 failed, 62 unsubmittable (source missing from this checkout) (1869 out-of-order orphans ignored)
17:20:44 waiting on unpublished def bundle(s): ChapterFiniteSectionSingleTime (1 item(s)), ChapterQgTimeStepping (1 item(s)), ChapterQgTruncationResolvent (2 item(s)), ChapterQgVielbeinModeInstance (1 item(s)), ChapterQymTimeIndependentFlow (1 item(s)), ChapterScalaronFiberFL (2 item(s)), ChapterScalaronOuterFockFL (1 item(s)), ChapterSirkSingleTimeShift (1 item(s)), ChapterYangMillsAbelianFockEsa (1 item(s))
17:20:44 chunk: 0 item(s) resolved in 0s
17:20:57 sync: read 341 definition publish job(s)
17:21:19 sync: read 5415 problem publish job(s)
17:21:19 summary: 144 done, 11 pending, 2 failed, 62 unsubmittable (source missing from this checkout) (1869 out-of-order orphans ignored)
17:21:19 waiting on unpublished def bundle(s): ChapterFiniteSectionSingleTime (1 item(s)), ChapterQgTimeStepping (1 item(s)), ChapterQgTruncationResolvent (2 item(s)), ChapterQgVielbeinModeInstance (1 item(s)), ChapterQymTimeIndependentFlow (1 item(s)), ChapterScalaronFiberFL (2 item(s)), ChapterScalaronOuterFockFL (1 item(s)), ChapterSirkSingleTimeShift (1 item(s)), ChapterYangMillsAbelianFockEsa (1 item(s))
17:21:19 chunk: 0 item(s) resolved in 0s
17:21:33 sync: read 341 definition publish job(s)
17:21:54 sync: read 5415 problem publish job(s)
17:21:54 summary: 144 done, 11 pending, 2 failed, 62 unsubmittable (source missing from this checkout) (1869 out-of-order orphans ignored)
17:21:54 waiting on unpublished def bundle(s): ChapterFiniteSectionSingleTime (1 item(s)), ChapterQgTimeStepping (1 item(s)), ChapterQgTruncationResolvent (2 item(s)), ChapterQgVielbeinModeInstance (1 item(s)), ChapterQymTimeIndependentFlow (1 item(s)), ChapterScalaronFiberFL (2 item(s)), ChapterScalaronOuterFockFL (1 item(s)), ChapterSirkSingleTimeShift (1 item(s)), ChapterYangMillsAbelianFockEsa (1 item(s))
17:21:54 chunk: 0 item(s) resolved in 0s
17:22:07 sync: read 341 definition publish job(s)
17:22:28 sync: read 5415 problem publish job(s)
17:22:28 summary: 144 done, 11 pending, 2 failed, 62 unsubmittable (source missing from this checkout) (1869 out-of-order orphans ignored)
17:22:28 waiting on unpublished def bundle(s): ChapterFiniteSectionSingleTime (1 item(s)), ChapterQgTimeStepping (1 item(s)), ChapterQgTruncationResolvent (2 item(s)), ChapterQgVielbeinModeInstance (1 item(s)), ChapterQymTimeIndependentFlow (1 item(s)), ChapterScalaronFiberFL (2 item(s)), ChapterScalaronOuterFockFL (1 item(s)), ChapterSirkSingleTimeShift (1 item(s)), ChapterYangMillsAbelianFockEsa (1 item(s))
17:22:28 chunk: 0 item(s) resolved in 0s
17:22:41 sync: read 341 definition publish job(s)
17:23:02 sync: read 5415 problem publish job(s)
17:23:02 summary: 144 done, 11 pending, 2 failed, 62 unsubmittable (source missing from this checkout) (1869 out-of-order orphans ignored)
17:23:02 waiting on unpublished def bundle(s): ChapterFiniteSectionSingleTime (1 item(s)), ChapterQgTimeStepping (1 item(s)), ChapterQgTruncationResolvent (2 item(s)), ChapterQgVielbeinModeInstance (1 item(s)), ChapterQymTimeIndependentFlow (1 item(s)), ChapterScalaronFiberFL (2 item(s)), ChapterScalaronOuterFockFL (1 item(s)), ChapterSirkSingleTimeShift (1 item(s)), ChapterYangMillsAbelianFockEsa (1 item(s))
17:23:02 chunk: 0 item(s) resolved in 0s
17:23:15 sync: read 341 definition publish job(s)
17:23:35 sync: read 5415 problem publish job(s)
17:23:35 summary: 144 done, 11 pending, 2 failed, 62 unsubmittable (source missing from this checkout) (1869 out-of-order orphans ignored)
17:23:35 waiting on unpublished def bundle(s): ChapterFiniteSectionSingleTime (1 item(s)), ChapterQgTimeStepping (1 item(s)), ChapterQgTruncationResolvent (2 item(s)), ChapterQgVielbeinModeInstance (1 item(s)), ChapterQymTimeIndependentFlow (1 item(s)), ChapterScalaronFiberFL (2 item(s)), ChapterScalaronOuterFockFL (1 item(s)), ChapterSirkSingleTimeShift (1 item(s)), ChapterYangMillsAbelianFockEsa (1 item(s))
17:23:35 chunk: 0 item(s) resolved in 0s
17:23:48 sync: read 341 definition publish job(s)
17:24:09 sync: read 5415 problem publish job(s)
17:24:09 summary: 144 done, 11 pending, 2 failed, 62 unsubmittable (source missing from this checkout) (1869 out-of-order orphans ignored)
17:24:09 waiting on unpublished def bundle(s): ChapterFiniteSectionSingleTime (1 item(s)), ChapterQgTimeStepping (1 item(s)), ChapterQgTruncationResolvent (2 item(s)), ChapterQgVielbeinModeInstance (1 item(s)), ChapterQymTimeIndependentFlow (1 item(s)), ChapterScalaronFiberFL (2 item(s)), ChapterScalaronOuterFockFL (1 item(s)), ChapterSirkSingleTimeShift (1 item(s)), ChapterYangMillsAbelianFockEsa (1 item(s))
17:24:09 chunk: 0 item(s) resolved in 0s
17:24:22 sync: read 341 definition publish job(s)
17:24:42 sync: read 5415 problem publish job(s)
17:24:42 summary: 144 done, 11 pending, 2 failed, 62 unsubmittable (source missing from this checkout) (1869 out-of-order orphans ignored)
17:24:42 waiting on unpublished def bundle(s): ChapterFiniteSectionSingleTime (1 item(s)), ChapterQgTimeStepping (1 item(s)), ChapterQgTruncationResolvent (2 item(s)), ChapterQgVielbeinModeInstance (1 item(s)), ChapterQymTimeIndependentFlow (1 item(s)), ChapterScalaronFiberFL (2 item(s)), ChapterScalaronOuterFockFL (1 item(s)), ChapterSirkSingleTimeShift (1 item(s)), ChapterYangMillsAbelianFockEsa (1 item(s))
17:24:42 chunk: 0 item(s) resolved in 0s
17:24:56 sync: read 341 definition publish job(s)
17:25:17 sync: read 5415 problem publish job(s)
17:25:17 summary: 144 done, 11 pending, 2 failed, 62 unsubmittable (source missing from this checkout) (1869 out-of-order orphans ignored)
17:25:17 waiting on unpublished def bundle(s): ChapterFiniteSectionSingleTime (1 item(s)), ChapterQgTimeStepping (1 item(s)), ChapterQgTruncationResolvent (2 item(s)), ChapterQgVielbeinModeInstance (1 item(s)), ChapterQymTimeIndependentFlow (1 item(s)), ChapterScalaronFiberFL (2 item(s)), ChapterScalaronOuterFockFL (1 item(s)), ChapterSirkSingleTimeShift (1 item(s)), ChapterYangMillsAbelianFockEsa (1 item(s))
17:25:17 chunk: 0 item(s) resolved in 0s
17:25:30 sync: read 341 definition publish job(s)
17:25:50 sync: read 5415 problem publish job(s)
17:25:50 summary: 144 done, 11 pending, 2 failed, 62 unsubmittable (source missing from this checkout) (1869 out-of-order orphans ignored)
17:25:50 waiting on unpublished def bundle(s): ChapterFiniteSectionSingleTime (1 item(s)), ChapterQgTimeStepping (1 item(s)), ChapterQgTruncationResolvent (2 item(s)), ChapterQgVielbeinModeInstance (1 item(s)), ChapterQymTimeIndependentFlow (1 item(s)), ChapterScalaronFiberFL (2 item(s)), ChapterScalaronOuterFockFL (1 item(s)), ChapterSirkSingleTimeShift (1 item(s)), ChapterYangMillsAbelianFockEsa (1 item(s))
17:25:50 chunk: 0 item(s) resolved in 0s
17:26:05 sync: read 341 definition publish job(s)
17:26:30 sync: read 5415 problem publish job(s)
17:26:30 summary: 144 done, 11 pending, 2 failed, 62 unsubmittable (source missing from this checkout) (1869 out-of-order orphans ignored)
17:26:30 waiting on unpublished def bundle(s): ChapterFiniteSectionSingleTime (1 item(s)), ChapterQgTimeStepping (1 item(s)), ChapterQgTruncationResolvent (2 item(s)), ChapterQgVielbeinModeInstance (1 item(s)), ChapterQymTimeIndependentFlow (1 item(s)), ChapterScalaronFiberFL (2 item(s)), ChapterScalaronOuterFockFL (1 item(s)), ChapterSirkSingleTimeShift (1 item(s)), ChapterYangMillsAbelianFockEsa (1 item(s))
17:26:30 chunk: 0 item(s) resolved in 0s
17:26:43 sync: read 341 definition publish job(s)
17:27:04 sync: read 5415 problem publish job(s)
17:27:04 summary: 144 done, 11 pending, 2 failed, 62 unsubmittable (source missing from this checkout) (1869 out-of-order orphans ignored)
17:27:04 waiting on unpublished def bundle(s): ChapterFiniteSectionSingleTime (1 item(s)), ChapterQgTimeStepping (1 item(s)), ChapterQgTruncationResolvent (2 item(s)), ChapterQgVielbeinModeInstance (1 item(s)), ChapterQymTimeIndependentFlow (1 item(s)), ChapterScalaronFiberFL (2 item(s)), ChapterScalaronOuterFockFL (1 item(s)), ChapterSirkSingleTimeShift (1 item(s)), ChapterYangMillsAbelianFockEsa (1 item(s))
17:27:04 chunk: 0 item(s) resolved in 0s
17:27:17 sync: read 341 definition publish job(s)
17:27:38 sync: read 5415 problem publish job(s)
17:27:38 summary: 144 done, 11 pending, 2 failed, 62 unsubmittable (source missing from this checkout) (1869 out-of-order orphans ignored)
17:27:38 waiting on unpublished def bundle(s): ChapterFiniteSectionSingleTime (1 item(s)), ChapterQgTimeStepping (1 item(s)), ChapterQgTruncationResolvent (2 item(s)), ChapterQgVielbeinModeInstance (1 item(s)), ChapterQymTimeIndependentFlow (1 item(s)), ChapterScalaronFiberFL (2 item(s)), ChapterScalaronOuterFockFL (1 item(s)), ChapterSirkSingleTimeShift (1 item(s)), ChapterYangMillsAbelianFockEsa (1 item(s))
17:27:38 chunk: 0 item(s) resolved in 0s
17:27:53 sync: read 341 definition publish job(s)
17:28:15 sync: read 5415 problem publish job(s)
17:28:15 summary: 144 done, 11 pending, 2 failed, 62 unsubmittable (source missing from this checkout) (1869 out-of-order orphans ignored)
17:28:15 waiting on unpublished def bundle(s): ChapterFiniteSectionSingleTime (1 item(s)), ChapterQgTimeStepping (1 item(s)), ChapterQgTruncationResolvent (2 item(s)), ChapterQgVielbeinModeInstance (1 item(s)), ChapterQymTimeIndependentFlow (1 item(s)), ChapterScalaronFiberFL (2 item(s)), ChapterScalaronOuterFockFL (1 item(s)), ChapterSirkSingleTimeShift (1 item(s)), ChapterYangMillsAbelianFockEsa (1 item(s))
17:28:15 chunk: 0 item(s) resolved in 0s
17:28:28 sync: read 341 definition publish job(s)
17:28:47 sync: read 5415 problem publish job(s)
17:28:47 summary: 144 done, 11 pending, 2 failed, 62 unsubmittable (source missing from this checkout) (1869 out-of-order orphans ignored)
17:28:47 waiting on unpublished def bundle(s): ChapterFiniteSectionSingleTime (1 item(s)), ChapterQgTimeStepping (1 item(s)), ChapterQgTruncationResolvent (2 item(s)), ChapterQgVielbeinModeInstance (1 item(s)), ChapterQymTimeIndependentFlow (1 item(s)), ChapterScalaronFiberFL (2 item(s)), ChapterScalaronOuterFockFL (1 item(s)), ChapterSirkSingleTimeShift (1 item(s)), ChapterYangMillsAbelianFockEsa (1 item(s))
17:28:47 chunk: 0 item(s) resolved in 0s
17:29:00 sync: read 341 definition publish job(s)
17:29:22 sync: read 5415 problem publish job(s)
17:29:22 summary: 144 done, 11 pending, 2 failed, 62 unsubmittable (source missing from this checkout) (1869 out-of-order orphans ignored)
17:29:22 waiting on unpublished def bundle(s): ChapterFiniteSectionSingleTime (1 item(s)), ChapterQgTimeStepping (1 item(s)), ChapterQgTruncationResolvent (2 item(s)), ChapterQgVielbeinModeInstance (1 item(s)), ChapterQymTimeIndependentFlow (1 item(s)), ChapterScalaronFiberFL (2 item(s)), ChapterScalaronOuterFockFL (1 item(s)), ChapterSirkSingleTimeShift (1 item(s)), ChapterYangMillsAbelianFockEsa (1 item(s))
17:29:22 chunk: 0 item(s) resolved in 0s
17:29:35 sync: read 341 definition publish job(s)
17:29:55 sync: read 5415 problem publish job(s)
17:29:55 summary: 144 done, 11 pending, 2 failed, 62 unsubmittable (source missing from this checkout) (1869 out-of-order orphans ignored)
17:29:55 waiting on unpublished def bundle(s): ChapterFiniteSectionSingleTime (1 item(s)), ChapterQgTimeStepping (1 item(s)), ChapterQgTruncationResolvent (2 item(s)), ChapterQgVielbeinModeInstance (1 item(s)), ChapterQymTimeIndependentFlow (1 item(s)), ChapterScalaronFiberFL (2 item(s)), ChapterScalaronOuterFockFL (1 item(s)), ChapterSirkSingleTimeShift (1 item(s)), ChapterYangMillsAbelianFockEsa (1 item(s))
17:29:55 chunk: 0 item(s) resolved in 0s
17:30:14 sync: read 341 definition publish job(s)
17:30:47 sync: read 5415 problem publish job(s)
17:30:47 summary: 144 done, 11 pending, 2 failed, 62 unsubmittable (source missing from this checkout) (1869 out-of-order orphans ignored)
17:30:47 waiting on unpublished def bundle(s): ChapterFiniteSectionSingleTime (1 item(s)), ChapterQgTimeStepping (1 item(s)), ChapterQgTruncationResolvent (2 item(s)), ChapterQgVielbeinModeInstance (1 item(s)), ChapterQymTimeIndependentFlow (1 item(s)), ChapterScalaronFiberFL (2 item(s)), ChapterScalaronOuterFockFL (1 item(s)), ChapterSirkSingleTimeShift (1 item(s)), ChapterYangMillsAbelianFockEsa (1 item(s))
17:30:47 chunk: 0 item(s) resolved in 0s
17:30:59 sync: read 341 definition publish job(s)
17:31:19 sync: read 5415 problem publish job(s)
17:31:19 summary: 144 done, 11 pending, 2 failed, 62 unsubmittable (source missing from this checkout) (1869 out-of-order orphans ignored)
17:31:19 waiting on unpublished def bundle(s): ChapterFiniteSectionSingleTime (1 item(s)), ChapterQgTimeStepping (1 item(s)), ChapterQgTruncationResolvent (2 item(s)), ChapterQgVielbeinModeInstance (1 item(s)), ChapterQymTimeIndependentFlow (1 item(s)), ChapterScalaronFiberFL (2 item(s)), ChapterScalaronOuterFockFL (1 item(s)), ChapterSirkSingleTimeShift (1 item(s)), ChapterYangMillsAbelianFockEsa (1 item(s))
17:31:19 chunk: 0 item(s) resolved in 0s
17:31:32 sync: read 341 definition publish job(s)
17:31:51 sync: read 5415 problem publish job(s)
17:31:51 summary: 144 done, 11 pending, 2 failed, 62 unsubmittable (source missing from this checkout) (1869 out-of-order orphans ignored)
17:31:51 waiting on unpublished def bundle(s): ChapterFiniteSectionSingleTime (1 item(s)), ChapterQgTimeStepping (1 item(s)), ChapterQgTruncationResolvent (2 item(s)), ChapterQgVielbeinModeInstance (1 item(s)), ChapterQymTimeIndependentFlow (1 item(s)), ChapterScalaronFiberFL (2 item(s)), ChapterScalaronOuterFockFL (1 item(s)), ChapterSirkSingleTimeShift (1 item(s)), ChapterYangMillsAbelianFockEsa (1 item(s))
17:31:51 chunk: 0 item(s) resolved in 0s
17:32:05 sync: read 341 definition publish job(s)
17:32:29 sync: read 5415 problem publish job(s)
17:32:29 summary: 144 done, 11 pending, 2 failed, 62 unsubmittable (source missing from this checkout) (1869 out-of-order orphans ignored)
17:32:29 waiting on unpublished def bundle(s): ChapterFiniteSectionSingleTime (1 item(s)), ChapterQgTimeStepping (1 item(s)), ChapterQgTruncationResolvent (2 item(s)), ChapterQgVielbeinModeInstance (1 item(s)), ChapterQymTimeIndependentFlow (1 item(s)), ChapterScalaronFiberFL (2 item(s)), ChapterScalaronOuterFockFL (1 item(s)), ChapterSirkSingleTimeShift (1 item(s)), ChapterYangMillsAbelianFockEsa (1 item(s))
17:32:29 chunk: 0 item(s) resolved in 0s
17:32:42 sync: read 341 definition publish job(s)
17:33:03 sync: read 5415 problem publish job(s)
17:33:03 summary: 144 done, 11 pending, 2 failed, 62 unsubmittable (source missing from this checkout) (1869 out-of-order orphans ignored)
17:33:03 waiting on unpublished def bundle(s): ChapterFiniteSectionSingleTime (1 item(s)), ChapterQgTimeStepping (1 item(s)), ChapterQgTruncationResolvent (2 item(s)), ChapterQgVielbeinModeInstance (1 item(s)), ChapterQymTimeIndependentFlow (1 item(s)), ChapterScalaronFiberFL (2 item(s)), ChapterScalaronOuterFockFL (1 item(s)), ChapterSirkSingleTimeShift (1 item(s)), ChapterYangMillsAbelianFockEsa (1 item(s))
17:33:03 chunk: 0 item(s) resolved in 0s
17:33:15 sync: read 341 definition publish job(s)
17:33:38 sync: read 5415 problem publish job(s)
17:33:38 summary: 144 done, 11 pending, 2 failed, 62 unsubmittable (source missing from this checkout) (1869 out-of-order orphans ignored)
17:33:38 waiting on unpublished def bundle(s): ChapterFiniteSectionSingleTime (1 item(s)), ChapterQgTimeStepping (1 item(s)), ChapterQgTruncationResolvent (2 item(s)), ChapterQgVielbeinModeInstance (1 item(s)), ChapterQymTimeIndependentFlow (1 item(s)), ChapterScalaronFiberFL (2 item(s)), ChapterScalaronOuterFockFL (1 item(s)), ChapterSirkSingleTimeShift (1 item(s)), ChapterYangMillsAbelianFockEsa (1 item(s))
17:33:38 chunk: 0 item(s) resolved in 0s
17:33:51 sync: read 341 definition publish job(s)
17:34:13 sync: read 5415 problem publish job(s)
17:34:13 summary: 144 done, 11 pending, 2 failed, 62 unsubmittable (source missing from this checkout) (1869 out-of-order orphans ignored)
17:34:13 waiting on unpublished def bundle(s): ChapterFiniteSectionSingleTime (1 item(s)), ChapterQgTimeStepping (1 item(s)), ChapterQgTruncationResolvent (2 item(s)), ChapterQgVielbeinModeInstance (1 item(s)), ChapterQymTimeIndependentFlow (1 item(s)), ChapterScalaronFiberFL (2 item(s)), ChapterScalaronOuterFockFL (1 item(s)), ChapterSirkSingleTimeShift (1 item(s)), ChapterYangMillsAbelianFockEsa (1 item(s))
17:34:13 chunk: 0 item(s) resolved in 0s
17:34:26 sync: read 341 definition publish job(s)
17:34:45 sync: read 5415 problem publish job(s)
17:34:45 summary: 144 done, 11 pending, 2 failed, 62 unsubmittable (source missing from this checkout) (1869 out-of-order orphans ignored)
17:34:45 waiting on unpublished def bundle(s): ChapterFiniteSectionSingleTime (1 item(s)), ChapterQgTimeStepping (1 item(s)), ChapterQgTruncationResolvent (2 item(s)), ChapterQgVielbeinModeInstance (1 item(s)), ChapterQymTimeIndependentFlow (1 item(s)), ChapterScalaronFiberFL (2 item(s)), ChapterScalaronOuterFockFL (1 item(s)), ChapterSirkSingleTimeShift (1 item(s)), ChapterYangMillsAbelianFockEsa (1 item(s))
17:34:45 chunk: 0 item(s) resolved in 0s
17:34:58 sync: read 341 definition publish job(s)
17:35:20 sync: read 5415 problem publish job(s)
17:35:20 summary: 144 done, 11 pending, 2 failed, 62 unsubmittable (source missing from this checkout) (1869 out-of-order orphans ignored)
17:35:20 waiting on unpublished def bundle(s): ChapterFiniteSectionSingleTime (1 item(s)), ChapterQgTimeStepping (1 item(s)), ChapterQgTruncationResolvent (2 item(s)), ChapterQgVielbeinModeInstance (1 item(s)), ChapterQymTimeIndependentFlow (1 item(s)), ChapterScalaronFiberFL (2 item(s)), ChapterScalaronOuterFockFL (1 item(s)), ChapterSirkSingleTimeShift (1 item(s)), ChapterYangMillsAbelianFockEsa (1 item(s))
17:35:20 chunk: 0 item(s) resolved in 0s
17:35:33 sync: read 341 definition publish job(s)
17:35:53 sync: read 5415 problem publish job(s)
17:35:53 summary: 144 done, 11 pending, 2 failed, 62 unsubmittable (source missing from this checkout) (1869 out-of-order orphans ignored)
17:35:53 waiting on unpublished def bundle(s): ChapterFiniteSectionSingleTime (1 item(s)), ChapterQgTimeStepping (1 item(s)), ChapterQgTruncationResolvent (2 item(s)), ChapterQgVielbeinModeInstance (1 item(s)), ChapterQymTimeIndependentFlow (1 item(s)), ChapterScalaronFiberFL (2 item(s)), ChapterScalaronOuterFockFL (1 item(s)), ChapterSirkSingleTimeShift (1 item(s)), ChapterYangMillsAbelianFockEsa (1 item(s))
17:35:53 chunk: 0 item(s) resolved in 0s
17:36:09 sync: read 341 definition publish job(s)
17:36:29 sync: read 5415 problem publish job(s)
17:36:29 summary: 144 done, 11 pending, 2 failed, 62 unsubmittable (source missing from this checkout) (1869 out-of-order orphans ignored)
17:36:29 waiting on unpublished def bundle(s): ChapterFiniteSectionSingleTime (1 item(s)), ChapterQgTimeStepping (1 item(s)), ChapterQgTruncationResolvent (2 item(s)), ChapterQgVielbeinModeInstance (1 item(s)), ChapterQymTimeIndependentFlow (1 item(s)), ChapterScalaronFiberFL (2 item(s)), ChapterScalaronOuterFockFL (1 item(s)), ChapterSirkSingleTimeShift (1 item(s)), ChapterYangMillsAbelianFockEsa (1 item(s))
17:36:29 chunk: 0 item(s) resolved in 0s
17:36:42 sync: read 341 definition publish job(s)
17:37:03 sync: read 5415 problem publish job(s)
17:37:03 summary: 144 done, 11 pending, 2 failed, 62 unsubmittable (source missing from this checkout) (1869 out-of-order orphans ignored)
17:37:03 waiting on unpublished def bundle(s): ChapterFiniteSectionSingleTime (1 item(s)), ChapterQgTimeStepping (1 item(s)), ChapterQgTruncationResolvent (2 item(s)), ChapterQgVielbeinModeInstance (1 item(s)), ChapterQymTimeIndependentFlow (1 item(s)), ChapterScalaronFiberFL (2 item(s)), ChapterScalaronOuterFockFL (1 item(s)), ChapterSirkSingleTimeShift (1 item(s)), ChapterYangMillsAbelianFockEsa (1 item(s))
17:37:03 chunk: 0 item(s) resolved in 0s
17:37:16 sync: read 341 definition publish job(s)
17:37:38 sync: read 5415 problem publish job(s)
17:37:38 summary: 144 done, 11 pending, 2 failed, 62 unsubmittable (source missing from this checkout) (1869 out-of-order orphans ignored)
17:37:38 waiting on unpublished def bundle(s): ChapterFiniteSectionSingleTime (1 item(s)), ChapterQgTimeStepping (1 item(s)), ChapterQgTruncationResolvent (2 item(s)), ChapterQgVielbeinModeInstance (1 item(s)), ChapterQymTimeIndependentFlow (1 item(s)), ChapterScalaronFiberFL (2 item(s)), ChapterScalaronOuterFockFL (1 item(s)), ChapterSirkSingleTimeShift (1 item(s)), ChapterYangMillsAbelianFockEsa (1 item(s))
17:37:38 chunk: 0 item(s) resolved in 0s
17:37:51 sync: read 341 definition publish job(s)
17:38:11 sync: read 5415 problem publish job(s)
17:38:11 summary: 144 done, 11 pending, 2 failed, 62 unsubmittable (source missing from this checkout) (1869 out-of-order orphans ignored)
17:38:11 waiting on unpublished def bundle(s): ChapterFiniteSectionSingleTime (1 item(s)), ChapterQgTimeStepping (1 item(s)), ChapterQgTruncationResolvent (2 item(s)), ChapterQgVielbeinModeInstance (1 item(s)), ChapterQymTimeIndependentFlow (1 item(s)), ChapterScalaronFiberFL (2 item(s)), ChapterScalaronOuterFockFL (1 item(s)), ChapterSirkSingleTimeShift (1 item(s)), ChapterYangMillsAbelianFockEsa (1 item(s))
17:38:11 chunk: 0 item(s) resolved in 0s
17:38:24 sync: read 341 definition publish job(s)
17:38:44 sync: read 5415 problem publish job(s)
17:38:44 summary: 144 done, 11 pending, 2 failed, 62 unsubmittable (source missing from this checkout) (1869 out-of-order orphans ignored)
17:38:44 waiting on unpublished def bundle(s): ChapterFiniteSectionSingleTime (1 item(s)), ChapterQgTimeStepping (1 item(s)), ChapterQgTruncationResolvent (2 item(s)), ChapterQgVielbeinModeInstance (1 item(s)), ChapterQymTimeIndependentFlow (1 item(s)), ChapterScalaronFiberFL (2 item(s)), ChapterScalaronOuterFockFL (1 item(s)), ChapterSirkSingleTimeShift (1 item(s)), ChapterYangMillsAbelianFockEsa (1 item(s))
17:38:44 chunk: 0 item(s) resolved in 0s
17:38:57 sync: read 341 definition publish job(s)
17:39:17 sync: read 5415 problem publish job(s)
17:39:17 summary: 144 done, 11 pending, 2 failed, 62 unsubmittable (source missing from this checkout) (1869 out-of-order orphans ignored)
17:39:17 waiting on unpublished def bundle(s): ChapterFiniteSectionSingleTime (1 item(s)), ChapterQgTimeStepping (1 item(s)), ChapterQgTruncationResolvent (2 item(s)), ChapterQgVielbeinModeInstance (1 item(s)), ChapterQymTimeIndependentFlow (1 item(s)), ChapterScalaronFiberFL (2 item(s)), ChapterScalaronOuterFockFL (1 item(s)), ChapterSirkSingleTimeShift (1 item(s)), ChapterYangMillsAbelianFockEsa (1 item(s))
17:39:17 chunk: 0 item(s) resolved in 0s
17:39:29 sync: read 341 definition publish job(s)
17:39:49 sync: read 5415 problem publish job(s)
17:39:49 summary: 144 done, 11 pending, 2 failed, 62 unsubmittable (source missing from this checkout) (1869 out-of-order orphans ignored)
17:39:49 waiting on unpublished def bundle(s): ChapterFiniteSectionSingleTime (1 item(s)), ChapterQgTimeStepping (1 item(s)), ChapterQgTruncationResolvent (2 item(s)), ChapterQgVielbeinModeInstance (1 item(s)), ChapterQymTimeIndependentFlow (1 item(s)), ChapterScalaronFiberFL (2 item(s)), ChapterScalaronOuterFockFL (1 item(s)), ChapterSirkSingleTimeShift (1 item(s)), ChapterYangMillsAbelianFockEsa (1 item(s))
17:39:49 chunk: 0 item(s) resolved in 0s
17:40:02 sync: read 341 definition publish job(s)
17:40:26 sync: read 5415 problem publish job(s)
17:40:26 summary: 144 done, 11 pending, 2 failed, 62 unsubmittable (source missing from this checkout) (1869 out-of-order orphans ignored)
17:40:26 waiting on unpublished def bundle(s): ChapterFiniteSectionSingleTime (1 item(s)), ChapterQgTimeStepping (1 item(s)), ChapterQgTruncationResolvent (2 item(s)), ChapterQgVielbeinModeInstance (1 item(s)), ChapterQymTimeIndependentFlow (1 item(s)), ChapterScalaronFiberFL (2 item(s)), ChapterScalaronOuterFockFL (1 item(s)), ChapterSirkSingleTimeShift (1 item(s)), ChapterYangMillsAbelianFockEsa (1 item(s))
17:40:26 chunk: 0 item(s) resolved in 0s
17:40:40 sync: read 341 definition publish job(s)
17:41:05 sync: read 5415 problem publish job(s)
17:41:05 summary: 144 done, 11 pending, 2 failed, 62 unsubmittable (source missing from this checkout) (1869 out-of-order orphans ignored)
17:41:05 waiting on unpublished def bundle(s): ChapterFiniteSectionSingleTime (1 item(s)), ChapterQgTimeStepping (1 item(s)), ChapterQgTruncationResolvent (2 item(s)), ChapterQgVielbeinModeInstance (1 item(s)), ChapterQymTimeIndependentFlow (1 item(s)), ChapterScalaronFiberFL (2 item(s)), ChapterScalaronOuterFockFL (1 item(s)), ChapterSirkSingleTimeShift (1 item(s)), ChapterYangMillsAbelianFockEsa (1 item(s))
17:41:05 chunk: 0 item(s) resolved in 0s
17:41:18 sync: read 341 definition publish job(s)
17:41:42 sync: read 5415 problem publish job(s)
17:41:42 summary: 144 done, 11 pending, 2 failed, 62 unsubmittable (source missing from this checkout) (1869 out-of-order orphans ignored)
17:41:42 waiting on unpublished def bundle(s): ChapterFiniteSectionSingleTime (1 item(s)), ChapterQgTimeStepping (1 item(s)), ChapterQgTruncationResolvent (2 item(s)), ChapterQgVielbeinModeInstance (1 item(s)), ChapterQymTimeIndependentFlow (1 item(s)), ChapterScalaronFiberFL (2 item(s)), ChapterScalaronOuterFockFL (1 item(s)), ChapterSirkSingleTimeShift (1 item(s)), ChapterYangMillsAbelianFockEsa (1 item(s))
17:41:42 chunk: 0 item(s) resolved in 0s
17:41:55 sync: read 341 definition publish job(s)
17:42:16 sync: read 5415 problem publish job(s)
17:42:16 summary: 144 done, 11 pending, 2 failed, 62 unsubmittable (source missing from this checkout) (1869 out-of-order orphans ignored)
17:42:16 waiting on unpublished def bundle(s): ChapterFiniteSectionSingleTime (1 item(s)), ChapterQgTimeStepping (1 item(s)), ChapterQgTruncationResolvent (2 item(s)), ChapterQgVielbeinModeInstance (1 item(s)), ChapterQymTimeIndependentFlow (1 item(s)), ChapterScalaronFiberFL (2 item(s)), ChapterScalaronOuterFockFL (1 item(s)), ChapterSirkSingleTimeShift (1 item(s)), ChapterYangMillsAbelianFockEsa (1 item(s))
17:42:16 chunk: 0 item(s) resolved in 0s
17:42:28 sync: read 341 definition publish job(s)
17:42:50 sync: read 5415 problem publish job(s)
17:42:50 summary: 144 done, 11 pending, 2 failed, 62 unsubmittable (source missing from this checkout) (1869 out-of-order orphans ignored)
17:42:50 waiting on unpublished def bundle(s): ChapterFiniteSectionSingleTime (1 item(s)), ChapterQgTimeStepping (1 item(s)), ChapterQgTruncationResolvent (2 item(s)), ChapterQgVielbeinModeInstance (1 item(s)), ChapterQymTimeIndependentFlow (1 item(s)), ChapterScalaronFiberFL (2 item(s)), ChapterScalaronOuterFockFL (1 item(s)), ChapterSirkSingleTimeShift (1 item(s)), ChapterYangMillsAbelianFockEsa (1 item(s))
17:42:50 chunk: 0 item(s) resolved in 0s
17:43:04 sync: read 341 definition publish job(s)
17:43:26 sync: read 5415 problem publish job(s)
17:43:26 summary: 144 done, 11 pending, 2 failed, 62 unsubmittable (source missing from this checkout) (1869 out-of-order orphans ignored)
17:43:26 waiting on unpublished def bundle(s): ChapterFiniteSectionSingleTime (1 item(s)), ChapterQgTimeStepping (1 item(s)), ChapterQgTruncationResolvent (2 item(s)), ChapterQgVielbeinModeInstance (1 item(s)), ChapterQymTimeIndependentFlow (1 item(s)), ChapterScalaronFiberFL (2 item(s)), ChapterScalaronOuterFockFL (1 item(s)), ChapterSirkSingleTimeShift (1 item(s)), ChapterYangMillsAbelianFockEsa (1 item(s))
17:43:26 chunk: 0 item(s) resolved in 0s
17:43:39 sync: read 341 definition publish job(s)
17:43:58 sync: read 5415 problem publish job(s)
17:43:58 summary: 144 done, 11 pending, 2 failed, 62 unsubmittable (source missing from this checkout) (1869 out-of-order orphans ignored)
17:43:58 waiting on unpublished def bundle(s): ChapterFiniteSectionSingleTime (1 item(s)), ChapterQgTimeStepping (1 item(s)), ChapterQgTruncationResolvent (2 item(s)), ChapterQgVielbeinModeInstance (1 item(s)), ChapterQymTimeIndependentFlow (1 item(s)), ChapterScalaronFiberFL (2 item(s)), ChapterScalaronOuterFockFL (1 item(s)), ChapterSirkSingleTimeShift (1 item(s)), ChapterYangMillsAbelianFockEsa (1 item(s))
17:43:58 chunk: 0 item(s) resolved in 0s
17:44:12 sync: read 341 definition publish job(s)
17:44:32 sync: read 5415 problem publish job(s)
17:44:32 summary: 144 done, 11 pending, 2 failed, 62 unsubmittable (source missing from this checkout) (1869 out-of-order orphans ignored)
17:44:32 waiting on unpublished def bundle(s): ChapterFiniteSectionSingleTime (1 item(s)), ChapterQgTimeStepping (1 item(s)), ChapterQgTruncationResolvent (2 item(s)), ChapterQgVielbeinModeInstance (1 item(s)), ChapterQymTimeIndependentFlow (1 item(s)), ChapterScalaronFiberFL (2 item(s)), ChapterScalaronOuterFockFL (1 item(s)), ChapterSirkSingleTimeShift (1 item(s)), ChapterYangMillsAbelianFockEsa (1 item(s))
17:44:32 chunk: 0 item(s) resolved in 0s
17:44:45 sync: read 341 definition publish job(s)
17:45:08 sync: read 5415 problem publish job(s)
17:45:08 summary: 144 done, 11 pending, 2 failed, 62 unsubmittable (source missing from this checkout) (1869 out-of-order orphans ignored)
17:45:08 waiting on unpublished def bundle(s): ChapterFiniteSectionSingleTime (1 item(s)), ChapterQgTimeStepping (1 item(s)), ChapterQgTruncationResolvent (2 item(s)), ChapterQgVielbeinModeInstance (1 item(s)), ChapterQymTimeIndependentFlow (1 item(s)), ChapterScalaronFiberFL (2 item(s)), ChapterScalaronOuterFockFL (1 item(s)), ChapterSirkSingleTimeShift (1 item(s)), ChapterYangMillsAbelianFockEsa (1 item(s))
17:45:08 chunk: 0 item(s) resolved in 0s
17:45:22 sync: read 341 definition publish job(s)
17:45:48 sync: read 5415 problem publish job(s)
17:45:48 summary: 144 done, 11 pending, 2 failed, 62 unsubmittable (source missing from this checkout) (1869 out-of-order orphans ignored)
17:45:48 waiting on unpublished def bundle(s): ChapterFiniteSectionSingleTime (1 item(s)), ChapterQgTimeStepping (1 item(s)), ChapterQgTruncationResolvent (2 item(s)), ChapterQgVielbeinModeInstance (1 item(s)), ChapterQymTimeIndependentFlow (1 item(s)), ChapterScalaronFiberFL (2 item(s)), ChapterScalaronOuterFockFL (1 item(s)), ChapterSirkSingleTimeShift (1 item(s)), ChapterYangMillsAbelianFockEsa (1 item(s))
17:45:48 chunk: 0 item(s) resolved in 0s
17:46:02 sync: read 341 definition publish job(s)
17:46:25 sync: read 5415 problem publish job(s)
17:46:25 summary: 144 done, 11 pending, 2 failed, 62 unsubmittable (source missing from this checkout) (1869 out-of-order orphans ignored)
17:46:25 waiting on unpublished def bundle(s): ChapterFiniteSectionSingleTime (1 item(s)), ChapterQgTimeStepping (1 item(s)), ChapterQgTruncationResolvent (2 item(s)), ChapterQgVielbeinModeInstance (1 item(s)), ChapterQymTimeIndependentFlow (1 item(s)), ChapterScalaronFiberFL (2 item(s)), ChapterScalaronOuterFockFL (1 item(s)), ChapterSirkSingleTimeShift (1 item(s)), ChapterYangMillsAbelianFockEsa (1 item(s))
17:46:25 chunk: 0 item(s) resolved in 0s
17:46:37 sync: read 341 definition publish job(s)
17:46:57 sync: read 5415 problem publish job(s)
17:46:57 summary: 144 done, 11 pending, 2 failed, 62 unsubmittable (source missing from this checkout) (1869 out-of-order orphans ignored)
17:46:57 waiting on unpublished def bundle(s): ChapterFiniteSectionSingleTime (1 item(s)), ChapterQgTimeStepping (1 item(s)), ChapterQgTruncationResolvent (2 item(s)), ChapterQgVielbeinModeInstance (1 item(s)), ChapterQymTimeIndependentFlow (1 item(s)), ChapterScalaronFiberFL (2 item(s)), ChapterScalaronOuterFockFL (1 item(s)), ChapterSirkSingleTimeShift (1 item(s)), ChapterYangMillsAbelianFockEsa (1 item(s))
17:46:57 chunk: 0 item(s) resolved in 0s
17:47:10 sync: read 341 definition publish job(s)
17:47:29 sync: read 5415 problem publish job(s)
17:47:29 summary: 144 done, 11 pending, 2 failed, 62 unsubmittable (source missing from this checkout) (1869 out-of-order orphans ignored)
17:47:29 waiting on unpublished def bundle(s): ChapterFiniteSectionSingleTime (1 item(s)), ChapterQgTimeStepping (1 item(s)), ChapterQgTruncationResolvent (2 item(s)), ChapterQgVielbeinModeInstance (1 item(s)), ChapterQymTimeIndependentFlow (1 item(s)), ChapterScalaronFiberFL (2 item(s)), ChapterScalaronOuterFockFL (1 item(s)), ChapterSirkSingleTimeShift (1 item(s)), ChapterYangMillsAbelianFockEsa (1 item(s))
17:47:29 chunk: 0 item(s) resolved in 0s
17:47:42 sync: read 341 definition publish job(s)
17:48:04 sync: read 5415 problem publish job(s)
17:48:04 summary: 144 done, 11 pending, 2 failed, 62 unsubmittable (source missing from this checkout) (1869 out-of-order orphans ignored)
17:48:04 waiting on unpublished def bundle(s): ChapterFiniteSectionSingleTime (1 item(s)), ChapterQgTimeStepping (1 item(s)), ChapterQgTruncationResolvent (2 item(s)), ChapterQgVielbeinModeInstance (1 item(s)), ChapterQymTimeIndependentFlow (1 item(s)), ChapterScalaronFiberFL (2 item(s)), ChapterScalaronOuterFockFL (1 item(s)), ChapterSirkSingleTimeShift (1 item(s)), ChapterYangMillsAbelianFockEsa (1 item(s))
17:48:04 chunk: 0 item(s) resolved in 0s
17:48:17 sync: read 341 definition publish job(s)
17:48:39 sync: read 5415 problem publish job(s)
17:48:39 summary: 144 done, 11 pending, 2 failed, 62 unsubmittable (source missing from this checkout) (1869 out-of-order orphans ignored)
17:48:39 waiting on unpublished def bundle(s): ChapterFiniteSectionSingleTime (1 item(s)), ChapterQgTimeStepping (1 item(s)), ChapterQgTruncationResolvent (2 item(s)), ChapterQgVielbeinModeInstance (1 item(s)), ChapterQymTimeIndependentFlow (1 item(s)), ChapterScalaronFiberFL (2 item(s)), ChapterScalaronOuterFockFL (1 item(s)), ChapterSirkSingleTimeShift (1 item(s)), ChapterYangMillsAbelianFockEsa (1 item(s))
17:48:39 chunk: 0 item(s) resolved in 0s
17:48:52 sync: read 341 definition publish job(s)
17:49:13 sync: read 5415 problem publish job(s)
17:49:13 summary: 144 done, 11 pending, 2 failed, 62 unsubmittable (source missing from this checkout) (1869 out-of-order orphans ignored)
17:49:13 waiting on unpublished def bundle(s): ChapterFiniteSectionSingleTime (1 item(s)), ChapterQgTimeStepping (1 item(s)), ChapterQgTruncationResolvent (2 item(s)), ChapterQgVielbeinModeInstance (1 item(s)), ChapterQymTimeIndependentFlow (1 item(s)), ChapterScalaronFiberFL (2 item(s)), ChapterScalaronOuterFockFL (1 item(s)), ChapterSirkSingleTimeShift (1 item(s)), ChapterYangMillsAbelianFockEsa (1 item(s))
17:49:13 chunk: 0 item(s) resolved in 0s
17:49:26 sync: read 341 definition publish job(s)
17:49:47 sync: read 5415 problem publish job(s)
17:49:47 summary: 144 done, 11 pending, 2 failed, 62 unsubmittable (source missing from this checkout) (1869 out-of-order orphans ignored)
17:49:47 waiting on unpublished def bundle(s): ChapterFiniteSectionSingleTime (1 item(s)), ChapterQgTimeStepping (1 item(s)), ChapterQgTruncationResolvent (2 item(s)), ChapterQgVielbeinModeInstance (1 item(s)), ChapterQymTimeIndependentFlow (1 item(s)), ChapterScalaronFiberFL (2 item(s)), ChapterScalaronOuterFockFL (1 item(s)), ChapterSirkSingleTimeShift (1 item(s)), ChapterYangMillsAbelianFockEsa (1 item(s))
17:49:47 chunk: 0 item(s) resolved in 0s
17:50:00 sync: read 341 definition publish job(s)
17:50:22 sync: read 5415 problem publish job(s)
17:50:22 summary: 144 done, 11 pending, 2 failed, 62 unsubmittable (source missing from this checkout) (1869 out-of-order orphans ignored)
17:50:22 waiting on unpublished def bundle(s): ChapterFiniteSectionSingleTime (1 item(s)), ChapterQgTimeStepping (1 item(s)), ChapterQgTruncationResolvent (2 item(s)), ChapterQgVielbeinModeInstance (1 item(s)), ChapterQymTimeIndependentFlow (1 item(s)), ChapterScalaronFiberFL (2 item(s)), ChapterScalaronOuterFockFL (1 item(s)), ChapterSirkSingleTimeShift (1 item(s)), ChapterYangMillsAbelianFockEsa (1 item(s))
17:50:22 chunk: 0 item(s) resolved in 0s
17:50:36 sync: read 341 definition publish job(s)
17:50:56 sync: read 5415 problem publish job(s)
17:50:56 summary: 144 done, 11 pending, 2 failed, 62 unsubmittable (source missing from this checkout) (1869 out-of-order orphans ignored)
17:50:56 waiting on unpublished def bundle(s): ChapterFiniteSectionSingleTime (1 item(s)), ChapterQgTimeStepping (1 item(s)), ChapterQgTruncationResolvent (2 item(s)), ChapterQgVielbeinModeInstance (1 item(s)), ChapterQymTimeIndependentFlow (1 item(s)), ChapterScalaronFiberFL (2 item(s)), ChapterScalaronOuterFockFL (1 item(s)), ChapterSirkSingleTimeShift (1 item(s)), ChapterYangMillsAbelianFockEsa (1 item(s))
17:50:56 chunk: 0 item(s) resolved in 0s
17:51:10 sync: read 341 definition publish job(s)
17:51:29 sync: read 5415 problem publish job(s)
17:51:29 summary: 144 done, 11 pending, 2 failed, 62 unsubmittable (source missing from this checkout) (1869 out-of-order orphans ignored)
17:51:29 waiting on unpublished def bundle(s): ChapterFiniteSectionSingleTime (1 item(s)), ChapterQgTimeStepping (1 item(s)), ChapterQgTruncationResolvent (2 item(s)), ChapterQgVielbeinModeInstance (1 item(s)), ChapterQymTimeIndependentFlow (1 item(s)), ChapterScalaronFiberFL (2 item(s)), ChapterScalaronOuterFockFL (1 item(s)), ChapterSirkSingleTimeShift (1 item(s)), ChapterYangMillsAbelianFockEsa (1 item(s))
17:51:29 chunk: 0 item(s) resolved in 0s
17:51:43 sync: read 341 definition publish job(s)
17:52:02 sync: read 5415 problem publish job(s)
17:52:02 summary: 144 done, 11 pending, 2 failed, 62 unsubmittable (source missing from this checkout) (1869 out-of-order orphans ignored)
17:52:02 waiting on unpublished def bundle(s): ChapterFiniteSectionSingleTime (1 item(s)), ChapterQgTimeStepping (1 item(s)), ChapterQgTruncationResolvent (2 item(s)), ChapterQgVielbeinModeInstance (1 item(s)), ChapterQymTimeIndependentFlow (1 item(s)), ChapterScalaronFiberFL (2 item(s)), ChapterScalaronOuterFockFL (1 item(s)), ChapterSirkSingleTimeShift (1 item(s)), ChapterYangMillsAbelianFockEsa (1 item(s))
17:52:02 chunk: 0 item(s) resolved in 0s
17:52:15 sync: read 341 definition publish job(s)
17:52:36 sync: read 5415 problem publish job(s)
17:52:36 summary: 144 done, 11 pending, 2 failed, 62 unsubmittable (source missing from this checkout) (1869 out-of-order orphans ignored)
17:52:36 waiting on unpublished def bundle(s): ChapterFiniteSectionSingleTime (1 item(s)), ChapterQgTimeStepping (1 item(s)), ChapterQgTruncationResolvent (2 item(s)), ChapterQgVielbeinModeInstance (1 item(s)), ChapterQymTimeIndependentFlow (1 item(s)), ChapterScalaronFiberFL (2 item(s)), ChapterScalaronOuterFockFL (1 item(s)), ChapterSirkSingleTimeShift (1 item(s)), ChapterYangMillsAbelianFockEsa (1 item(s))
17:52:36 chunk: 0 item(s) resolved in 0s
17:52:50 sync: read 341 definition publish job(s)
17:53:11 sync: read 5415 problem publish job(s)
17:53:11 summary: 144 done, 11 pending, 2 failed, 62 unsubmittable (source missing from this checkout) (1869 out-of-order orphans ignored)
17:53:11 waiting on unpublished def bundle(s): ChapterFiniteSectionSingleTime (1 item(s)), ChapterQgTimeStepping (1 item(s)), ChapterQgTruncationResolvent (2 item(s)), ChapterQgVielbeinModeInstance (1 item(s)), ChapterQymTimeIndependentFlow (1 item(s)), ChapterScalaronFiberFL (2 item(s)), ChapterScalaronOuterFockFL (1 item(s)), ChapterSirkSingleTimeShift (1 item(s)), ChapterYangMillsAbelianFockEsa (1 item(s))
17:53:11 chunk: 0 item(s) resolved in 0s
17:53:24 sync: read 341 definition publish job(s)
17:53:45 sync: read 5415 problem publish job(s)
17:53:45 summary: 144 done, 11 pending, 2 failed, 62 unsubmittable (source missing from this checkout) (1869 out-of-order orphans ignored)
17:53:45 waiting on unpublished def bundle(s): ChapterFiniteSectionSingleTime (1 item(s)), ChapterQgTimeStepping (1 item(s)), ChapterQgTruncationResolvent (2 item(s)), ChapterQgVielbeinModeInstance (1 item(s)), ChapterQymTimeIndependentFlow (1 item(s)), ChapterScalaronFiberFL (2 item(s)), ChapterScalaronOuterFockFL (1 item(s)), ChapterSirkSingleTimeShift (1 item(s)), ChapterYangMillsAbelianFockEsa (1 item(s))
17:53:45 chunk: 0 item(s) resolved in 0s
17:53:57 sync: read 341 definition publish job(s)
17:54:18 sync: read 5415 problem publish job(s)
17:54:18 summary: 144 done, 11 pending, 2 failed, 62 unsubmittable (source missing from this checkout) (1869 out-of-order orphans ignored)
17:54:18 waiting on unpublished def bundle(s): ChapterFiniteSectionSingleTime (1 item(s)), ChapterQgTimeStepping (1 item(s)), ChapterQgTruncationResolvent (2 item(s)), ChapterQgVielbeinModeInstance (1 item(s)), ChapterQymTimeIndependentFlow (1 item(s)), ChapterScalaronFiberFL (2 item(s)), ChapterScalaronOuterFockFL (1 item(s)), ChapterSirkSingleTimeShift (1 item(s)), ChapterYangMillsAbelianFockEsa (1 item(s))
17:54:18 chunk: 0 item(s) resolved in 0s
17:54:32 sync: read 341 definition publish job(s)
17:54:55 sync: read 5415 problem publish job(s)
17:54:55 summary: 144 done, 11 pending, 2 failed, 62 unsubmittable (source missing from this checkout) (1869 out-of-order orphans ignored)
17:54:55 waiting on unpublished def bundle(s): ChapterFiniteSectionSingleTime (1 item(s)), ChapterQgTimeStepping (1 item(s)), ChapterQgTruncationResolvent (2 item(s)), ChapterQgVielbeinModeInstance (1 item(s)), ChapterQymTimeIndependentFlow (1 item(s)), ChapterScalaronFiberFL (2 item(s)), ChapterScalaronOuterFockFL (1 item(s)), ChapterSirkSingleTimeShift (1 item(s)), ChapterYangMillsAbelianFockEsa (1 item(s))
17:54:55 chunk: 0 item(s) resolved in 0s
17:55:09 sync: read 341 definition publish job(s)
17:55:31 sync: read 5415 problem publish job(s)
17:55:31 summary: 144 done, 11 pending, 2 failed, 62 unsubmittable (source missing from this checkout) (1869 out-of-order orphans ignored)
17:55:31 waiting on unpublished def bundle(s): ChapterFiniteSectionSingleTime (1 item(s)), ChapterQgTimeStepping (1 item(s)), ChapterQgTruncationResolvent (2 item(s)), ChapterQgVielbeinModeInstance (1 item(s)), ChapterQymTimeIndependentFlow (1 item(s)), ChapterScalaronFiberFL (2 item(s)), ChapterScalaronOuterFockFL (1 item(s)), ChapterSirkSingleTimeShift (1 item(s)), ChapterYangMillsAbelianFockEsa (1 item(s))
17:55:31 chunk: 0 item(s) resolved in 0s
17:55:44 sync: read 341 definition publish job(s)
17:56:04 sync: read 5415 problem publish job(s)
17:56:04 summary: 144 done, 11 pending, 2 failed, 62 unsubmittable (source missing from this checkout) (1869 out-of-order orphans ignored)
17:56:04 waiting on unpublished def bundle(s): ChapterFiniteSectionSingleTime (1 item(s)), ChapterQgTimeStepping (1 item(s)), ChapterQgTruncationResolvent (2 item(s)), ChapterQgVielbeinModeInstance (1 item(s)), ChapterQymTimeIndependentFlow (1 item(s)), ChapterScalaronFiberFL (2 item(s)), ChapterScalaronOuterFockFL (1 item(s)), ChapterSirkSingleTimeShift (1 item(s)), ChapterYangMillsAbelianFockEsa (1 item(s))
17:56:04 chunk: 0 item(s) resolved in 0s
17:56:17 sync: read 341 definition publish job(s)
17:56:38 sync: read 5415 problem publish job(s)
17:56:38 summary: 144 done, 11 pending, 2 failed, 62 unsubmittable (source missing from this checkout) (1869 out-of-order orphans ignored)
17:56:38 waiting on unpublished def bundle(s): ChapterFiniteSectionSingleTime (1 item(s)), ChapterQgTimeStepping (1 item(s)), ChapterQgTruncationResolvent (2 item(s)), ChapterQgVielbeinModeInstance (1 item(s)), ChapterQymTimeIndependentFlow (1 item(s)), ChapterScalaronFiberFL (2 item(s)), ChapterScalaronOuterFockFL (1 item(s)), ChapterSirkSingleTimeShift (1 item(s)), ChapterYangMillsAbelianFockEsa (1 item(s))
17:56:38 chunk: 0 item(s) resolved in 0s
17:56:52 sync: read 341 definition publish job(s)
17:57:12 sync: read 5415 problem publish job(s)
17:57:12 summary: 144 done, 11 pending, 2 failed, 62 unsubmittable (source missing from this checkout) (1869 out-of-order orphans ignored)
17:57:12 waiting on unpublished def bundle(s): ChapterFiniteSectionSingleTime (1 item(s)), ChapterQgTimeStepping (1 item(s)), ChapterQgTruncationResolvent (2 item(s)), ChapterQgVielbeinModeInstance (1 item(s)), ChapterQymTimeIndependentFlow (1 item(s)), ChapterScalaronFiberFL (2 item(s)), ChapterScalaronOuterFockFL (1 item(s)), ChapterSirkSingleTimeShift (1 item(s)), ChapterYangMillsAbelianFockEsa (1 item(s))
17:57:12 chunk: 0 item(s) resolved in 0s
17:57:26 sync: read 341 definition publish job(s)
17:57:49 sync: read 5415 problem publish job(s)
17:57:49 summary: 144 done, 11 pending, 2 failed, 62 unsubmittable (source missing from this checkout) (1869 out-of-order orphans ignored)
17:57:49 waiting on unpublished def bundle(s): ChapterFiniteSectionSingleTime (1 item(s)), ChapterQgTimeStepping (1 item(s)), ChapterQgTruncationResolvent (2 item(s)), ChapterQgVielbeinModeInstance (1 item(s)), ChapterQymTimeIndependentFlow (1 item(s)), ChapterScalaronFiberFL (2 item(s)), ChapterScalaronOuterFockFL (1 item(s)), ChapterSirkSingleTimeShift (1 item(s)), ChapterYangMillsAbelianFockEsa (1 item(s))
17:57:49 chunk: 0 item(s) resolved in 0s
17:58:03 sync: read 341 definition publish job(s)
17:58:26 sync: read 5415 problem publish job(s)
17:58:26 summary: 144 done, 11 pending, 2 failed, 62 unsubmittable (source missing from this checkout) (1869 out-of-order orphans ignored)
17:58:26 waiting on unpublished def bundle(s): ChapterFiniteSectionSingleTime (1 item(s)), ChapterQgTimeStepping (1 item(s)), ChapterQgTruncationResolvent (2 item(s)), ChapterQgVielbeinModeInstance (1 item(s)), ChapterQymTimeIndependentFlow (1 item(s)), ChapterScalaronFiberFL (2 item(s)), ChapterScalaronOuterFockFL (1 item(s)), ChapterSirkSingleTimeShift (1 item(s)), ChapterYangMillsAbelianFockEsa (1 item(s))
17:58:26 chunk: 0 item(s) resolved in 0s
17:58:41 sync: read 341 definition publish job(s)
17:59:02 sync: read 5415 problem publish job(s)
17:59:02 summary: 144 done, 11 pending, 2 failed, 62 unsubmittable (source missing from this checkout) (1869 out-of-order orphans ignored)
17:59:02 waiting on unpublished def bundle(s): ChapterFiniteSectionSingleTime (1 item(s)), ChapterQgTimeStepping (1 item(s)), ChapterQgTruncationResolvent (2 item(s)), ChapterQgVielbeinModeInstance (1 item(s)), ChapterQymTimeIndependentFlow (1 item(s)), ChapterScalaronFiberFL (2 item(s)), ChapterScalaronOuterFockFL (1 item(s)), ChapterSirkSingleTimeShift (1 item(s)), ChapterYangMillsAbelianFockEsa (1 item(s))
17:59:02 chunk: 0 item(s) resolved in 0s
17:59:15 sync: read 341 definition publish job(s)
17:59:34 sync: read 5415 problem publish job(s)
17:59:34 summary: 144 done, 11 pending, 2 failed, 62 unsubmittable (source missing from this checkout) (1869 out-of-order orphans ignored)
17:59:34 waiting on unpublished def bundle(s): ChapterFiniteSectionSingleTime (1 item(s)), ChapterQgTimeStepping (1 item(s)), ChapterQgTruncationResolvent (2 item(s)), ChapterQgVielbeinModeInstance (1 item(s)), ChapterQymTimeIndependentFlow (1 item(s)), ChapterScalaronFiberFL (2 item(s)), ChapterScalaronOuterFockFL (1 item(s)), ChapterSirkSingleTimeShift (1 item(s)), ChapterYangMillsAbelianFockEsa (1 item(s))
17:59:34 chunk: 0 item(s) resolved in 0s
17:59:47 sync: read 341 definition publish job(s)
18:00:08 sync: read 5415 problem publish job(s)
18:00:08 summary: 144 done, 11 pending, 2 failed, 62 unsubmittable (source missing from this checkout) (1869 out-of-order orphans ignored)
18:00:08 waiting on unpublished def bundle(s): ChapterFiniteSectionSingleTime (1 item(s)), ChapterQgTimeStepping (1 item(s)), ChapterQgTruncationResolvent (2 item(s)), ChapterQgVielbeinModeInstance (1 item(s)), ChapterQymTimeIndependentFlow (1 item(s)), ChapterScalaronFiberFL (2 item(s)), ChapterScalaronOuterFockFL (1 item(s)), ChapterSirkSingleTimeShift (1 item(s)), ChapterYangMillsAbelianFockEsa (1 item(s))
18:00:08 chunk: 0 item(s) resolved in 0s
18:00:22 sync: read 341 definition publish job(s)
18:01:17 sync: read 5415 problem publish job(s)
18:01:17 summary: 144 done, 11 pending, 2 failed, 62 unsubmittable (source missing from this checkout) (1869 out-of-order orphans ignored)
18:01:17 waiting on unpublished def bundle(s): ChapterFiniteSectionSingleTime (1 item(s)), ChapterQgTimeStepping (1 item(s)), ChapterQgTruncationResolvent (2 item(s)), ChapterQgVielbeinModeInstance (1 item(s)), ChapterQymTimeIndependentFlow (1 item(s)), ChapterScalaronFiberFL (2 item(s)), ChapterScalaronOuterFockFL (1 item(s)), ChapterSirkSingleTimeShift (1 item(s)), ChapterYangMillsAbelianFockEsa (1 item(s))
18:01:17 chunk: 0 item(s) resolved in 0s
18:01:31 sync: read 341 definition publish job(s)
18:02:08 sync: read 5415 problem publish job(s)
18:02:08 summary: 144 done, 11 pending, 2 failed, 62 unsubmittable (source missing from this checkout) (1869 out-of-order orphans ignored)
18:02:08 waiting on unpublished def bundle(s): ChapterFiniteSectionSingleTime (1 item(s)), ChapterQgTimeStepping (1 item(s)), ChapterQgTruncationResolvent (2 item(s)), ChapterQgVielbeinModeInstance (1 item(s)), ChapterQymTimeIndependentFlow (1 item(s)), ChapterScalaronFiberFL (2 item(s)), ChapterScalaronOuterFockFL (1 item(s)), ChapterSirkSingleTimeShift (1 item(s)), ChapterYangMillsAbelianFockEsa (1 item(s))
18:02:08 chunk: 0 item(s) resolved in 0s
18:02:21 sync: read 341 definition publish job(s)
18:02:45 sync: read 5415 problem publish job(s)
18:02:45 summary: 144 done, 11 pending, 2 failed, 62 unsubmittable (source missing from this checkout) (1869 out-of-order orphans ignored)
18:02:45 waiting on unpublished def bundle(s): ChapterFiniteSectionSingleTime (1 item(s)), ChapterQgTimeStepping (1 item(s)), ChapterQgTruncationResolvent (2 item(s)), ChapterQgVielbeinModeInstance (1 item(s)), ChapterQymTimeIndependentFlow (1 item(s)), ChapterScalaronFiberFL (2 item(s)), ChapterScalaronOuterFockFL (1 item(s)), ChapterSirkSingleTimeShift (1 item(s)), ChapterYangMillsAbelianFockEsa (1 item(s))
18:02:45 chunk: 0 item(s) resolved in 0s
18:02:57 sync: read 341 definition publish job(s)
18:03:18 sync: read 5415 problem publish job(s)
18:03:18 summary: 144 done, 11 pending, 2 failed, 62 unsubmittable (source missing from this checkout) (1869 out-of-order orphans ignored)
18:03:18 waiting on unpublished def bundle(s): ChapterFiniteSectionSingleTime (1 item(s)), ChapterQgTimeStepping (1 item(s)), ChapterQgTruncationResolvent (2 item(s)), ChapterQgVielbeinModeInstance (1 item(s)), ChapterQymTimeIndependentFlow (1 item(s)), ChapterScalaronFiberFL (2 item(s)), ChapterScalaronOuterFockFL (1 item(s)), ChapterSirkSingleTimeShift (1 item(s)), ChapterYangMillsAbelianFockEsa (1 item(s))
18:03:18 chunk: 0 item(s) resolved in 0s
18:03:31 sync: read 341 definition publish job(s)
18:03:51 sync: read 5415 problem publish job(s)
18:03:51 summary: 144 done, 11 pending, 2 failed, 62 unsubmittable (source missing from this checkout) (1869 out-of-order orphans ignored)
18:03:51 waiting on unpublished def bundle(s): ChapterFiniteSectionSingleTime (1 item(s)), ChapterQgTimeStepping (1 item(s)), ChapterQgTruncationResolvent (2 item(s)), ChapterQgVielbeinModeInstance (1 item(s)), ChapterQymTimeIndependentFlow (1 item(s)), ChapterScalaronFiberFL (2 item(s)), ChapterScalaronOuterFockFL (1 item(s)), ChapterSirkSingleTimeShift (1 item(s)), ChapterYangMillsAbelianFockEsa (1 item(s))
18:03:51 chunk: 0 item(s) resolved in 0s
18:04:04 sync: read 341 definition publish job(s)
18:04:25 sync: read 5415 problem publish job(s)
18:04:25 summary: 144 done, 11 pending, 2 failed, 62 unsubmittable (source missing from this checkout) (1869 out-of-order orphans ignored)
18:04:25 waiting on unpublished def bundle(s): ChapterFiniteSectionSingleTime (1 item(s)), ChapterQgTimeStepping (1 item(s)), ChapterQgTruncationResolvent (2 item(s)), ChapterQgVielbeinModeInstance (1 item(s)), ChapterQymTimeIndependentFlow (1 item(s)), ChapterScalaronFiberFL (2 item(s)), ChapterScalaronOuterFockFL (1 item(s)), ChapterSirkSingleTimeShift (1 item(s)), ChapterYangMillsAbelianFockEsa (1 item(s))
18:04:25 chunk: 0 item(s) resolved in 0s
18:04:38 sync: read 341 definition publish job(s)
18:05:00 sync: read 5415 problem publish job(s)
18:05:00 summary: 144 done, 11 pending, 2 failed, 62 unsubmittable (source missing from this checkout) (1869 out-of-order orphans ignored)
18:05:00 waiting on unpublished def bundle(s): ChapterFiniteSectionSingleTime (1 item(s)), ChapterQgTimeStepping (1 item(s)), ChapterQgTruncationResolvent (2 item(s)), ChapterQgVielbeinModeInstance (1 item(s)), ChapterQymTimeIndependentFlow (1 item(s)), ChapterScalaronFiberFL (2 item(s)), ChapterScalaronOuterFockFL (1 item(s)), ChapterSirkSingleTimeShift (1 item(s)), ChapterYangMillsAbelianFockEsa (1 item(s))
18:05:00 chunk: 0 item(s) resolved in 0s
18:05:13 sync: read 341 definition publish job(s)
18:05:40 sync: read 5415 problem publish job(s)
18:05:40 summary: 144 done, 11 pending, 2 failed, 62 unsubmittable (source missing from this checkout) (1869 out-of-order orphans ignored)
18:05:40 waiting on unpublished def bundle(s): ChapterFiniteSectionSingleTime (1 item(s)), ChapterQgTimeStepping (1 item(s)), ChapterQgTruncationResolvent (2 item(s)), ChapterQgVielbeinModeInstance (1 item(s)), ChapterQymTimeIndependentFlow (1 item(s)), ChapterScalaronFiberFL (2 item(s)), ChapterScalaronOuterFockFL (1 item(s)), ChapterSirkSingleTimeShift (1 item(s)), ChapterYangMillsAbelianFockEsa (1 item(s))
18:05:40 chunk: 0 item(s) resolved in 0s
18:05:54 sync: read 341 definition publish job(s)
18:06:15 sync: read 5415 problem publish job(s)
18:06:15 summary: 144 done, 11 pending, 2 failed, 62 unsubmittable (source missing from this checkout) (1869 out-of-order orphans ignored)
18:06:15 waiting on unpublished def bundle(s): ChapterFiniteSectionSingleTime (1 item(s)), ChapterQgTimeStepping (1 item(s)), ChapterQgTruncationResolvent (2 item(s)), ChapterQgVielbeinModeInstance (1 item(s)), ChapterQymTimeIndependentFlow (1 item(s)), ChapterScalaronFiberFL (2 item(s)), ChapterScalaronOuterFockFL (1 item(s)), ChapterSirkSingleTimeShift (1 item(s)), ChapterYangMillsAbelianFockEsa (1 item(s))
18:06:15 chunk: 0 item(s) resolved in 0s
18:06:28 sync: read 341 definition publish job(s)
18:06:50 sync: read 5415 problem publish job(s)
18:06:50 summary: 144 done, 11 pending, 2 failed, 62 unsubmittable (source missing from this checkout) (1869 out-of-order orphans ignored)
18:06:50 waiting on unpublished def bundle(s): ChapterFiniteSectionSingleTime (1 item(s)), ChapterQgTimeStepping (1 item(s)), ChapterQgTruncationResolvent (2 item(s)), ChapterQgVielbeinModeInstance (1 item(s)), ChapterQymTimeIndependentFlow (1 item(s)), ChapterScalaronFiberFL (2 item(s)), ChapterScalaronOuterFockFL (1 item(s)), ChapterSirkSingleTimeShift (1 item(s)), ChapterYangMillsAbelianFockEsa (1 item(s))
18:06:50 chunk: 0 item(s) resolved in 0s
18:07:03 sync: read 341 definition publish job(s)
18:07:25 sync: read 5415 problem publish job(s)
18:07:25 summary: 144 done, 11 pending, 2 failed, 62 unsubmittable (source missing from this checkout) (1869 out-of-order orphans ignored)
18:07:25 waiting on unpublished def bundle(s): ChapterFiniteSectionSingleTime (1 item(s)), ChapterQgTimeStepping (1 item(s)), ChapterQgTruncationResolvent (2 item(s)), ChapterQgVielbeinModeInstance (1 item(s)), ChapterQymTimeIndependentFlow (1 item(s)), ChapterScalaronFiberFL (2 item(s)), ChapterScalaronOuterFockFL (1 item(s)), ChapterSirkSingleTimeShift (1 item(s)), ChapterYangMillsAbelianFockEsa (1 item(s))
18:07:25 chunk: 0 item(s) resolved in 0s
18:07:38 sync: read 341 definition publish job(s)
18:07:59 sync: read 5415 problem publish job(s)
18:07:59 summary: 144 done, 11 pending, 2 failed, 62 unsubmittable (source missing from this checkout) (1869 out-of-order orphans ignored)
18:07:59 waiting on unpublished def bundle(s): ChapterFiniteSectionSingleTime (1 item(s)), ChapterQgTimeStepping (1 item(s)), ChapterQgTruncationResolvent (2 item(s)), ChapterQgVielbeinModeInstance (1 item(s)), ChapterQymTimeIndependentFlow (1 item(s)), ChapterScalaronFiberFL (2 item(s)), ChapterScalaronOuterFockFL (1 item(s)), ChapterSirkSingleTimeShift (1 item(s)), ChapterYangMillsAbelianFockEsa (1 item(s))
18:07:59 chunk: 0 item(s) resolved in 0s
18:08:12 sync: read 341 definition publish job(s)
18:08:33 sync: read 5415 problem publish job(s)
18:08:33 summary: 144 done, 11 pending, 2 failed, 62 unsubmittable (source missing from this checkout) (1869 out-of-order orphans ignored)
18:08:33 waiting on unpublished def bundle(s): ChapterFiniteSectionSingleTime (1 item(s)), ChapterQgTimeStepping (1 item(s)), ChapterQgTruncationResolvent (2 item(s)), ChapterQgVielbeinModeInstance (1 item(s)), ChapterQymTimeIndependentFlow (1 item(s)), ChapterScalaronFiberFL (2 item(s)), ChapterScalaronOuterFockFL (1 item(s)), ChapterSirkSingleTimeShift (1 item(s)), ChapterYangMillsAbelianFockEsa (1 item(s))
18:08:33 chunk: 0 item(s) resolved in 0s
18:08:46 sync: read 341 definition publish job(s)
18:09:11 sync: read 5415 problem publish job(s)
18:09:11 summary: 144 done, 11 pending, 2 failed, 62 unsubmittable (source missing from this checkout) (1869 out-of-order orphans ignored)
18:09:11 waiting on unpublished def bundle(s): ChapterFiniteSectionSingleTime (1 item(s)), ChapterQgTimeStepping (1 item(s)), ChapterQgTruncationResolvent (2 item(s)), ChapterQgVielbeinModeInstance (1 item(s)), ChapterQymTimeIndependentFlow (1 item(s)), ChapterScalaronFiberFL (2 item(s)), ChapterScalaronOuterFockFL (1 item(s)), ChapterSirkSingleTimeShift (1 item(s)), ChapterYangMillsAbelianFockEsa (1 item(s))
18:09:11 chunk: 0 item(s) resolved in 0s
18:09:24 sync: read 341 definition publish job(s)
18:09:45 sync: read 5415 problem publish job(s)
18:09:45 summary: 144 done, 11 pending, 2 failed, 62 unsubmittable (source missing from this checkout) (1869 out-of-order orphans ignored)
18:09:45 waiting on unpublished def bundle(s): ChapterFiniteSectionSingleTime (1 item(s)), ChapterQgTimeStepping (1 item(s)), ChapterQgTruncationResolvent (2 item(s)), ChapterQgVielbeinModeInstance (1 item(s)), ChapterQymTimeIndependentFlow (1 item(s)), ChapterScalaronFiberFL (2 item(s)), ChapterScalaronOuterFockFL (1 item(s)), ChapterSirkSingleTimeShift (1 item(s)), ChapterYangMillsAbelianFockEsa (1 item(s))
18:09:45 chunk: 0 item(s) resolved in 0s
18:09:58 sync: read 341 definition publish job(s)
18:10:37 sync: read 5415 problem publish job(s)
18:10:37 summary: 144 done, 11 pending, 2 failed, 62 unsubmittable (source missing from this checkout) (1869 out-of-order orphans ignored)
18:10:37 waiting on unpublished def bundle(s): ChapterFiniteSectionSingleTime (1 item(s)), ChapterQgTimeStepping (1 item(s)), ChapterQgTruncationResolvent (2 item(s)), ChapterQgVielbeinModeInstance (1 item(s)), ChapterQymTimeIndependentFlow (1 item(s)), ChapterScalaronFiberFL (2 item(s)), ChapterScalaronOuterFockFL (1 item(s)), ChapterSirkSingleTimeShift (1 item(s)), ChapterYangMillsAbelianFockEsa (1 item(s))
18:10:37 chunk: 0 item(s) resolved in 0s
18:10:50 sync: read 341 definition publish job(s)
18:11:12 sync: read 5415 problem publish job(s)
18:11:12 summary: 144 done, 11 pending, 2 failed, 62 unsubmittable (source missing from this checkout) (1869 out-of-order orphans ignored)
18:11:12 waiting on unpublished def bundle(s): ChapterFiniteSectionSingleTime (1 item(s)), ChapterQgTimeStepping (1 item(s)), ChapterQgTruncationResolvent (2 item(s)), ChapterQgVielbeinModeInstance (1 item(s)), ChapterQymTimeIndependentFlow (1 item(s)), ChapterScalaronFiberFL (2 item(s)), ChapterScalaronOuterFockFL (1 item(s)), ChapterSirkSingleTimeShift (1 item(s)), ChapterYangMillsAbelianFockEsa (1 item(s))
18:11:12 chunk: 0 item(s) resolved in 0s
18:11:25 sync: read 341 definition publish job(s)
18:11:54 sync: read 5415 problem publish job(s)
18:11:54 summary: 144 done, 11 pending, 2 failed, 62 unsubmittable (source missing from this checkout) (1869 out-of-order orphans ignored)
18:11:54 waiting on unpublished def bundle(s): ChapterFiniteSectionSingleTime (1 item(s)), ChapterQgTimeStepping (1 item(s)), ChapterQgTruncationResolvent (2 item(s)), ChapterQgVielbeinModeInstance (1 item(s)), ChapterQymTimeIndependentFlow (1 item(s)), ChapterScalaronFiberFL (2 item(s)), ChapterScalaronOuterFockFL (1 item(s)), ChapterSirkSingleTimeShift (1 item(s)), ChapterYangMillsAbelianFockEsa (1 item(s))
18:11:54 chunk: 0 item(s) resolved in 0s
18:12:07 sync: read 341 definition publish job(s)
18:12:28 sync: read 5415 problem publish job(s)
18:12:28 summary: 144 done, 11 pending, 2 failed, 62 unsubmittable (source missing from this checkout) (1869 out-of-order orphans ignored)
18:12:28 waiting on unpublished def bundle(s): ChapterFiniteSectionSingleTime (1 item(s)), ChapterQgTimeStepping (1 item(s)), ChapterQgTruncationResolvent (2 item(s)), ChapterQgVielbeinModeInstance (1 item(s)), ChapterQymTimeIndependentFlow (1 item(s)), ChapterScalaronFiberFL (2 item(s)), ChapterScalaronOuterFockFL (1 item(s)), ChapterSirkSingleTimeShift (1 item(s)), ChapterYangMillsAbelianFockEsa (1 item(s))
18:12:28 chunk: 0 item(s) resolved in 0s
18:12:42 sync: read 341 definition publish job(s)
18:13:01 sync: read 5415 problem publish job(s)
18:13:01 summary: 144 done, 11 pending, 2 failed, 62 unsubmittable (source missing from this checkout) (1869 out-of-order orphans ignored)
18:13:01 waiting on unpublished def bundle(s): ChapterFiniteSectionSingleTime (1 item(s)), ChapterQgTimeStepping (1 item(s)), ChapterQgTruncationResolvent (2 item(s)), ChapterQgVielbeinModeInstance (1 item(s)), ChapterQymTimeIndependentFlow (1 item(s)), ChapterScalaronFiberFL (2 item(s)), ChapterScalaronOuterFockFL (1 item(s)), ChapterSirkSingleTimeShift (1 item(s)), ChapterYangMillsAbelianFockEsa (1 item(s))
18:13:01 chunk: 0 item(s) resolved in 0s
18:13:15 sync: read 341 definition publish job(s)
18:13:35 sync: read 5415 problem publish job(s)
18:13:35 summary: 144 done, 11 pending, 2 failed, 62 unsubmittable (source missing from this checkout) (1869 out-of-order orphans ignored)
18:13:35 waiting on unpublished def bundle(s): ChapterFiniteSectionSingleTime (1 item(s)), ChapterQgTimeStepping (1 item(s)), ChapterQgTruncationResolvent (2 item(s)), ChapterQgVielbeinModeInstance (1 item(s)), ChapterQymTimeIndependentFlow (1 item(s)), ChapterScalaronFiberFL (2 item(s)), ChapterScalaronOuterFockFL (1 item(s)), ChapterSirkSingleTimeShift (1 item(s)), ChapterYangMillsAbelianFockEsa (1 item(s))
18:13:35 chunk: 0 item(s) resolved in 0s
18:13:49 sync: read 341 definition publish job(s)
18:14:08 sync: read 5415 problem publish job(s)
18:14:08 summary: 144 done, 11 pending, 2 failed, 62 unsubmittable (source missing from this checkout) (1869 out-of-order orphans ignored)
18:14:08 waiting on unpublished def bundle(s): ChapterFiniteSectionSingleTime (1 item(s)), ChapterQgTimeStepping (1 item(s)), ChapterQgTruncationResolvent (2 item(s)), ChapterQgVielbeinModeInstance (1 item(s)), ChapterQymTimeIndependentFlow (1 item(s)), ChapterScalaronFiberFL (2 item(s)), ChapterScalaronOuterFockFL (1 item(s)), ChapterSirkSingleTimeShift (1 item(s)), ChapterYangMillsAbelianFockEsa (1 item(s))
18:14:08 chunk: 0 item(s) resolved in 0s
18:14:21 sync: read 341 definition publish job(s)
18:14:41 sync: read 5415 problem publish job(s)
18:14:42 summary: 144 done, 11 pending, 2 failed, 62 unsubmittable (source missing from this checkout) (1869 out-of-order orphans ignored)
18:14:42 waiting on unpublished def bundle(s): ChapterFiniteSectionSingleTime (1 item(s)), ChapterQgTimeStepping (1 item(s)), ChapterQgTruncationResolvent (2 item(s)), ChapterQgVielbeinModeInstance (1 item(s)), ChapterQymTimeIndependentFlow (1 item(s)), ChapterScalaronFiberFL (2 item(s)), ChapterScalaronOuterFockFL (1 item(s)), ChapterSirkSingleTimeShift (1 item(s)), ChapterYangMillsAbelianFockEsa (1 item(s))
18:14:42 chunk: 0 item(s) resolved in 0s
18:14:55 sync: read 341 definition publish job(s)
18:15:14 sync: read 5415 problem publish job(s)
18:15:14 summary: 144 done, 11 pending, 2 failed, 62 unsubmittable (source missing from this checkout) (1869 out-of-order orphans ignored)
18:15:14 waiting on unpublished def bundle(s): ChapterFiniteSectionSingleTime (1 item(s)), ChapterQgTimeStepping (1 item(s)), ChapterQgTruncationResolvent (2 item(s)), ChapterQgVielbeinModeInstance (1 item(s)), ChapterQymTimeIndependentFlow (1 item(s)), ChapterScalaronFiberFL (2 item(s)), ChapterScalaronOuterFockFL (1 item(s)), ChapterSirkSingleTimeShift (1 item(s)), ChapterYangMillsAbelianFockEsa (1 item(s))
18:15:14 chunk: 0 item(s) resolved in 0s
18:15:27 sync: read 341 definition publish job(s)
18:15:47 sync: read 5415 problem publish job(s)
18:15:47 summary: 144 done, 11 pending, 2 failed, 62 unsubmittable (source missing from this checkout) (1869 out-of-order orphans ignored)
18:15:47 waiting on unpublished def bundle(s): ChapterFiniteSectionSingleTime (1 item(s)), ChapterQgTimeStepping (1 item(s)), ChapterQgTruncationResolvent (2 item(s)), ChapterQgVielbeinModeInstance (1 item(s)), ChapterQymTimeIndependentFlow (1 item(s)), ChapterScalaronFiberFL (2 item(s)), ChapterScalaronOuterFockFL (1 item(s)), ChapterSirkSingleTimeShift (1 item(s)), ChapterYangMillsAbelianFockEsa (1 item(s))
18:15:47 chunk: 0 item(s) resolved in 0s
18:16:00 sync: read 341 definition publish job(s)
18:16:19 sync: read 5415 problem publish job(s)
18:16:19 summary: 144 done, 11 pending, 2 failed, 62 unsubmittable (source missing from this checkout) (1869 out-of-order orphans ignored)
18:16:19 waiting on unpublished def bundle(s): ChapterFiniteSectionSingleTime (1 item(s)), ChapterQgTimeStepping (1 item(s)), ChapterQgTruncationResolvent (2 item(s)), ChapterQgVielbeinModeInstance (1 item(s)), ChapterQymTimeIndependentFlow (1 item(s)), ChapterScalaronFiberFL (2 item(s)), ChapterScalaronOuterFockFL (1 item(s)), ChapterSirkSingleTimeShift (1 item(s)), ChapterYangMillsAbelianFockEsa (1 item(s))
18:16:19 chunk: 0 item(s) resolved in 0s
18:16:32 sync: read 341 definition publish job(s)
18:16:51 sync: read 5415 problem publish job(s)
18:16:51 summary: 144 done, 11 pending, 2 failed, 62 unsubmittable (source missing from this checkout) (1869 out-of-order orphans ignored)
18:16:51 waiting on unpublished def bundle(s): ChapterFiniteSectionSingleTime (1 item(s)), ChapterQgTimeStepping (1 item(s)), ChapterQgTruncationResolvent (2 item(s)), ChapterQgVielbeinModeInstance (1 item(s)), ChapterQymTimeIndependentFlow (1 item(s)), ChapterScalaronFiberFL (2 item(s)), ChapterScalaronOuterFockFL (1 item(s)), ChapterSirkSingleTimeShift (1 item(s)), ChapterYangMillsAbelianFockEsa (1 item(s))
18:16:51 chunk: 0 item(s) resolved in 0s
18:17:05 sync: read 341 definition publish job(s)
18:17:26 sync: read 5415 problem publish job(s)
18:17:26 summary: 144 done, 11 pending, 2 failed, 62 unsubmittable (source missing from this checkout) (1869 out-of-order orphans ignored)
18:17:26 waiting on unpublished def bundle(s): ChapterFiniteSectionSingleTime (1 item(s)), ChapterQgTimeStepping (1 item(s)), ChapterQgTruncationResolvent (2 item(s)), ChapterQgVielbeinModeInstance (1 item(s)), ChapterQymTimeIndependentFlow (1 item(s)), ChapterScalaronFiberFL (2 item(s)), ChapterScalaronOuterFockFL (1 item(s)), ChapterSirkSingleTimeShift (1 item(s)), ChapterYangMillsAbelianFockEsa (1 item(s))
18:17:26 chunk: 0 item(s) resolved in 0s
18:17:39 sync: read 341 definition publish job(s)
18:18:01 sync: read 5415 problem publish job(s)
18:18:01 summary: 144 done, 11 pending, 2 failed, 62 unsubmittable (source missing from this checkout) (1869 out-of-order orphans ignored)
18:18:01 waiting on unpublished def bundle(s): ChapterFiniteSectionSingleTime (1 item(s)), ChapterQgTimeStepping (1 item(s)), ChapterQgTruncationResolvent (2 item(s)), ChapterQgVielbeinModeInstance (1 item(s)), ChapterQymTimeIndependentFlow (1 item(s)), ChapterScalaronFiberFL (2 item(s)), ChapterScalaronOuterFockFL (1 item(s)), ChapterSirkSingleTimeShift (1 item(s)), ChapterYangMillsAbelianFockEsa (1 item(s))
18:18:01 chunk: 0 item(s) resolved in 0s
18:18:15 sync: read 341 definition publish job(s)
18:18:34 sync: read 5415 problem publish job(s)
18:18:34 summary: 144 done, 11 pending, 2 failed, 62 unsubmittable (source missing from this checkout) (1869 out-of-order orphans ignored)
18:18:34 waiting on unpublished def bundle(s): ChapterFiniteSectionSingleTime (1 item(s)), ChapterQgTimeStepping (1 item(s)), ChapterQgTruncationResolvent (2 item(s)), ChapterQgVielbeinModeInstance (1 item(s)), ChapterQymTimeIndependentFlow (1 item(s)), ChapterScalaronFiberFL (2 item(s)), ChapterScalaronOuterFockFL (1 item(s)), ChapterSirkSingleTimeShift (1 item(s)), ChapterYangMillsAbelianFockEsa (1 item(s))
18:18:34 chunk: 0 item(s) resolved in 0s
18:18:47 sync: read 341 definition publish job(s)
18:19:10 sync: read 5415 problem publish job(s)
18:19:10 summary: 144 done, 11 pending, 2 failed, 62 unsubmittable (source missing from this checkout) (1869 out-of-order orphans ignored)
18:19:10 waiting on unpublished def bundle(s): ChapterFiniteSectionSingleTime (1 item(s)), ChapterQgTimeStepping (1 item(s)), ChapterQgTruncationResolvent (2 item(s)), ChapterQgVielbeinModeInstance (1 item(s)), ChapterQymTimeIndependentFlow (1 item(s)), ChapterScalaronFiberFL (2 item(s)), ChapterScalaronOuterFockFL (1 item(s)), ChapterSirkSingleTimeShift (1 item(s)), ChapterYangMillsAbelianFockEsa (1 item(s))
18:19:10 chunk: 0 item(s) resolved in 0s
18:19:23 sync: read 341 definition publish job(s)
18:19:43 sync: read 5415 problem publish job(s)
18:19:43 summary: 144 done, 11 pending, 2 failed, 62 unsubmittable (source missing from this checkout) (1869 out-of-order orphans ignored)
18:19:43 waiting on unpublished def bundle(s): ChapterFiniteSectionSingleTime (1 item(s)), ChapterQgTimeStepping (1 item(s)), ChapterQgTruncationResolvent (2 item(s)), ChapterQgVielbeinModeInstance (1 item(s)), ChapterQymTimeIndependentFlow (1 item(s)), ChapterScalaronFiberFL (2 item(s)), ChapterScalaronOuterFockFL (1 item(s)), ChapterSirkSingleTimeShift (1 item(s)), ChapterYangMillsAbelianFockEsa (1 item(s))
18:19:43 chunk: 0 item(s) resolved in 0s
18:19:56 sync: read 341 definition publish job(s)
18:20:17 sync: read 5415 problem publish job(s)
18:20:17 summary: 144 done, 11 pending, 2 failed, 62 unsubmittable (source missing from this checkout) (1869 out-of-order orphans ignored)
18:20:17 waiting on unpublished def bundle(s): ChapterFiniteSectionSingleTime (1 item(s)), ChapterQgTimeStepping (1 item(s)), ChapterQgTruncationResolvent (2 item(s)), ChapterQgVielbeinModeInstance (1 item(s)), ChapterQymTimeIndependentFlow (1 item(s)), ChapterScalaronFiberFL (2 item(s)), ChapterScalaronOuterFockFL (1 item(s)), ChapterSirkSingleTimeShift (1 item(s)), ChapterYangMillsAbelianFockEsa (1 item(s))
18:20:17 chunk: 0 item(s) resolved in 0s
18:20:30 sync: read 341 definition publish job(s)
18:20:50 sync: read 5415 problem publish job(s)
18:20:50 summary: 144 done, 11 pending, 2 failed, 62 unsubmittable (source missing from this checkout) (1869 out-of-order orphans ignored)
18:20:50 waiting on unpublished def bundle(s): ChapterFiniteSectionSingleTime (1 item(s)), ChapterQgTimeStepping (1 item(s)), ChapterQgTruncationResolvent (2 item(s)), ChapterQgVielbeinModeInstance (1 item(s)), ChapterQymTimeIndependentFlow (1 item(s)), ChapterScalaronFiberFL (2 item(s)), ChapterScalaronOuterFockFL (1 item(s)), ChapterSirkSingleTimeShift (1 item(s)), ChapterYangMillsAbelianFockEsa (1 item(s))
18:20:50 chunk: 0 item(s) resolved in 0s
18:21:03 sync: read 341 definition publish job(s)
18:21:28 sync: read 5415 problem publish job(s)
18:21:28 summary: 144 done, 11 pending, 2 failed, 62 unsubmittable (source missing from this checkout) (1869 out-of-order orphans ignored)
18:21:28 waiting on unpublished def bundle(s): ChapterFiniteSectionSingleTime (1 item(s)), ChapterQgTimeStepping (1 item(s)), ChapterQgTruncationResolvent (2 item(s)), ChapterQgVielbeinModeInstance (1 item(s)), ChapterQymTimeIndependentFlow (1 item(s)), ChapterScalaronFiberFL (2 item(s)), ChapterScalaronOuterFockFL (1 item(s)), ChapterSirkSingleTimeShift (1 item(s)), ChapterYangMillsAbelianFockEsa (1 item(s))
18:21:28 chunk: 0 item(s) resolved in 0s
18:21:42 sync: read 341 definition publish job(s)
18:22:03 sync: read 5415 problem publish job(s)
18:22:03 summary: 144 done, 11 pending, 2 failed, 62 unsubmittable (source missing from this checkout) (1869 out-of-order orphans ignored)
18:22:03 waiting on unpublished def bundle(s): ChapterFiniteSectionSingleTime (1 item(s)), ChapterQgTimeStepping (1 item(s)), ChapterQgTruncationResolvent (2 item(s)), ChapterQgVielbeinModeInstance (1 item(s)), ChapterQymTimeIndependentFlow (1 item(s)), ChapterScalaronFiberFL (2 item(s)), ChapterScalaronOuterFockFL (1 item(s)), ChapterSirkSingleTimeShift (1 item(s)), ChapterYangMillsAbelianFockEsa (1 item(s))
18:22:03 chunk: 0 item(s) resolved in 0s
18:22:18 sync: read 341 definition publish job(s)
18:22:40 sync: read 5415 problem publish job(s)
18:22:40 summary: 144 done, 11 pending, 2 failed, 62 unsubmittable (source missing from this checkout) (1869 out-of-order orphans ignored)
18:22:40 waiting on unpublished def bundle(s): ChapterFiniteSectionSingleTime (1 item(s)), ChapterQgTimeStepping (1 item(s)), ChapterQgTruncationResolvent (2 item(s)), ChapterQgVielbeinModeInstance (1 item(s)), ChapterQymTimeIndependentFlow (1 item(s)), ChapterScalaronFiberFL (2 item(s)), ChapterScalaronOuterFockFL (1 item(s)), ChapterSirkSingleTimeShift (1 item(s)), ChapterYangMillsAbelianFockEsa (1 item(s))
18:22:40 chunk: 0 item(s) resolved in 0s
18:22:53 sync: read 341 definition publish job(s)
18:23:13 sync: read 5415 problem publish job(s)
18:23:13 summary: 144 done, 11 pending, 2 failed, 62 unsubmittable (source missing from this checkout) (1869 out-of-order orphans ignored)
18:23:13 waiting on unpublished def bundle(s): ChapterFiniteSectionSingleTime (1 item(s)), ChapterQgTimeStepping (1 item(s)), ChapterQgTruncationResolvent (2 item(s)), ChapterQgVielbeinModeInstance (1 item(s)), ChapterQymTimeIndependentFlow (1 item(s)), ChapterScalaronFiberFL (2 item(s)), ChapterScalaronOuterFockFL (1 item(s)), ChapterSirkSingleTimeShift (1 item(s)), ChapterYangMillsAbelianFockEsa (1 item(s))
18:23:13 chunk: 0 item(s) resolved in 0s
18:23:27 sync: read 341 definition publish job(s)
18:23:48 sync: read 5415 problem publish job(s)
18:23:48 summary: 144 done, 11 pending, 2 failed, 62 unsubmittable (source missing from this checkout) (1869 out-of-order orphans ignored)
18:23:48 waiting on unpublished def bundle(s): ChapterFiniteSectionSingleTime (1 item(s)), ChapterQgTimeStepping (1 item(s)), ChapterQgTruncationResolvent (2 item(s)), ChapterQgVielbeinModeInstance (1 item(s)), ChapterQymTimeIndependentFlow (1 item(s)), ChapterScalaronFiberFL (2 item(s)), ChapterScalaronOuterFockFL (1 item(s)), ChapterSirkSingleTimeShift (1 item(s)), ChapterYangMillsAbelianFockEsa (1 item(s))
18:23:48 chunk: 0 item(s) resolved in 0s
18:24:01 sync: read 341 definition publish job(s)
18:24:22 sync: read 5415 problem publish job(s)
18:24:22 summary: 144 done, 11 pending, 2 failed, 62 unsubmittable (source missing from this checkout) (1869 out-of-order orphans ignored)
18:24:22 waiting on unpublished def bundle(s): ChapterFiniteSectionSingleTime (1 item(s)), ChapterQgTimeStepping (1 item(s)), ChapterQgTruncationResolvent (2 item(s)), ChapterQgVielbeinModeInstance (1 item(s)), ChapterQymTimeIndependentFlow (1 item(s)), ChapterScalaronFiberFL (2 item(s)), ChapterScalaronOuterFockFL (1 item(s)), ChapterSirkSingleTimeShift (1 item(s)), ChapterYangMillsAbelianFockEsa (1 item(s))
18:24:22 chunk: 0 item(s) resolved in 0s
18:24:35 sync: read 341 definition publish job(s)
18:24:55 sync: read 5415 problem publish job(s)
18:24:55 summary: 144 done, 11 pending, 2 failed, 62 unsubmittable (source missing from this checkout) (1869 out-of-order orphans ignored)
18:24:55 waiting on unpublished def bundle(s): ChapterFiniteSectionSingleTime (1 item(s)), ChapterQgTimeStepping (1 item(s)), ChapterQgTruncationResolvent (2 item(s)), ChapterQgVielbeinModeInstance (1 item(s)), ChapterQymTimeIndependentFlow (1 item(s)), ChapterScalaronFiberFL (2 item(s)), ChapterScalaronOuterFockFL (1 item(s)), ChapterSirkSingleTimeShift (1 item(s)), ChapterYangMillsAbelianFockEsa (1 item(s))
18:24:55 chunk: 0 item(s) resolved in 0s
18:25:09 sync: read 341 definition publish job(s)
18:25:31 sync: read 5415 problem publish job(s)
18:25:31 summary: 144 done, 11 pending, 2 failed, 62 unsubmittable (source missing from this checkout) (1869 out-of-order orphans ignored)
18:25:31 waiting on unpublished def bundle(s): ChapterFiniteSectionSingleTime (1 item(s)), ChapterQgTimeStepping (1 item(s)), ChapterQgTruncationResolvent (2 item(s)), ChapterQgVielbeinModeInstance (1 item(s)), ChapterQymTimeIndependentFlow (1 item(s)), ChapterScalaronFiberFL (2 item(s)), ChapterScalaronOuterFockFL (1 item(s)), ChapterSirkSingleTimeShift (1 item(s)), ChapterYangMillsAbelianFockEsa (1 item(s))
18:25:31 chunk: 0 item(s) resolved in 0s
18:25:44 sync: read 341 definition publish job(s)
18:26:06 sync: read 5415 problem publish job(s)
18:26:06 summary: 144 done, 11 pending, 2 failed, 62 unsubmittable (source missing from this checkout) (1869 out-of-order orphans ignored)
18:26:06 waiting on unpublished def bundle(s): ChapterFiniteSectionSingleTime (1 item(s)), ChapterQgTimeStepping (1 item(s)), ChapterQgTruncationResolvent (2 item(s)), ChapterQgVielbeinModeInstance (1 item(s)), ChapterQymTimeIndependentFlow (1 item(s)), ChapterScalaronFiberFL (2 item(s)), ChapterScalaronOuterFockFL (1 item(s)), ChapterSirkSingleTimeShift (1 item(s)), ChapterYangMillsAbelianFockEsa (1 item(s))
18:26:06 chunk: 0 item(s) resolved in 0s
18:26:19 sync: read 341 definition publish job(s)
18:26:38 sync: read 5415 problem publish job(s)
18:26:38 summary: 144 done, 11 pending, 2 failed, 62 unsubmittable (source missing from this checkout) (1869 out-of-order orphans ignored)
18:26:38 waiting on unpublished def bundle(s): ChapterFiniteSectionSingleTime (1 item(s)), ChapterQgTimeStepping (1 item(s)), ChapterQgTruncationResolvent (2 item(s)), ChapterQgVielbeinModeInstance (1 item(s)), ChapterQymTimeIndependentFlow (1 item(s)), ChapterScalaronFiberFL (2 item(s)), ChapterScalaronOuterFockFL (1 item(s)), ChapterSirkSingleTimeShift (1 item(s)), ChapterYangMillsAbelianFockEsa (1 item(s))
18:26:38 chunk: 0 item(s) resolved in 0s
18:26:53 sync: read 341 definition publish job(s)
18:27:14 sync: read 5415 problem publish job(s)
18:27:15 summary: 144 done, 11 pending, 2 failed, 62 unsubmittable (source missing from this checkout) (1869 out-of-order orphans ignored)
18:27:15 waiting on unpublished def bundle(s): ChapterFiniteSectionSingleTime (1 item(s)), ChapterQgTimeStepping (1 item(s)), ChapterQgTruncationResolvent (2 item(s)), ChapterQgVielbeinModeInstance (1 item(s)), ChapterQymTimeIndependentFlow (1 item(s)), ChapterScalaronFiberFL (2 item(s)), ChapterScalaronOuterFockFL (1 item(s)), ChapterSirkSingleTimeShift (1 item(s)), ChapterYangMillsAbelianFockEsa (1 item(s))
18:27:15 chunk: 0 item(s) resolved in 0s
18:27:28 sync: read 341 definition publish job(s)
18:27:47 sync: read 5415 problem publish job(s)
18:27:47 summary: 144 done, 11 pending, 2 failed, 62 unsubmittable (source missing from this checkout) (1869 out-of-order orphans ignored)
18:27:47 waiting on unpublished def bundle(s): ChapterFiniteSectionSingleTime (1 item(s)), ChapterQgTimeStepping (1 item(s)), ChapterQgTruncationResolvent (2 item(s)), ChapterQgVielbeinModeInstance (1 item(s)), ChapterQymTimeIndependentFlow (1 item(s)), ChapterScalaronFiberFL (2 item(s)), ChapterScalaronOuterFockFL (1 item(s)), ChapterSirkSingleTimeShift (1 item(s)), ChapterYangMillsAbelianFockEsa (1 item(s))
18:27:47 chunk: 0 item(s) resolved in 0s
18:28:01 sync: read 341 definition publish job(s)
18:28:23 sync: read 5415 problem publish job(s)
18:28:23 summary: 144 done, 11 pending, 2 failed, 62 unsubmittable (source missing from this checkout) (1869 out-of-order orphans ignored)
18:28:23 waiting on unpublished def bundle(s): ChapterFiniteSectionSingleTime (1 item(s)), ChapterQgTimeStepping (1 item(s)), ChapterQgTruncationResolvent (2 item(s)), ChapterQgVielbeinModeInstance (1 item(s)), ChapterQymTimeIndependentFlow (1 item(s)), ChapterScalaronFiberFL (2 item(s)), ChapterScalaronOuterFockFL (1 item(s)), ChapterSirkSingleTimeShift (1 item(s)), ChapterYangMillsAbelianFockEsa (1 item(s))
18:28:23 chunk: 0 item(s) resolved in 0s
18:28:36 sync: read 341 definition publish job(s)
18:28:56 sync: read 5415 problem publish job(s)
18:28:56 summary: 144 done, 11 pending, 2 failed, 62 unsubmittable (source missing from this checkout) (1869 out-of-order orphans ignored)
18:28:56 waiting on unpublished def bundle(s): ChapterFiniteSectionSingleTime (1 item(s)), ChapterQgTimeStepping (1 item(s)), ChapterQgTruncationResolvent (2 item(s)), ChapterQgVielbeinModeInstance (1 item(s)), ChapterQymTimeIndependentFlow (1 item(s)), ChapterScalaronFiberFL (2 item(s)), ChapterScalaronOuterFockFL (1 item(s)), ChapterSirkSingleTimeShift (1 item(s)), ChapterYangMillsAbelianFockEsa (1 item(s))
18:28:56 chunk: 0 item(s) resolved in 0s
18:29:09 sync: read 341 definition publish job(s)
18:29:30 sync: read 5415 problem publish job(s)
18:29:30 summary: 144 done, 11 pending, 2 failed, 62 unsubmittable (source missing from this checkout) (1869 out-of-order orphans ignored)
18:29:30 waiting on unpublished def bundle(s): ChapterFiniteSectionSingleTime (1 item(s)), ChapterQgTimeStepping (1 item(s)), ChapterQgTruncationResolvent (2 item(s)), ChapterQgVielbeinModeInstance (1 item(s)), ChapterQymTimeIndependentFlow (1 item(s)), ChapterScalaronFiberFL (2 item(s)), ChapterScalaronOuterFockFL (1 item(s)), ChapterSirkSingleTimeShift (1 item(s)), ChapterYangMillsAbelianFockEsa (1 item(s))
18:29:30 chunk: 0 item(s) resolved in 0s
18:29:43 sync: read 341 definition publish job(s)
18:30:10 sync: read 5415 problem publish job(s)
18:30:10 summary: 144 done, 11 pending, 2 failed, 62 unsubmittable (source missing from this checkout) (1869 out-of-order orphans ignored)
18:30:10 waiting on unpublished def bundle(s): ChapterFiniteSectionSingleTime (1 item(s)), ChapterQgTimeStepping (1 item(s)), ChapterQgTruncationResolvent (2 item(s)), ChapterQgVielbeinModeInstance (1 item(s)), ChapterQymTimeIndependentFlow (1 item(s)), ChapterScalaronFiberFL (2 item(s)), ChapterScalaronOuterFockFL (1 item(s)), ChapterSirkSingleTimeShift (1 item(s)), ChapterYangMillsAbelianFockEsa (1 item(s))
18:30:10 chunk: 0 item(s) resolved in 0s
18:30:29 sync: read 341 definition publish job(s)
18:31:08 sync: read 5415 problem publish job(s)
18:31:09 summary: 144 done, 11 pending, 2 failed, 62 unsubmittable (source missing from this checkout) (1869 out-of-order orphans ignored)
18:31:09 waiting on unpublished def bundle(s): ChapterFiniteSectionSingleTime (1 item(s)), ChapterQgTimeStepping (1 item(s)), ChapterQgTruncationResolvent (2 item(s)), ChapterQgVielbeinModeInstance (1 item(s)), ChapterQymTimeIndependentFlow (1 item(s)), ChapterScalaronFiberFL (2 item(s)), ChapterScalaronOuterFockFL (1 item(s)), ChapterSirkSingleTimeShift (1 item(s)), ChapterYangMillsAbelianFockEsa (1 item(s))
18:31:09 chunk: 0 item(s) resolved in 0s
18:31:21 sync: read 341 definition publish job(s)
18:31:43 sync: read 5415 problem publish job(s)
18:31:43 summary: 144 done, 11 pending, 2 failed, 62 unsubmittable (source missing from this checkout) (1869 out-of-order orphans ignored)
18:31:43 waiting on unpublished def bundle(s): ChapterFiniteSectionSingleTime (1 item(s)), ChapterQgTimeStepping (1 item(s)), ChapterQgTruncationResolvent (2 item(s)), ChapterQgVielbeinModeInstance (1 item(s)), ChapterQymTimeIndependentFlow (1 item(s)), ChapterScalaronFiberFL (2 item(s)), ChapterScalaronOuterFockFL (1 item(s)), ChapterSirkSingleTimeShift (1 item(s)), ChapterYangMillsAbelianFockEsa (1 item(s))
18:31:43 chunk: 0 item(s) resolved in 0s
18:31:56 sync: read 341 definition publish job(s)
18:32:18 sync: read 5415 problem publish job(s)
18:32:18 summary: 144 done, 11 pending, 2 failed, 62 unsubmittable (source missing from this checkout) (1869 out-of-order orphans ignored)
18:32:18 waiting on unpublished def bundle(s): ChapterFiniteSectionSingleTime (1 item(s)), ChapterQgTimeStepping (1 item(s)), ChapterQgTruncationResolvent (2 item(s)), ChapterQgVielbeinModeInstance (1 item(s)), ChapterQymTimeIndependentFlow (1 item(s)), ChapterScalaronFiberFL (2 item(s)), ChapterScalaronOuterFockFL (1 item(s)), ChapterSirkSingleTimeShift (1 item(s)), ChapterYangMillsAbelianFockEsa (1 item(s))
18:32:18 chunk: 0 item(s) resolved in 0s
18:32:31 sync: read 341 definition publish job(s)
18:32:57 sync: read 5415 problem publish job(s)
18:32:57 summary: 144 done, 11 pending, 2 failed, 62 unsubmittable (source missing from this checkout) (1869 out-of-order orphans ignored)
18:32:57 waiting on unpublished def bundle(s): ChapterFiniteSectionSingleTime (1 item(s)), ChapterQgTimeStepping (1 item(s)), ChapterQgTruncationResolvent (2 item(s)), ChapterQgVielbeinModeInstance (1 item(s)), ChapterQymTimeIndependentFlow (1 item(s)), ChapterScalaronFiberFL (2 item(s)), ChapterScalaronOuterFockFL (1 item(s)), ChapterSirkSingleTimeShift (1 item(s)), ChapterYangMillsAbelianFockEsa (1 item(s))
18:32:57 chunk: 0 item(s) resolved in 0s
18:33:11 sync: read 341 definition publish job(s)
18:33:45 sync: read 5415 problem publish job(s)
18:33:45 summary: 144 done, 11 pending, 2 failed, 62 unsubmittable (source missing from this checkout) (1869 out-of-order orphans ignored)
18:33:45 waiting on unpublished def bundle(s): ChapterFiniteSectionSingleTime (1 item(s)), ChapterQgTimeStepping (1 item(s)), ChapterQgTruncationResolvent (2 item(s)), ChapterQgVielbeinModeInstance (1 item(s)), ChapterQymTimeIndependentFlow (1 item(s)), ChapterScalaronFiberFL (2 item(s)), ChapterScalaronOuterFockFL (1 item(s)), ChapterSirkSingleTimeShift (1 item(s)), ChapterYangMillsAbelianFockEsa (1 item(s))
18:33:45 chunk: 0 item(s) resolved in 0s
18:33:59 sync: read 341 definition publish job(s)
18:34:21 sync: read 5415 problem publish job(s)
18:34:21 summary: 144 done, 11 pending, 2 failed, 62 unsubmittable (source missing from this checkout) (1869 out-of-order orphans ignored)
18:34:21 waiting on unpublished def bundle(s): ChapterFiniteSectionSingleTime (1 item(s)), ChapterQgTimeStepping (1 item(s)), ChapterQgTruncationResolvent (2 item(s)), ChapterQgVielbeinModeInstance (1 item(s)), ChapterQymTimeIndependentFlow (1 item(s)), ChapterScalaronFiberFL (2 item(s)), ChapterScalaronOuterFockFL (1 item(s)), ChapterSirkSingleTimeShift (1 item(s)), ChapterYangMillsAbelianFockEsa (1 item(s))
18:34:21 chunk: 0 item(s) resolved in 0s
18:34:34 sync: read 341 definition publish job(s)
18:34:54 sync: read 5415 problem publish job(s)
18:34:54 summary: 144 done, 11 pending, 2 failed, 62 unsubmittable (source missing from this checkout) (1869 out-of-order orphans ignored)
18:34:54 waiting on unpublished def bundle(s): ChapterFiniteSectionSingleTime (1 item(s)), ChapterQgTimeStepping (1 item(s)), ChapterQgTruncationResolvent (2 item(s)), ChapterQgVielbeinModeInstance (1 item(s)), ChapterQymTimeIndependentFlow (1 item(s)), ChapterScalaronFiberFL (2 item(s)), ChapterScalaronOuterFockFL (1 item(s)), ChapterSirkSingleTimeShift (1 item(s)), ChapterYangMillsAbelianFockEsa (1 item(s))
18:34:54 chunk: 0 item(s) resolved in 0s
18:35:37 sync: read 200 definition publish job(s)
18:36:02 sync: read 5415 problem publish job(s)
18:36:02 summary: 144 done, 11 pending, 2 failed, 62 unsubmittable (source missing from this checkout) (1869 out-of-order orphans ignored)
18:36:02 waiting on unpublished def bundle(s): ChapterComplexShiftCore (1 item(s)), ChapterContinuityUnitary (5 item(s)), ChapterContinuityUnitaryInfinite (6 item(s)), ChapterDoubleSlit (2 item(s)), ChapterEsaClosure (1 item(s)), ChapterEsaClosureCore (2 item(s)), ChapterFarisLavine (5 item(s)), ChapterFarisLavineCore (2 item(s)), ChapterFiniteSectionSingleTime (1 item(s)), ChapterFockSecondQuantization (2 item(s)), ChapterFriedrichsExtension (2 item(s)), ChapterGhostField (1 item(s)), ChapterH1 (2 item(s)), ChapterH4 (7 item(s)), ChapterH5 (1 item(s)), ChapterH6 (1 item(s)), ChapterH8 (2 item(s)), ChapterH9 (1 item(s)), ChapterHashimotoComplexShifts (1 item(s)), ChapterHashimotoShiftInvert (2 item(s)), ChapterHermiteFunctions (2 item(s)), ChapterHermiteGalerkinFriedrichs (2 item(s)), ChapterHermiteProductBasis (3 item(s)), ChapterHermiteProductCore (5 item(s)), ChapterHyperbolicQuadraticEsa (1 item(s)), ChapterKatoRellichDeficiency (2 item(s)), ChapterKatoRellichRelative (1 item(s)), ChapterNavierStokesAffineFiberEsa (1 item(s)), ChapterNavierStokesCanonicalVector (1 item(s)), ChapterNavierStokesDiffHashimoto (1 item(s)), ChapterNavierStokesDifferentialL2 (1 item(s)), ChapterNavierStokesEsa (3 item(s)), ChapterNavierStokesFullEsa (4 item(s)), ChapterNavierStokesHermiteCanonical (1 item(s)), ChapterNavierStokesHermiteFarisLavine (1 item(s)), ChapterNavierStokesIkebeKato (1 item(s)), ChapterNavierStokesLagrangianEsa (1 item(s)), ChapterNavierStokesShiftHamiltonian (2 item(s)), ChapterNavierStokesSignedShift (1 item(s)), ChapterNavierStokesThreeComponent (1 item(s)), ChapterQgTimeStepping (1 item(s)), ChapterQgTruncationResolvent (1 item(s)), ChapterQgVielbeinModeInstance (1 item(s)), ChapterQuantumGravityDensitized (1 item(s)), ChapterQymTimeIndependentFlow (1 item(s)), ChapterScalaronFiberFL (1 item(s)), ChapterScalaronOuterFockFL (1 item(s)), ChapterSirkCertificateReader (1 item(s)), ChapterSirkCertifiedGap (2 item(s)), ChapterSirkEndToEnd (2 item(s)), ChapterSirkFinitePrecision (1 item(s)), ChapterSirkGramWhitening (1 item(s)), ChapterSirkRitzMinMax (1 item(s)), ChapterSirkRitzSpectrum (1 item(s)), ChapterSirkSingleTimeShift (1 item(s)), ChapterSirkTrotterKato (1 item(s)), ChapterSirkWhitening (1 item(s)), ChapterStarobinskyPotential (2 item(s)), ChapterStoneBridge (2 item(s)), ChapterStoneEvolution (1 item(s)), ChapterStoneGenerator (1 item(s)), ChapterStoneGroup (1 item(s)), ChapterStoneResolvent (1 item(s)), ChapterStoneTheorem (1 item(s)), ChapterStoneUnitary (1 item(s)), ChapterUnitaryTransport (1 item(s)), ChapterYangMillsAbelianFockEsa (1 item(s)), ChapterYangMillsFriedrichs (1 item(s)), ChapterYangMillsFriedrichsLimit (1 item(s)), ChapterYangMillsHermite (3 item(s))
18:36:02 chunk: 0 item(s) resolved in 0s
18:36:15 sync: read 341 definition publish job(s)
18:36:36 sync: read 5415 problem publish job(s)
18:36:36 summary: 144 done, 11 pending, 2 failed, 62 unsubmittable (source missing from this checkout) (1869 out-of-order orphans ignored)
18:36:36 waiting on unpublished def bundle(s): ChapterFiniteSectionSingleTime (1 item(s)), ChapterQgTimeStepping (1 item(s)), ChapterQgTruncationResolvent (2 item(s)), ChapterQgVielbeinModeInstance (1 item(s)), ChapterQymTimeIndependentFlow (1 item(s)), ChapterScalaronFiberFL (2 item(s)), ChapterScalaronOuterFockFL (1 item(s)), ChapterSirkSingleTimeShift (1 item(s)), ChapterYangMillsAbelianFockEsa (1 item(s))
18:36:36 chunk: 0 item(s) resolved in 0s
18:36:49 sync: read 341 definition publish job(s)
18:37:11 sync: read 5415 problem publish job(s)
18:37:11 summary: 144 done, 11 pending, 2 failed, 62 unsubmittable (source missing from this checkout) (1869 out-of-order orphans ignored)
18:37:11 waiting on unpublished def bundle(s): ChapterFiniteSectionSingleTime (1 item(s)), ChapterQgTimeStepping (1 item(s)), ChapterQgTruncationResolvent (2 item(s)), ChapterQgVielbeinModeInstance (1 item(s)), ChapterQymTimeIndependentFlow (1 item(s)), ChapterScalaronFiberFL (2 item(s)), ChapterScalaronOuterFockFL (1 item(s)), ChapterSirkSingleTimeShift (1 item(s)), ChapterYangMillsAbelianFockEsa (1 item(s))
18:37:11 chunk: 0 item(s) resolved in 0s
18:37:23 sync: read 341 definition publish job(s)
18:37:45 sync: read 5415 problem publish job(s)
18:37:45 summary: 144 done, 11 pending, 2 failed, 62 unsubmittable (source missing from this checkout) (1869 out-of-order orphans ignored)
18:37:45 waiting on unpublished def bundle(s): ChapterFiniteSectionSingleTime (1 item(s)), ChapterQgTimeStepping (1 item(s)), ChapterQgTruncationResolvent (2 item(s)), ChapterQgVielbeinModeInstance (1 item(s)), ChapterQymTimeIndependentFlow (1 item(s)), ChapterScalaronFiberFL (2 item(s)), ChapterScalaronOuterFockFL (1 item(s)), ChapterSirkSingleTimeShift (1 item(s)), ChapterYangMillsAbelianFockEsa (1 item(s))
18:37:45 chunk: 0 item(s) resolved in 0s
18:37:58 sync: read 341 definition publish job(s)
18:38:17 sync: read 5415 problem publish job(s)
18:38:17 summary: 144 done, 11 pending, 2 failed, 62 unsubmittable (source missing from this checkout) (1869 out-of-order orphans ignored)
18:38:17 waiting on unpublished def bundle(s): ChapterFiniteSectionSingleTime (1 item(s)), ChapterQgTimeStepping (1 item(s)), ChapterQgTruncationResolvent (2 item(s)), ChapterQgVielbeinModeInstance (1 item(s)), ChapterQymTimeIndependentFlow (1 item(s)), ChapterScalaronFiberFL (2 item(s)), ChapterScalaronOuterFockFL (1 item(s)), ChapterSirkSingleTimeShift (1 item(s)), ChapterYangMillsAbelianFockEsa (1 item(s))
18:38:17 chunk: 0 item(s) resolved in 0s
18:38:30 sync: read 341 definition publish job(s)
18:38:49 sync: read 5415 problem publish job(s)
18:38:49 summary: 144 done, 11 pending, 2 failed, 62 unsubmittable (source missing from this checkout) (1869 out-of-order orphans ignored)
18:38:49 waiting on unpublished def bundle(s): ChapterFiniteSectionSingleTime (1 item(s)), ChapterQgTimeStepping (1 item(s)), ChapterQgTruncationResolvent (2 item(s)), ChapterQgVielbeinModeInstance (1 item(s)), ChapterQymTimeIndependentFlow (1 item(s)), ChapterScalaronFiberFL (2 item(s)), ChapterScalaronOuterFockFL (1 item(s)), ChapterSirkSingleTimeShift (1 item(s)), ChapterYangMillsAbelianFockEsa (1 item(s))
18:38:49 chunk: 0 item(s) resolved in 0s
18:39:02 sync: read 341 definition publish job(s)
18:39:24 sync: read 5415 problem publish job(s)
18:39:24 summary: 144 done, 11 pending, 2 failed, 62 unsubmittable (source missing from this checkout) (1869 out-of-order orphans ignored)
18:39:24 waiting on unpublished def bundle(s): ChapterFiniteSectionSingleTime (1 item(s)), ChapterQgTimeStepping (1 item(s)), ChapterQgTruncationResolvent (2 item(s)), ChapterQgVielbeinModeInstance (1 item(s)), ChapterQymTimeIndependentFlow (1 item(s)), ChapterScalaronFiberFL (2 item(s)), ChapterScalaronOuterFockFL (1 item(s)), ChapterSirkSingleTimeShift (1 item(s)), ChapterYangMillsAbelianFockEsa (1 item(s))
18:39:24 chunk: 0 item(s) resolved in 0s
18:39:37 sync: read 341 definition publish job(s)
18:39:58 sync: read 5415 problem publish job(s)
18:39:58 summary: 144 done, 11 pending, 2 failed, 62 unsubmittable (source missing from this checkout) (1869 out-of-order orphans ignored)
18:39:58 waiting on unpublished def bundle(s): ChapterFiniteSectionSingleTime (1 item(s)), ChapterQgTimeStepping (1 item(s)), ChapterQgTruncationResolvent (2 item(s)), ChapterQgVielbeinModeInstance (1 item(s)), ChapterQymTimeIndependentFlow (1 item(s)), ChapterScalaronFiberFL (2 item(s)), ChapterScalaronOuterFockFL (1 item(s)), ChapterSirkSingleTimeShift (1 item(s)), ChapterYangMillsAbelianFockEsa (1 item(s))
18:39:58 chunk: 0 item(s) resolved in 0s
18:40:11 sync: read 341 definition publish job(s)
18:40:34 sync: read 5415 problem publish job(s)
18:40:34 summary: 144 done, 11 pending, 2 failed, 62 unsubmittable (source missing from this checkout) (1869 out-of-order orphans ignored)
18:40:34 waiting on unpublished def bundle(s): ChapterFiniteSectionSingleTime (1 item(s)), ChapterQgTimeStepping (1 item(s)), ChapterQgTruncationResolvent (2 item(s)), ChapterQgVielbeinModeInstance (1 item(s)), ChapterQymTimeIndependentFlow (1 item(s)), ChapterScalaronFiberFL (2 item(s)), ChapterScalaronOuterFockFL (1 item(s)), ChapterSirkSingleTimeShift (1 item(s)), ChapterYangMillsAbelianFockEsa (1 item(s))
18:40:34 chunk: 0 item(s) resolved in 0s
18:40:47 sync: read 341 definition publish job(s)
18:41:09 sync: read 5415 problem publish job(s)
18:41:09 summary: 144 done, 11 pending, 2 failed, 62 unsubmittable (source missing from this checkout) (1869 out-of-order orphans ignored)
18:41:09 waiting on unpublished def bundle(s): ChapterFiniteSectionSingleTime (1 item(s)), ChapterQgTimeStepping (1 item(s)), ChapterQgTruncationResolvent (2 item(s)), ChapterQgVielbeinModeInstance (1 item(s)), ChapterQymTimeIndependentFlow (1 item(s)), ChapterScalaronFiberFL (2 item(s)), ChapterScalaronOuterFockFL (1 item(s)), ChapterSirkSingleTimeShift (1 item(s)), ChapterYangMillsAbelianFockEsa (1 item(s))
18:41:09 chunk: 0 item(s) resolved in 0s
18:41:22 sync: read 341 definition publish job(s)
18:41:44 sync: read 5415 problem publish job(s)
18:41:44 summary: 144 done, 11 pending, 2 failed, 62 unsubmittable (source missing from this checkout) (1869 out-of-order orphans ignored)
18:41:44 waiting on unpublished def bundle(s): ChapterFiniteSectionSingleTime (1 item(s)), ChapterQgTimeStepping (1 item(s)), ChapterQgTruncationResolvent (2 item(s)), ChapterQgVielbeinModeInstance (1 item(s)), ChapterQymTimeIndependentFlow (1 item(s)), ChapterScalaronFiberFL (2 item(s)), ChapterScalaronOuterFockFL (1 item(s)), ChapterSirkSingleTimeShift (1 item(s)), ChapterYangMillsAbelianFockEsa (1 item(s))
18:41:44 chunk: 0 item(s) resolved in 0s
18:41:57 sync: read 341 definition publish job(s)
18:42:21 sync: read 5415 problem publish job(s)
18:42:21 summary: 144 done, 11 pending, 2 failed, 62 unsubmittable (source missing from this checkout) (1869 out-of-order orphans ignored)
18:42:21 waiting on unpublished def bundle(s): ChapterFiniteSectionSingleTime (1 item(s)), ChapterQgTimeStepping (1 item(s)), ChapterQgTruncationResolvent (2 item(s)), ChapterQgVielbeinModeInstance (1 item(s)), ChapterQymTimeIndependentFlow (1 item(s)), ChapterScalaronFiberFL (2 item(s)), ChapterScalaronOuterFockFL (1 item(s)), ChapterSirkSingleTimeShift (1 item(s)), ChapterYangMillsAbelianFockEsa (1 item(s))
18:42:21 chunk: 0 item(s) resolved in 0s
18:42:36 sync: read 341 definition publish job(s)
18:42:59 sync: read 5415 problem publish job(s)
18:42:59 summary: 144 done, 11 pending, 2 failed, 62 unsubmittable (source missing from this checkout) (1869 out-of-order orphans ignored)
18:42:59 waiting on unpublished def bundle(s): ChapterFiniteSectionSingleTime (1 item(s)), ChapterQgTimeStepping (1 item(s)), ChapterQgTruncationResolvent (2 item(s)), ChapterQgVielbeinModeInstance (1 item(s)), ChapterQymTimeIndependentFlow (1 item(s)), ChapterScalaronFiberFL (2 item(s)), ChapterScalaronOuterFockFL (1 item(s)), ChapterSirkSingleTimeShift (1 item(s)), ChapterYangMillsAbelianFockEsa (1 item(s))
18:42:59 chunk: 0 item(s) resolved in 0s
18:43:12 sync: read 341 definition publish job(s)
18:43:32 sync: read 5415 problem publish job(s)
18:43:32 summary: 144 done, 11 pending, 2 failed, 62 unsubmittable (source missing from this checkout) (1869 out-of-order orphans ignored)
18:43:32 waiting on unpublished def bundle(s): ChapterFiniteSectionSingleTime (1 item(s)), ChapterQgTimeStepping (1 item(s)), ChapterQgTruncationResolvent (2 item(s)), ChapterQgVielbeinModeInstance (1 item(s)), ChapterQymTimeIndependentFlow (1 item(s)), ChapterScalaronFiberFL (2 item(s)), ChapterScalaronOuterFockFL (1 item(s)), ChapterSirkSingleTimeShift (1 item(s)), ChapterYangMillsAbelianFockEsa (1 item(s))
18:43:32 chunk: 0 item(s) resolved in 0s
18:43:45 sync: read 341 definition publish job(s)
18:44:07 sync: read 5415 problem publish job(s)
18:44:07 summary: 144 done, 11 pending, 2 failed, 62 unsubmittable (source missing from this checkout) (1869 out-of-order orphans ignored)
18:44:07 waiting on unpublished def bundle(s): ChapterFiniteSectionSingleTime (1 item(s)), ChapterQgTimeStepping (1 item(s)), ChapterQgTruncationResolvent (2 item(s)), ChapterQgVielbeinModeInstance (1 item(s)), ChapterQymTimeIndependentFlow (1 item(s)), ChapterScalaronFiberFL (2 item(s)), ChapterScalaronOuterFockFL (1 item(s)), ChapterSirkSingleTimeShift (1 item(s)), ChapterYangMillsAbelianFockEsa (1 item(s))
18:44:07 chunk: 0 item(s) resolved in 0s
18:44:20 sync: read 341 definition publish job(s)
18:44:41 sync: read 5415 problem publish job(s)
18:44:41 summary: 144 done, 11 pending, 2 failed, 62 unsubmittable (source missing from this checkout) (1869 out-of-order orphans ignored)
18:44:41 waiting on unpublished def bundle(s): ChapterFiniteSectionSingleTime (1 item(s)), ChapterQgTimeStepping (1 item(s)), ChapterQgTruncationResolvent (2 item(s)), ChapterQgVielbeinModeInstance (1 item(s)), ChapterQymTimeIndependentFlow (1 item(s)), ChapterScalaronFiberFL (2 item(s)), ChapterScalaronOuterFockFL (1 item(s)), ChapterSirkSingleTimeShift (1 item(s)), ChapterYangMillsAbelianFockEsa (1 item(s))
18:44:41 chunk: 0 item(s) resolved in 0s
18:44:54 sync: read 341 definition publish job(s)
18:45:20 sync: read 5415 problem publish job(s)
18:45:20 summary: 144 done, 11 pending, 2 failed, 62 unsubmittable (source missing from this checkout) (1869 out-of-order orphans ignored)
18:45:20 waiting on unpublished def bundle(s): ChapterFiniteSectionSingleTime (1 item(s)), ChapterQgTimeStepping (1 item(s)), ChapterQgTruncationResolvent (2 item(s)), ChapterQgVielbeinModeInstance (1 item(s)), ChapterQymTimeIndependentFlow (1 item(s)), ChapterScalaronFiberFL (2 item(s)), ChapterScalaronOuterFockFL (1 item(s)), ChapterSirkSingleTimeShift (1 item(s)), ChapterYangMillsAbelianFockEsa (1 item(s))
18:45:20 chunk: 0 item(s) resolved in 0s
18:45:34 sync: read 341 definition publish job(s)
18:46:09 sync: read 5415 problem publish job(s)
18:46:09 summary: 144 done, 11 pending, 2 failed, 62 unsubmittable (source missing from this checkout) (1869 out-of-order orphans ignored)
18:46:09 waiting on unpublished def bundle(s): ChapterFiniteSectionSingleTime (1 item(s)), ChapterQgTimeStepping (1 item(s)), ChapterQgTruncationResolvent (2 item(s)), ChapterQgVielbeinModeInstance (1 item(s)), ChapterQymTimeIndependentFlow (1 item(s)), ChapterScalaronFiberFL (2 item(s)), ChapterScalaronOuterFockFL (1 item(s)), ChapterSirkSingleTimeShift (1 item(s)), ChapterYangMillsAbelianFockEsa (1 item(s))
18:46:09 chunk: 0 item(s) resolved in 0s
18:46:23 sync: read 341 definition publish job(s)
18:46:45 sync: read 5415 problem publish job(s)
18:46:45 summary: 144 done, 11 pending, 2 failed, 62 unsubmittable (source missing from this checkout) (1869 out-of-order orphans ignored)
18:46:45 waiting on unpublished def bundle(s): ChapterFiniteSectionSingleTime (1 item(s)), ChapterQgTimeStepping (1 item(s)), ChapterQgTruncationResolvent (2 item(s)), ChapterQgVielbeinModeInstance (1 item(s)), ChapterQymTimeIndependentFlow (1 item(s)), ChapterScalaronFiberFL (2 item(s)), ChapterScalaronOuterFockFL (1 item(s)), ChapterSirkSingleTimeShift (1 item(s)), ChapterYangMillsAbelianFockEsa (1 item(s))
18:46:45 chunk: 0 item(s) resolved in 0s
18:46:58 sync: read 341 definition publish job(s)
18:47:23 sync: read 5415 problem publish job(s)
18:47:23 summary: 144 done, 11 pending, 2 failed, 62 unsubmittable (source missing from this checkout) (1869 out-of-order orphans ignored)
18:47:23 waiting on unpublished def bundle(s): ChapterFiniteSectionSingleTime (1 item(s)), ChapterQgTimeStepping (1 item(s)), ChapterQgTruncationResolvent (2 item(s)), ChapterQgVielbeinModeInstance (1 item(s)), ChapterQymTimeIndependentFlow (1 item(s)), ChapterScalaronFiberFL (2 item(s)), ChapterScalaronOuterFockFL (1 item(s)), ChapterSirkSingleTimeShift (1 item(s)), ChapterYangMillsAbelianFockEsa (1 item(s))
18:47:23 chunk: 0 item(s) resolved in 0s
18:47:36 sync: read 341 definition publish job(s)
18:47:55 sync: read 5415 problem publish job(s)
18:47:55 summary: 144 done, 11 pending, 2 failed, 62 unsubmittable (source missing from this checkout) (1869 out-of-order orphans ignored)
18:47:55 waiting on unpublished def bundle(s): ChapterFiniteSectionSingleTime (1 item(s)), ChapterQgTimeStepping (1 item(s)), ChapterQgTruncationResolvent (2 item(s)), ChapterQgVielbeinModeInstance (1 item(s)), ChapterQymTimeIndependentFlow (1 item(s)), ChapterScalaronFiberFL (2 item(s)), ChapterScalaronOuterFockFL (1 item(s)), ChapterSirkSingleTimeShift (1 item(s)), ChapterYangMillsAbelianFockEsa (1 item(s))
18:47:55 chunk: 0 item(s) resolved in 0s
18:48:08 sync: read 341 definition publish job(s)
18:48:28 sync: read 5415 problem publish job(s)
18:48:28 summary: 144 done, 11 pending, 2 failed, 62 unsubmittable (source missing from this checkout) (1869 out-of-order orphans ignored)
18:48:28 waiting on unpublished def bundle(s): ChapterFiniteSectionSingleTime (1 item(s)), ChapterQgTimeStepping (1 item(s)), ChapterQgTruncationResolvent (2 item(s)), ChapterQgVielbeinModeInstance (1 item(s)), ChapterQymTimeIndependentFlow (1 item(s)), ChapterScalaronFiberFL (2 item(s)), ChapterScalaronOuterFockFL (1 item(s)), ChapterSirkSingleTimeShift (1 item(s)), ChapterYangMillsAbelianFockEsa (1 item(s))
18:48:28 chunk: 0 item(s) resolved in 0s
18:48:42 sync: read 341 definition publish job(s)
18:49:03 sync: read 5415 problem publish job(s)
18:49:03 summary: 144 done, 11 pending, 2 failed, 62 unsubmittable (source missing from this checkout) (1869 out-of-order orphans ignored)
18:49:03 waiting on unpublished def bundle(s): ChapterFiniteSectionSingleTime (1 item(s)), ChapterQgTimeStepping (1 item(s)), ChapterQgTruncationResolvent (2 item(s)), ChapterQgVielbeinModeInstance (1 item(s)), ChapterQymTimeIndependentFlow (1 item(s)), ChapterScalaronFiberFL (2 item(s)), ChapterScalaronOuterFockFL (1 item(s)), ChapterSirkSingleTimeShift (1 item(s)), ChapterYangMillsAbelianFockEsa (1 item(s))
18:49:03 chunk: 0 item(s) resolved in 0s
18:49:16 sync: read 341 definition publish job(s)
18:49:38 sync: read 5415 problem publish job(s)
18:49:38 summary: 144 done, 11 pending, 2 failed, 62 unsubmittable (source missing from this checkout) (1869 out-of-order orphans ignored)
18:49:38 waiting on unpublished def bundle(s): ChapterFiniteSectionSingleTime (1 item(s)), ChapterQgTimeStepping (1 item(s)), ChapterQgTruncationResolvent (2 item(s)), ChapterQgVielbeinModeInstance (1 item(s)), ChapterQymTimeIndependentFlow (1 item(s)), ChapterScalaronFiberFL (2 item(s)), ChapterScalaronOuterFockFL (1 item(s)), ChapterSirkSingleTimeShift (1 item(s)), ChapterYangMillsAbelianFockEsa (1 item(s))
18:49:38 chunk: 0 item(s) resolved in 0s
18:49:51 sync: read 341 definition publish job(s)
18:50:12 sync: read 5415 problem publish job(s)
18:50:12 summary: 144 done, 11 pending, 2 failed, 62 unsubmittable (source missing from this checkout) (1869 out-of-order orphans ignored)
18:50:12 waiting on unpublished def bundle(s): ChapterFiniteSectionSingleTime (1 item(s)), ChapterQgTimeStepping (1 item(s)), ChapterQgTruncationResolvent (2 item(s)), ChapterQgVielbeinModeInstance (1 item(s)), ChapterQymTimeIndependentFlow (1 item(s)), ChapterScalaronFiberFL (2 item(s)), ChapterScalaronOuterFockFL (1 item(s)), ChapterSirkSingleTimeShift (1 item(s)), ChapterYangMillsAbelianFockEsa (1 item(s))
18:50:12 chunk: 0 item(s) resolved in 0s
18:50:24 sync: read 341 definition publish job(s)
18:50:47 sync: read 5415 problem publish job(s)
18:50:47 summary: 144 done, 11 pending, 2 failed, 62 unsubmittable (source missing from this checkout) (1869 out-of-order orphans ignored)
18:50:47 waiting on unpublished def bundle(s): ChapterFiniteSectionSingleTime (1 item(s)), ChapterQgTimeStepping (1 item(s)), ChapterQgTruncationResolvent (2 item(s)), ChapterQgVielbeinModeInstance (1 item(s)), ChapterQymTimeIndependentFlow (1 item(s)), ChapterScalaronFiberFL (2 item(s)), ChapterScalaronOuterFockFL (1 item(s)), ChapterSirkSingleTimeShift (1 item(s)), ChapterYangMillsAbelianFockEsa (1 item(s))
18:50:47 chunk: 0 item(s) resolved in 0s
18:51:01 sync: read 341 definition publish job(s)
18:51:21 sync: read 5415 problem publish job(s)
18:51:21 summary: 144 done, 11 pending, 2 failed, 62 unsubmittable (source missing from this checkout) (1869 out-of-order orphans ignored)
18:51:21 waiting on unpublished def bundle(s): ChapterFiniteSectionSingleTime (1 item(s)), ChapterQgTimeStepping (1 item(s)), ChapterQgTruncationResolvent (2 item(s)), ChapterQgVielbeinModeInstance (1 item(s)), ChapterQymTimeIndependentFlow (1 item(s)), ChapterScalaronFiberFL (2 item(s)), ChapterScalaronOuterFockFL (1 item(s)), ChapterSirkSingleTimeShift (1 item(s)), ChapterYangMillsAbelianFockEsa (1 item(s))
18:51:21 chunk: 0 item(s) resolved in 0s
18:51:34 sync: read 341 definition publish job(s)
18:51:55 sync: read 5415 problem publish job(s)
18:51:55 summary: 144 done, 11 pending, 2 failed, 62 unsubmittable (source missing from this checkout) (1869 out-of-order orphans ignored)
18:51:55 waiting on unpublished def bundle(s): ChapterFiniteSectionSingleTime (1 item(s)), ChapterQgTimeStepping (1 item(s)), ChapterQgTruncationResolvent (2 item(s)), ChapterQgVielbeinModeInstance (1 item(s)), ChapterQymTimeIndependentFlow (1 item(s)), ChapterScalaronFiberFL (2 item(s)), ChapterScalaronOuterFockFL (1 item(s)), ChapterSirkSingleTimeShift (1 item(s)), ChapterYangMillsAbelianFockEsa (1 item(s))
18:51:55 chunk: 0 item(s) resolved in 0s
18:52:12 sync: read 341 definition publish job(s)
18:52:32 sync: read 5415 problem publish job(s)
18:52:32 summary: 144 done, 11 pending, 2 failed, 62 unsubmittable (source missing from this checkout) (1869 out-of-order orphans ignored)
18:52:32 waiting on unpublished def bundle(s): ChapterFiniteSectionSingleTime (1 item(s)), ChapterQgTimeStepping (1 item(s)), ChapterQgTruncationResolvent (2 item(s)), ChapterQgVielbeinModeInstance (1 item(s)), ChapterQymTimeIndependentFlow (1 item(s)), ChapterScalaronFiberFL (2 item(s)), ChapterScalaronOuterFockFL (1 item(s)), ChapterSirkSingleTimeShift (1 item(s)), ChapterYangMillsAbelianFockEsa (1 item(s))
18:52:32 chunk: 0 item(s) resolved in 0s
18:52:45 sync: read 341 definition publish job(s)
18:53:07 sync: read 5415 problem publish job(s)
18:53:07 summary: 144 done, 11 pending, 2 failed, 62 unsubmittable (source missing from this checkout) (1869 out-of-order orphans ignored)
18:53:07 waiting on unpublished def bundle(s): ChapterFiniteSectionSingleTime (1 item(s)), ChapterQgTimeStepping (1 item(s)), ChapterQgTruncationResolvent (2 item(s)), ChapterQgVielbeinModeInstance (1 item(s)), ChapterQymTimeIndependentFlow (1 item(s)), ChapterScalaronFiberFL (2 item(s)), ChapterScalaronOuterFockFL (1 item(s)), ChapterSirkSingleTimeShift (1 item(s)), ChapterYangMillsAbelianFockEsa (1 item(s))
18:53:07 chunk: 0 item(s) resolved in 0s
18:53:19 sync: read 341 definition publish job(s)
18:53:40 sync: read 5415 problem publish job(s)
18:53:40 summary: 144 done, 11 pending, 2 failed, 62 unsubmittable (source missing from this checkout) (1869 out-of-order orphans ignored)
18:53:40 waiting on unpublished def bundle(s): ChapterFiniteSectionSingleTime (1 item(s)), ChapterQgTimeStepping (1 item(s)), ChapterQgTruncationResolvent (2 item(s)), ChapterQgVielbeinModeInstance (1 item(s)), ChapterQymTimeIndependentFlow (1 item(s)), ChapterScalaronFiberFL (2 item(s)), ChapterScalaronOuterFockFL (1 item(s)), ChapterSirkSingleTimeShift (1 item(s)), ChapterYangMillsAbelianFockEsa (1 item(s))
18:53:40 chunk: 0 item(s) resolved in 0s
18:53:53 sync: read 341 definition publish job(s)
18:54:14 sync: read 5415 problem publish job(s)
18:54:14 summary: 144 done, 11 pending, 2 failed, 62 unsubmittable (source missing from this checkout) (1869 out-of-order orphans ignored)
18:54:14 waiting on unpublished def bundle(s): ChapterFiniteSectionSingleTime (1 item(s)), ChapterQgTimeStepping (1 item(s)), ChapterQgTruncationResolvent (2 item(s)), ChapterQgVielbeinModeInstance (1 item(s)), ChapterQymTimeIndependentFlow (1 item(s)), ChapterScalaronFiberFL (2 item(s)), ChapterScalaronOuterFockFL (1 item(s)), ChapterSirkSingleTimeShift (1 item(s)), ChapterYangMillsAbelianFockEsa (1 item(s))
18:54:14 chunk: 0 item(s) resolved in 0s
18:54:26 sync: read 341 definition publish job(s)
18:54:46 sync: read 5415 problem publish job(s)
18:54:46 summary: 144 done, 11 pending, 2 failed, 62 unsubmittable (source missing from this checkout) (1869 out-of-order orphans ignored)
18:54:46 waiting on unpublished def bundle(s): ChapterFiniteSectionSingleTime (1 item(s)), ChapterQgTimeStepping (1 item(s)), ChapterQgTruncationResolvent (2 item(s)), ChapterQgVielbeinModeInstance (1 item(s)), ChapterQymTimeIndependentFlow (1 item(s)), ChapterScalaronFiberFL (2 item(s)), ChapterScalaronOuterFockFL (1 item(s)), ChapterSirkSingleTimeShift (1 item(s)), ChapterYangMillsAbelianFockEsa (1 item(s))
18:54:46 chunk: 0 item(s) resolved in 0s
18:54:59 sync: read 341 definition publish job(s)
18:55:22 sync: read 5415 problem publish job(s)
18:55:22 summary: 144 done, 11 pending, 2 failed, 62 unsubmittable (source missing from this checkout) (1869 out-of-order orphans ignored)
18:55:22 waiting on unpublished def bundle(s): ChapterFiniteSectionSingleTime (1 item(s)), ChapterQgTimeStepping (1 item(s)), ChapterQgTruncationResolvent (2 item(s)), ChapterQgVielbeinModeInstance (1 item(s)), ChapterQymTimeIndependentFlow (1 item(s)), ChapterScalaronFiberFL (2 item(s)), ChapterScalaronOuterFockFL (1 item(s)), ChapterSirkSingleTimeShift (1 item(s)), ChapterYangMillsAbelianFockEsa (1 item(s))
18:55:22 chunk: 0 item(s) resolved in 0s
18:55:35 sync: read 341 definition publish job(s)
18:55:56 sync: read 5415 problem publish job(s)
18:55:56 summary: 144 done, 11 pending, 2 failed, 62 unsubmittable (source missing from this checkout) (1869 out-of-order orphans ignored)
18:55:56 waiting on unpublished def bundle(s): ChapterFiniteSectionSingleTime (1 item(s)), ChapterQgTimeStepping (1 item(s)), ChapterQgTruncationResolvent (2 item(s)), ChapterQgVielbeinModeInstance (1 item(s)), ChapterQymTimeIndependentFlow (1 item(s)), ChapterScalaronFiberFL (2 item(s)), ChapterScalaronOuterFockFL (1 item(s)), ChapterSirkSingleTimeShift (1 item(s)), ChapterYangMillsAbelianFockEsa (1 item(s))
18:55:56 chunk: 0 item(s) resolved in 0s
18:56:10 sync: read 341 definition publish job(s)
18:56:31 sync: read 5415 problem publish job(s)
18:56:31 submitting def:ChapterSchrodingerCutoffEsa (attempt 1)
18:56:31 warning: no Lean toolchain at /home/leo/.elan/toolchains/leanprover--lean4---v4.33.1/bin/lake - skipping the local gate and using the platform compiler as the oracle
18:56:35 def:ChapterSchrodingerCutoffEsa: REUSING existing Definition node cf01fcd6-ce2e-4577-b369-cfd8b4ae4d92
18:56:35 def:ChapterSchrodingerCutoffEsa: DONE
18:56:36 summary: 145 done, 11 pending, 2 failed, 62 unsubmittable (source missing from this checkout) (1869 out-of-order orphans ignored)
18:56:36 waiting on unpublished def bundle(s): ChapterFiniteSectionSingleTime (1 item(s)), ChapterQgTimeStepping (1 item(s)), ChapterQgTruncationResolvent (2 item(s)), ChapterQgVielbeinModeInstance (1 item(s)), ChapterQymTimeIndependentFlow (1 item(s)), ChapterScalaronFiberFL (2 item(s)), ChapterScalaronOuterFockFL (1 item(s)), ChapterSirkSingleTimeShift (1 item(s)), ChapterYangMillsAbelianFockEsa (1 item(s))
18:56:36 chunk: 1 item(s) resolved in 4s
18:56:48 sync: read 341 definition publish job(s)
18:57:09 sync: read 5415 problem publish job(s)
18:57:09 summary: 145 done, 11 pending, 2 failed, 62 unsubmittable (source missing from this checkout) (1869 out-of-order orphans ignored)
18:57:09 waiting on unpublished def bundle(s): ChapterFiniteSectionSingleTime (1 item(s)), ChapterQgTimeStepping (1 item(s)), ChapterQgTruncationResolvent (2 item(s)), ChapterQgVielbeinModeInstance (1 item(s)), ChapterQymTimeIndependentFlow (1 item(s)), ChapterScalaronFiberFL (2 item(s)), ChapterScalaronOuterFockFL (1 item(s)), ChapterSirkSingleTimeShift (1 item(s)), ChapterYangMillsAbelianFockEsa (1 item(s))
18:57:09 chunk: 0 item(s) resolved in 0s
18:57:23 sync: read 341 definition publish job(s)
18:57:45 sync: read 5415 problem publish job(s)
18:57:45 summary: 145 done, 11 pending, 2 failed, 63 unsubmittable (source missing from this checkout) (1869 out-of-order orphans ignored)
18:57:45 waiting on unpublished def bundle(s): ChapterFiniteSectionSingleTime (1 item(s)), ChapterQgTimeStepping (1 item(s)), ChapterQgTruncationResolvent (2 item(s)), ChapterQgVielbeinModeInstance (1 item(s)), ChapterQymTimeIndependentFlow (1 item(s)), ChapterScalaronFiberFL (2 item(s)), ChapterScalaronOuterFockFL (1 item(s)), ChapterSirkSingleTimeShift (1 item(s)), ChapterYangMillsAbelianFockEsa (1 item(s))
18:57:45 chunk: 0 item(s) resolved in 0s
18:57:58 sync: read 341 definition publish job(s)
18:58:18 sync: read 5415 problem publish job(s)
18:58:18 summary: 145 done, 11 pending, 2 failed, 62 unsubmittable (source missing from this checkout) (1869 out-of-order orphans ignored)
18:58:18 waiting on unpublished def bundle(s): ChapterFiniteSectionSingleTime (1 item(s)), ChapterQgTimeStepping (1 item(s)), ChapterQgTruncationResolvent (2 item(s)), ChapterQgVielbeinModeInstance (1 item(s)), ChapterQymTimeIndependentFlow (1 item(s)), ChapterScalaronFiberFL (2 item(s)), ChapterScalaronOuterFockFL (1 item(s)), ChapterSirkSingleTimeShift (1 item(s)), ChapterYangMillsAbelianFockEsa (1 item(s))
18:58:18 chunk: 0 item(s) resolved in 0s
18:58:31 sync: read 341 definition publish job(s)
18:58:53 sync: read 5415 problem publish job(s)
18:58:53 summary: 145 done, 11 pending, 2 failed, 62 unsubmittable (source missing from this checkout) (1869 out-of-order orphans ignored)
18:58:53 waiting on unpublished def bundle(s): ChapterFiniteSectionSingleTime (1 item(s)), ChapterQgTimeStepping (1 item(s)), ChapterQgTruncationResolvent (2 item(s)), ChapterQgVielbeinModeInstance (1 item(s)), ChapterQymTimeIndependentFlow (1 item(s)), ChapterScalaronFiberFL (2 item(s)), ChapterScalaronOuterFockFL (1 item(s)), ChapterSirkSingleTimeShift (1 item(s)), ChapterYangMillsAbelianFockEsa (1 item(s))
18:58:53 chunk: 0 item(s) resolved in 0s
18:59:05 sync: read 341 definition publish job(s)
18:59:27 sync: read 5415 problem publish job(s)
18:59:27 summary: 145 done, 11 pending, 2 failed, 62 unsubmittable (source missing from this checkout) (1869 out-of-order orphans ignored)
18:59:27 waiting on unpublished def bundle(s): ChapterFiniteSectionSingleTime (1 item(s)), ChapterQgTimeStepping (1 item(s)), ChapterQgTruncationResolvent (2 item(s)), ChapterQgVielbeinModeInstance (1 item(s)), ChapterQymTimeIndependentFlow (1 item(s)), ChapterScalaronFiberFL (2 item(s)), ChapterScalaronOuterFockFL (1 item(s)), ChapterSirkSingleTimeShift (1 item(s)), ChapterYangMillsAbelianFockEsa (1 item(s))
18:59:27 chunk: 0 item(s) resolved in 0s
18:59:41 sync: read 342 definition publish job(s)
19:00:14 sync: read 5415 problem publish job(s)
19:00:14 summary: 145 done, 11 pending, 2 failed, 62 unsubmittable (source missing from this checkout) (1869 out-of-order orphans ignored)
19:00:14 waiting on unpublished def bundle(s): ChapterFiniteSectionSingleTime (1 item(s)), ChapterQgTimeStepping (1 item(s)), ChapterQgTruncationResolvent (2 item(s)), ChapterQgVielbeinModeInstance (1 item(s)), ChapterQymTimeIndependentFlow (1 item(s)), ChapterScalaronFiberFL (2 item(s)), ChapterScalaronOuterFockFL (1 item(s)), ChapterSirkSingleTimeShift (1 item(s)), ChapterYangMillsAbelianFockEsa (1 item(s))
19:00:14 chunk: 0 item(s) resolved in 0s
19:00:28 sync: read 342 definition publish job(s)
19:00:59 sync: read 5415 problem publish job(s)
19:00:59 summary: 145 done, 11 pending, 2 failed, 62 unsubmittable (source missing from this checkout) (1869 out-of-order orphans ignored)
19:00:59 waiting on unpublished def bundle(s): ChapterFiniteSectionSingleTime (1 item(s)), ChapterQgTimeStepping (1 item(s)), ChapterQgTruncationResolvent (2 item(s)), ChapterQgVielbeinModeInstance (1 item(s)), ChapterQymTimeIndependentFlow (1 item(s)), ChapterScalaronFiberFL (2 item(s)), ChapterScalaronOuterFockFL (1 item(s)), ChapterSirkSingleTimeShift (1 item(s)), ChapterYangMillsAbelianFockEsa (1 item(s))
19:00:59 chunk: 0 item(s) resolved in 0s
19:01:13 sync: read 342 definition publish job(s)
19:01:34 sync: read 5415 problem publish job(s)
19:01:34 summary: 145 done, 11 pending, 2 failed, 62 unsubmittable (source missing from this checkout) (1869 out-of-order orphans ignored)
19:01:34 waiting on unpublished def bundle(s): ChapterFiniteSectionSingleTime (1 item(s)), ChapterQgTimeStepping (1 item(s)), ChapterQgTruncationResolvent (2 item(s)), ChapterQgVielbeinModeInstance (1 item(s)), ChapterQymTimeIndependentFlow (1 item(s)), ChapterScalaronFiberFL (2 item(s)), ChapterScalaronOuterFockFL (1 item(s)), ChapterSirkSingleTimeShift (1 item(s)), ChapterYangMillsAbelianFockEsa (1 item(s))
19:01:34 chunk: 0 item(s) resolved in 0s
19:01:47 sync: read 342 definition publish job(s)
19:02:09 sync: read 5415 problem publish job(s)
19:02:09 summary: 145 done, 11 pending, 2 failed, 62 unsubmittable (source missing from this checkout) (1869 out-of-order orphans ignored)
19:02:09 waiting on unpublished def bundle(s): ChapterFiniteSectionSingleTime (1 item(s)), ChapterQgTimeStepping (1 item(s)), ChapterQgTruncationResolvent (2 item(s)), ChapterQgVielbeinModeInstance (1 item(s)), ChapterQymTimeIndependentFlow (1 item(s)), ChapterScalaronFiberFL (2 item(s)), ChapterScalaronOuterFockFL (1 item(s)), ChapterSirkSingleTimeShift (1 item(s)), ChapterYangMillsAbelianFockEsa (1 item(s))
19:02:09 chunk: 0 item(s) resolved in 0s
19:02:22 sync: read 342 definition publish job(s)
19:02:47 sync: read 5415 problem publish job(s)
19:02:47 summary: 145 done, 11 pending, 2 failed, 62 unsubmittable (source missing from this checkout) (1869 out-of-order orphans ignored)
19:02:47 waiting on unpublished def bundle(s): ChapterFiniteSectionSingleTime (1 item(s)), ChapterQgTimeStepping (1 item(s)), ChapterQgTruncationResolvent (2 item(s)), ChapterQgVielbeinModeInstance (1 item(s)), ChapterQymTimeIndependentFlow (1 item(s)), ChapterScalaronFiberFL (2 item(s)), ChapterScalaronOuterFockFL (1 item(s)), ChapterSirkSingleTimeShift (1 item(s)), ChapterYangMillsAbelianFockEsa (1 item(s))
19:02:47 chunk: 0 item(s) resolved in 0s
19:03:00 sync: read 342 definition publish job(s)
19:03:25 sync: read 5415 problem publish job(s)
19:03:25 summary: 145 done, 11 pending, 2 failed, 62 unsubmittable (source missing from this checkout) (1869 out-of-order orphans ignored)
19:03:25 waiting on unpublished def bundle(s): ChapterFiniteSectionSingleTime (1 item(s)), ChapterQgTimeStepping (1 item(s)), ChapterQgTruncationResolvent (2 item(s)), ChapterQgVielbeinModeInstance (1 item(s)), ChapterQymTimeIndependentFlow (1 item(s)), ChapterScalaronFiberFL (2 item(s)), ChapterScalaronOuterFockFL (1 item(s)), ChapterSirkSingleTimeShift (1 item(s)), ChapterYangMillsAbelianFockEsa (1 item(s))
19:03:25 chunk: 0 item(s) resolved in 0s
19:03:39 sync: read 342 definition publish job(s)
19:04:01 sync: read 5415 problem publish job(s)
19:04:01 summary: 145 done, 11 pending, 2 failed, 62 unsubmittable (source missing from this checkout) (1869 out-of-order orphans ignored)
19:04:01 waiting on unpublished def bundle(s): ChapterFiniteSectionSingleTime (1 item(s)), ChapterQgTimeStepping (1 item(s)), ChapterQgTruncationResolvent (2 item(s)), ChapterQgVielbeinModeInstance (1 item(s)), ChapterQymTimeIndependentFlow (1 item(s)), ChapterScalaronFiberFL (2 item(s)), ChapterScalaronOuterFockFL (1 item(s)), ChapterSirkSingleTimeShift (1 item(s)), ChapterYangMillsAbelianFockEsa (1 item(s))
19:04:01 chunk: 0 item(s) resolved in 0s
19:04:15 sync: read 343 definition publish job(s)
19:04:36 sync: read 5415 problem publish job(s)
19:04:36 summary: 145 done, 11 pending, 2 failed, 62 unsubmittable (source missing from this checkout) (1869 out-of-order orphans ignored)
19:04:36 waiting on unpublished def bundle(s): ChapterFiniteSectionSingleTime (1 item(s)), ChapterQgTimeStepping (1 item(s)), ChapterQgTruncationResolvent (2 item(s)), ChapterQgVielbeinModeInstance (1 item(s)), ChapterQymTimeIndependentFlow (1 item(s)), ChapterScalaronFiberFL (2 item(s)), ChapterScalaronOuterFockFL (1 item(s)), ChapterSirkSingleTimeShift (1 item(s)), ChapterYangMillsAbelianFockEsa (1 item(s))
19:04:36 chunk: 0 item(s) resolved in 0s
19:04:50 sync: read 343 definition publish job(s)
19:05:13 sync: read 5415 problem publish job(s)
19:05:13 summary: 145 done, 11 pending, 2 failed, 62 unsubmittable (source missing from this checkout) (1869 out-of-order orphans ignored)
19:05:13 waiting on unpublished def bundle(s): ChapterFiniteSectionSingleTime (1 item(s)), ChapterQgTimeStepping (1 item(s)), ChapterQgTruncationResolvent (2 item(s)), ChapterQgVielbeinModeInstance (1 item(s)), ChapterQymTimeIndependentFlow (1 item(s)), ChapterScalaronFiberFL (2 item(s)), ChapterScalaronOuterFockFL (1 item(s)), ChapterSirkSingleTimeShift (1 item(s)), ChapterYangMillsAbelianFockEsa (1 item(s))
19:05:13 chunk: 0 item(s) resolved in 0s
19:05:27 sync: read 343 definition publish job(s)
19:05:49 sync: read 5415 problem publish job(s)
19:05:49 summary: 145 done, 11 pending, 2 failed, 62 unsubmittable (source missing from this checkout) (1869 out-of-order orphans ignored)
19:05:49 waiting on unpublished def bundle(s): ChapterFiniteSectionSingleTime (1 item(s)), ChapterQgTimeStepping (1 item(s)), ChapterQgTruncationResolvent (2 item(s)), ChapterQgVielbeinModeInstance (1 item(s)), ChapterQymTimeIndependentFlow (1 item(s)), ChapterScalaronFiberFL (2 item(s)), ChapterScalaronOuterFockFL (1 item(s)), ChapterSirkSingleTimeShift (1 item(s)), ChapterYangMillsAbelianFockEsa (1 item(s))
19:05:49 chunk: 0 item(s) resolved in 0s
19:06:03 sync: read 343 definition publish job(s)
19:06:23 sync: read 5415 problem publish job(s)
19:06:23 summary: 145 done, 11 pending, 2 failed, 62 unsubmittable (source missing from this checkout) (1869 out-of-order orphans ignored)
19:06:23 waiting on unpublished def bundle(s): ChapterFiniteSectionSingleTime (1 item(s)), ChapterQgTimeStepping (1 item(s)), ChapterQgTruncationResolvent (2 item(s)), ChapterQgVielbeinModeInstance (1 item(s)), ChapterQymTimeIndependentFlow (1 item(s)), ChapterScalaronFiberFL (2 item(s)), ChapterScalaronOuterFockFL (1 item(s)), ChapterSirkSingleTimeShift (1 item(s)), ChapterYangMillsAbelianFockEsa (1 item(s))
19:06:23 chunk: 0 item(s) resolved in 0s
19:06:37 sync: read 343 definition publish job(s)
19:07:02 sync: read 5415 problem publish job(s)
19:07:02 summary: 145 done, 11 pending, 2 failed, 62 unsubmittable (source missing from this checkout) (1869 out-of-order orphans ignored)
19:07:02 waiting on unpublished def bundle(s): ChapterFiniteSectionSingleTime (1 item(s)), ChapterQgTimeStepping (1 item(s)), ChapterQgTruncationResolvent (2 item(s)), ChapterQgVielbeinModeInstance (1 item(s)), ChapterQymTimeIndependentFlow (1 item(s)), ChapterScalaronFiberFL (2 item(s)), ChapterScalaronOuterFockFL (1 item(s)), ChapterSirkSingleTimeShift (1 item(s)), ChapterYangMillsAbelianFockEsa (1 item(s))
19:07:02 chunk: 0 item(s) resolved in 0s
19:07:15 sync: read 343 definition publish job(s)
19:07:36 sync: read 5415 problem publish job(s)
19:07:36 summary: 145 done, 11 pending, 2 failed, 62 unsubmittable (source missing from this checkout) (1869 out-of-order orphans ignored)
19:07:36 waiting on unpublished def bundle(s): ChapterFiniteSectionSingleTime (1 item(s)), ChapterQgTimeStepping (1 item(s)), ChapterQgTruncationResolvent (2 item(s)), ChapterQgVielbeinModeInstance (1 item(s)), ChapterQymTimeIndependentFlow (1 item(s)), ChapterScalaronFiberFL (2 item(s)), ChapterScalaronOuterFockFL (1 item(s)), ChapterSirkSingleTimeShift (1 item(s)), ChapterYangMillsAbelianFockEsa (1 item(s))
19:07:36 chunk: 0 item(s) resolved in 0s
19:07:51 sync: read 343 definition publish job(s)
19:08:14 sync: read 5415 problem publish job(s)
19:08:14 summary: 145 done, 11 pending, 2 failed, 62 unsubmittable (source missing from this checkout) (1869 out-of-order orphans ignored)
19:08:14 waiting on unpublished def bundle(s): ChapterFiniteSectionSingleTime (1 item(s)), ChapterQgTimeStepping (1 item(s)), ChapterQgTruncationResolvent (2 item(s)), ChapterQgVielbeinModeInstance (1 item(s)), ChapterQymTimeIndependentFlow (1 item(s)), ChapterScalaronFiberFL (2 item(s)), ChapterScalaronOuterFockFL (1 item(s)), ChapterSirkSingleTimeShift (1 item(s)), ChapterYangMillsAbelianFockEsa (1 item(s))
19:08:14 chunk: 0 item(s) resolved in 0s
19:08:29 sync: read 343 definition publish job(s)
19:08:50 sync: read 5415 problem publish job(s)
19:08:50 summary: 145 done, 11 pending, 2 failed, 62 unsubmittable (source missing from this checkout) (1869 out-of-order orphans ignored)
19:08:50 waiting on unpublished def bundle(s): ChapterFiniteSectionSingleTime (1 item(s)), ChapterQgTimeStepping (1 item(s)), ChapterQgTruncationResolvent (2 item(s)), ChapterQgVielbeinModeInstance (1 item(s)), ChapterQymTimeIndependentFlow (1 item(s)), ChapterScalaronFiberFL (2 item(s)), ChapterScalaronOuterFockFL (1 item(s)), ChapterSirkSingleTimeShift (1 item(s)), ChapterYangMillsAbelianFockEsa (1 item(s))
19:08:50 chunk: 0 item(s) resolved in 0s
19:09:04 sync: read 343 definition publish job(s)
19:09:24 sync: read 5415 problem publish job(s)
19:09:24 summary: 145 done, 11 pending, 2 failed, 62 unsubmittable (source missing from this checkout) (1869 out-of-order orphans ignored)
19:09:24 waiting on unpublished def bundle(s): ChapterFiniteSectionSingleTime (1 item(s)), ChapterQgTimeStepping (1 item(s)), ChapterQgTruncationResolvent (2 item(s)), ChapterQgVielbeinModeInstance (1 item(s)), ChapterQymTimeIndependentFlow (1 item(s)), ChapterScalaronFiberFL (2 item(s)), ChapterScalaronOuterFockFL (1 item(s)), ChapterSirkSingleTimeShift (1 item(s)), ChapterYangMillsAbelianFockEsa (1 item(s))
19:09:24 chunk: 0 item(s) resolved in 0s
19:09:37 sync: read 343 definition publish job(s)
19:09:57 sync: read 5415 problem publish job(s)
19:09:57 summary: 145 done, 11 pending, 2 failed, 62 unsubmittable (source missing from this checkout) (1869 out-of-order orphans ignored)
19:09:57 waiting on unpublished def bundle(s): ChapterFiniteSectionSingleTime (1 item(s)), ChapterQgTimeStepping (1 item(s)), ChapterQgTruncationResolvent (2 item(s)), ChapterQgVielbeinModeInstance (1 item(s)), ChapterQymTimeIndependentFlow (1 item(s)), ChapterScalaronFiberFL (2 item(s)), ChapterScalaronOuterFockFL (1 item(s)), ChapterSirkSingleTimeShift (1 item(s)), ChapterYangMillsAbelianFockEsa (1 item(s))
19:09:57 chunk: 0 item(s) resolved in 0s
19:10:11 sync: read 343 definition publish job(s)
19:10:31 sync: read 5415 problem publish job(s)
19:10:31 summary: 145 done, 11 pending, 2 failed, 62 unsubmittable (source missing from this checkout) (1869 out-of-order orphans ignored)
19:10:31 waiting on unpublished def bundle(s): ChapterFiniteSectionSingleTime (1 item(s)), ChapterQgTimeStepping (1 item(s)), ChapterQgTruncationResolvent (2 item(s)), ChapterQgVielbeinModeInstance (1 item(s)), ChapterQymTimeIndependentFlow (1 item(s)), ChapterScalaronFiberFL (2 item(s)), ChapterScalaronOuterFockFL (1 item(s)), ChapterSirkSingleTimeShift (1 item(s)), ChapterYangMillsAbelianFockEsa (1 item(s))
19:10:31 chunk: 0 item(s) resolved in 0s
19:10:45 sync: read 343 definition publish job(s)
19:11:08 sync: read 5415 problem publish job(s)
19:11:08 summary: 145 done, 11 pending, 2 failed, 62 unsubmittable (source missing from this checkout) (1869 out-of-order orphans ignored)
19:11:08 waiting on unpublished def bundle(s): ChapterFiniteSectionSingleTime (1 item(s)), ChapterQgTimeStepping (1 item(s)), ChapterQgTruncationResolvent (2 item(s)), ChapterQgVielbeinModeInstance (1 item(s)), ChapterQymTimeIndependentFlow (1 item(s)), ChapterScalaronFiberFL (2 item(s)), ChapterScalaronOuterFockFL (1 item(s)), ChapterSirkSingleTimeShift (1 item(s)), ChapterYangMillsAbelianFockEsa (1 item(s))
19:11:08 chunk: 0 item(s) resolved in 0s
19:11:21 sync: read 343 definition publish job(s)
19:11:42 sync: read 5415 problem publish job(s)
19:11:42 summary: 145 done, 11 pending, 2 failed, 62 unsubmittable (source missing from this checkout) (1869 out-of-order orphans ignored)
19:11:42 waiting on unpublished def bundle(s): ChapterFiniteSectionSingleTime (1 item(s)), ChapterQgTimeStepping (1 item(s)), ChapterQgTruncationResolvent (2 item(s)), ChapterQgVielbeinModeInstance (1 item(s)), ChapterQymTimeIndependentFlow (1 item(s)), ChapterScalaronFiberFL (2 item(s)), ChapterScalaronOuterFockFL (1 item(s)), ChapterSirkSingleTimeShift (1 item(s)), ChapterYangMillsAbelianFockEsa (1 item(s))
19:11:42 chunk: 0 item(s) resolved in 0s
19:11:55 sync: read 343 definition publish job(s)
19:12:15 sync: read 5415 problem publish job(s)
19:12:15 summary: 145 done, 11 pending, 2 failed, 62 unsubmittable (source missing from this checkout) (1869 out-of-order orphans ignored)
19:12:15 waiting on unpublished def bundle(s): ChapterFiniteSectionSingleTime (1 item(s)), ChapterQgTimeStepping (1 item(s)), ChapterQgTruncationResolvent (2 item(s)), ChapterQgVielbeinModeInstance (1 item(s)), ChapterQymTimeIndependentFlow (1 item(s)), ChapterScalaronFiberFL (2 item(s)), ChapterScalaronOuterFockFL (1 item(s)), ChapterSirkSingleTimeShift (1 item(s)), ChapterYangMillsAbelianFockEsa (1 item(s))
19:12:15 chunk: 0 item(s) resolved in 0s
19:12:29 sync: read 343 definition publish job(s)
19:12:50 sync: read 5415 problem publish job(s)
19:12:50 summary: 145 done, 11 pending, 2 failed, 62 unsubmittable (source missing from this checkout) (1869 out-of-order orphans ignored)
19:12:50 waiting on unpublished def bundle(s): ChapterFiniteSectionSingleTime (1 item(s)), ChapterQgTimeStepping (1 item(s)), ChapterQgTruncationResolvent (2 item(s)), ChapterQgVielbeinModeInstance (1 item(s)), ChapterQymTimeIndependentFlow (1 item(s)), ChapterScalaronFiberFL (2 item(s)), ChapterScalaronOuterFockFL (1 item(s)), ChapterSirkSingleTimeShift (1 item(s)), ChapterYangMillsAbelianFockEsa (1 item(s))
19:12:50 chunk: 0 item(s) resolved in 0s
19:13:03 sync: read 343 definition publish job(s)
19:13:24 sync: read 5415 problem publish job(s)
19:13:24 summary: 145 done, 11 pending, 2 failed, 62 unsubmittable (source missing from this checkout) (1869 out-of-order orphans ignored)
19:13:24 waiting on unpublished def bundle(s): ChapterFiniteSectionSingleTime (1 item(s)), ChapterQgTimeStepping (1 item(s)), ChapterQgTruncationResolvent (2 item(s)), ChapterQgVielbeinModeInstance (1 item(s)), ChapterQymTimeIndependentFlow (1 item(s)), ChapterScalaronFiberFL (2 item(s)), ChapterScalaronOuterFockFL (1 item(s)), ChapterSirkSingleTimeShift (1 item(s)), ChapterYangMillsAbelianFockEsa (1 item(s))
19:13:24 chunk: 0 item(s) resolved in 0s
19:13:37 sync: read 343 definition publish job(s)
19:13:59 sync: read 5415 problem publish job(s)
19:13:59 summary: 145 done, 11 pending, 2 failed, 62 unsubmittable (source missing from this checkout) (1869 out-of-order orphans ignored)
19:13:59 waiting on unpublished def bundle(s): ChapterFiniteSectionSingleTime (1 item(s)), ChapterQgTimeStepping (1 item(s)), ChapterQgTruncationResolvent (2 item(s)), ChapterQgVielbeinModeInstance (1 item(s)), ChapterQymTimeIndependentFlow (1 item(s)), ChapterScalaronFiberFL (2 item(s)), ChapterScalaronOuterFockFL (1 item(s)), ChapterSirkSingleTimeShift (1 item(s)), ChapterYangMillsAbelianFockEsa (1 item(s))
19:13:59 chunk: 0 item(s) resolved in 0s
19:14:13 sync: read 343 definition publish job(s)
19:14:37 sync: read 5415 problem publish job(s)
19:14:37 summary: 145 done, 11 pending, 2 failed, 62 unsubmittable (source missing from this checkout) (1869 out-of-order orphans ignored)
19:14:37 waiting on unpublished def bundle(s): ChapterFiniteSectionSingleTime (1 item(s)), ChapterQgTimeStepping (1 item(s)), ChapterQgTruncationResolvent (2 item(s)), ChapterQgVielbeinModeInstance (1 item(s)), ChapterQymTimeIndependentFlow (1 item(s)), ChapterScalaronFiberFL (2 item(s)), ChapterScalaronOuterFockFL (1 item(s)), ChapterSirkSingleTimeShift (1 item(s)), ChapterYangMillsAbelianFockEsa (1 item(s))
19:14:37 chunk: 0 item(s) resolved in 0s
19:14:50 sync: read 343 definition publish job(s)
19:15:12 sync: read 5415 problem publish job(s)
19:15:12 summary: 145 done, 11 pending, 2 failed, 62 unsubmittable (source missing from this checkout) (1869 out-of-order orphans ignored)
19:15:12 waiting on unpublished def bundle(s): ChapterFiniteSectionSingleTime (1 item(s)), ChapterQgTimeStepping (1 item(s)), ChapterQgTruncationResolvent (2 item(s)), ChapterQgVielbeinModeInstance (1 item(s)), ChapterQymTimeIndependentFlow (1 item(s)), ChapterScalaronFiberFL (2 item(s)), ChapterScalaronOuterFockFL (1 item(s)), ChapterSirkSingleTimeShift (1 item(s)), ChapterYangMillsAbelianFockEsa (1 item(s))
19:15:12 chunk: 0 item(s) resolved in 0s
19:15:25 sync: read 343 definition publish job(s)
19:15:49 sync: read 5415 problem publish job(s)
19:15:49 summary: 145 done, 11 pending, 2 failed, 62 unsubmittable (source missing from this checkout) (1869 out-of-order orphans ignored)
19:15:49 waiting on unpublished def bundle(s): ChapterFiniteSectionSingleTime (1 item(s)), ChapterQgTimeStepping (1 item(s)), ChapterQgTruncationResolvent (2 item(s)), ChapterQgVielbeinModeInstance (1 item(s)), ChapterQymTimeIndependentFlow (1 item(s)), ChapterScalaronFiberFL (2 item(s)), ChapterScalaronOuterFockFL (1 item(s)), ChapterSirkSingleTimeShift (1 item(s)), ChapterYangMillsAbelianFockEsa (1 item(s))
19:15:49 chunk: 0 item(s) resolved in 0s
19:16:02 sync: read 343 definition publish job(s)
19:16:26 sync: read 5415 problem publish job(s)
19:16:26 summary: 145 done, 11 pending, 2 failed, 62 unsubmittable (source missing from this checkout) (1869 out-of-order orphans ignored)
19:16:26 waiting on unpublished def bundle(s): ChapterFiniteSectionSingleTime (1 item(s)), ChapterQgTimeStepping (1 item(s)), ChapterQgTruncationResolvent (2 item(s)), ChapterQgVielbeinModeInstance (1 item(s)), ChapterQymTimeIndependentFlow (1 item(s)), ChapterScalaronFiberFL (2 item(s)), ChapterScalaronOuterFockFL (1 item(s)), ChapterSirkSingleTimeShift (1 item(s)), ChapterYangMillsAbelianFockEsa (1 item(s))
19:16:26 chunk: 0 item(s) resolved in 0s
19:16:40 sync: read 343 definition publish job(s)
19:17:00 sync: read 5415 problem publish job(s)
19:17:00 summary: 145 done, 11 pending, 2 failed, 62 unsubmittable (source missing from this checkout) (1869 out-of-order orphans ignored)
19:17:00 waiting on unpublished def bundle(s): ChapterFiniteSectionSingleTime (1 item(s)), ChapterQgTimeStepping (1 item(s)), ChapterQgTruncationResolvent (2 item(s)), ChapterQgVielbeinModeInstance (1 item(s)), ChapterQymTimeIndependentFlow (1 item(s)), ChapterScalaronFiberFL (2 item(s)), ChapterScalaronOuterFockFL (1 item(s)), ChapterSirkSingleTimeShift (1 item(s)), ChapterYangMillsAbelianFockEsa (1 item(s))
19:17:00 chunk: 0 item(s) resolved in 0s
19:17:13 sync: read 343 definition publish job(s)
19:17:35 sync: read 5415 problem publish job(s)
19:17:35 summary: 145 done, 11 pending, 2 failed, 62 unsubmittable (source missing from this checkout) (1869 out-of-order orphans ignored)
19:17:35 waiting on unpublished def bundle(s): ChapterFiniteSectionSingleTime (1 item(s)), ChapterQgTimeStepping (1 item(s)), ChapterQgTruncationResolvent (2 item(s)), ChapterQgVielbeinModeInstance (1 item(s)), ChapterQymTimeIndependentFlow (1 item(s)), ChapterScalaronFiberFL (2 item(s)), ChapterScalaronOuterFockFL (1 item(s)), ChapterSirkSingleTimeShift (1 item(s)), ChapterYangMillsAbelianFockEsa (1 item(s))
19:17:35 chunk: 0 item(s) resolved in 0s
19:17:48 sync: read 343 definition publish job(s)
19:18:08 sync: read 5415 problem publish job(s)
19:18:08 summary: 145 done, 11 pending, 2 failed, 62 unsubmittable (source missing from this checkout) (1869 out-of-order orphans ignored)
19:18:08 waiting on unpublished def bundle(s): ChapterFiniteSectionSingleTime (1 item(s)), ChapterQgTimeStepping (1 item(s)), ChapterQgTruncationResolvent (2 item(s)), ChapterQgVielbeinModeInstance (1 item(s)), ChapterQymTimeIndependentFlow (1 item(s)), ChapterScalaronFiberFL (2 item(s)), ChapterScalaronOuterFockFL (1 item(s)), ChapterSirkSingleTimeShift (1 item(s)), ChapterYangMillsAbelianFockEsa (1 item(s))
19:18:08 chunk: 0 item(s) resolved in 0s
19:18:22 sync: read 343 definition publish job(s)
19:18:47 sync: read 5415 problem publish job(s)
19:18:47 summary: 145 done, 11 pending, 2 failed, 62 unsubmittable (source missing from this checkout) (1869 out-of-order orphans ignored)
19:18:47 waiting on unpublished def bundle(s): ChapterFiniteSectionSingleTime (1 item(s)), ChapterQgTimeStepping (1 item(s)), ChapterQgTruncationResolvent (2 item(s)), ChapterQgVielbeinModeInstance (1 item(s)), ChapterQymTimeIndependentFlow (1 item(s)), ChapterScalaronFiberFL (2 item(s)), ChapterScalaronOuterFockFL (1 item(s)), ChapterSirkSingleTimeShift (1 item(s)), ChapterYangMillsAbelianFockEsa (1 item(s))
19:18:47 chunk: 0 item(s) resolved in 0s
19:19:00 sync: read 343 definition publish job(s)
19:19:22 sync: read 5415 problem publish job(s)
19:19:22 summary: 145 done, 11 pending, 2 failed, 62 unsubmittable (source missing from this checkout) (1869 out-of-order orphans ignored)
19:19:22 waiting on unpublished def bundle(s): ChapterFiniteSectionSingleTime (1 item(s)), ChapterQgTimeStepping (1 item(s)), ChapterQgTruncationResolvent (2 item(s)), ChapterQgVielbeinModeInstance (1 item(s)), ChapterQymTimeIndependentFlow (1 item(s)), ChapterScalaronFiberFL (2 item(s)), ChapterScalaronOuterFockFL (1 item(s)), ChapterSirkSingleTimeShift (1 item(s)), ChapterYangMillsAbelianFockEsa (1 item(s))
19:19:22 chunk: 0 item(s) resolved in 0s
19:19:36 sync: read 343 definition publish job(s)
19:19:56 sync: read 5415 problem publish job(s)
19:19:56 summary: 145 done, 11 pending, 2 failed, 62 unsubmittable (source missing from this checkout) (1869 out-of-order orphans ignored)
19:19:56 waiting on unpublished def bundle(s): ChapterFiniteSectionSingleTime (1 item(s)), ChapterQgTimeStepping (1 item(s)), ChapterQgTruncationResolvent (2 item(s)), ChapterQgVielbeinModeInstance (1 item(s)), ChapterQymTimeIndependentFlow (1 item(s)), ChapterScalaronFiberFL (2 item(s)), ChapterScalaronOuterFockFL (1 item(s)), ChapterSirkSingleTimeShift (1 item(s)), ChapterYangMillsAbelianFockEsa (1 item(s))
19:19:56 chunk: 0 item(s) resolved in 0s
19:20:10 sync: read 343 definition publish job(s)
19:20:33 sync: read 5415 problem publish job(s)
19:20:33 summary: 145 done, 11 pending, 2 failed, 62 unsubmittable (source missing from this checkout) (1869 out-of-order orphans ignored)
19:20:33 waiting on unpublished def bundle(s): ChapterFiniteSectionSingleTime (1 item(s)), ChapterQgTimeStepping (1 item(s)), ChapterQgTruncationResolvent (2 item(s)), ChapterQgVielbeinModeInstance (1 item(s)), ChapterQymTimeIndependentFlow (1 item(s)), ChapterScalaronFiberFL (2 item(s)), ChapterScalaronOuterFockFL (1 item(s)), ChapterSirkSingleTimeShift (1 item(s)), ChapterYangMillsAbelianFockEsa (1 item(s))
19:20:33 chunk: 0 item(s) resolved in 0s
19:20:46 sync: read 343 definition publish job(s)
19:21:11 sync: read 5415 problem publish job(s)
19:21:11 summary: 145 done, 11 pending, 2 failed, 62 unsubmittable (source missing from this checkout) (1869 out-of-order orphans ignored)
19:21:11 waiting on unpublished def bundle(s): ChapterFiniteSectionSingleTime (1 item(s)), ChapterQgTimeStepping (1 item(s)), ChapterQgTruncationResolvent (2 item(s)), ChapterQgVielbeinModeInstance (1 item(s)), ChapterQymTimeIndependentFlow (1 item(s)), ChapterScalaronFiberFL (2 item(s)), ChapterScalaronOuterFockFL (1 item(s)), ChapterSirkSingleTimeShift (1 item(s)), ChapterYangMillsAbelianFockEsa (1 item(s))
19:21:11 chunk: 0 item(s) resolved in 0s
19:21:24 sync: read 343 definition publish job(s)
19:21:46 sync: read 5415 problem publish job(s)
19:21:47 summary: 145 done, 11 pending, 2 failed, 62 unsubmittable (source missing from this checkout) (1869 out-of-order orphans ignored)
19:21:47 waiting on unpublished def bundle(s): ChapterFiniteSectionSingleTime (1 item(s)), ChapterQgTimeStepping (1 item(s)), ChapterQgTruncationResolvent (2 item(s)), ChapterQgVielbeinModeInstance (1 item(s)), ChapterQymTimeIndependentFlow (1 item(s)), ChapterScalaronFiberFL (2 item(s)), ChapterScalaronOuterFockFL (1 item(s)), ChapterSirkSingleTimeShift (1 item(s)), ChapterYangMillsAbelianFockEsa (1 item(s))
19:21:47 chunk: 0 item(s) resolved in 0s
19:22:00 sync: read 343 definition publish job(s)
19:22:19 sync: read 5415 problem publish job(s)
19:22:19 summary: 145 done, 11 pending, 2 failed, 62 unsubmittable (source missing from this checkout) (1869 out-of-order orphans ignored)
19:22:19 waiting on unpublished def bundle(s): ChapterFiniteSectionSingleTime (1 item(s)), ChapterQgTimeStepping (1 item(s)), ChapterQgTruncationResolvent (2 item(s)), ChapterQgVielbeinModeInstance (1 item(s)), ChapterQymTimeIndependentFlow (1 item(s)), ChapterScalaronFiberFL (2 item(s)), ChapterScalaronOuterFockFL (1 item(s)), ChapterSirkSingleTimeShift (1 item(s)), ChapterYangMillsAbelianFockEsa (1 item(s))
19:22:19 chunk: 0 item(s) resolved in 0s
19:22:32 sync: read 343 definition publish job(s)
19:22:52 sync: read 5415 problem publish job(s)
19:22:52 summary: 145 done, 11 pending, 2 failed, 62 unsubmittable (source missing from this checkout) (1869 out-of-order orphans ignored)
19:22:52 waiting on unpublished def bundle(s): ChapterFiniteSectionSingleTime (1 item(s)), ChapterQgTimeStepping (1 item(s)), ChapterQgTruncationResolvent (2 item(s)), ChapterQgVielbeinModeInstance (1 item(s)), ChapterQymTimeIndependentFlow (1 item(s)), ChapterScalaronFiberFL (2 item(s)), ChapterScalaronOuterFockFL (1 item(s)), ChapterSirkSingleTimeShift (1 item(s)), ChapterYangMillsAbelianFockEsa (1 item(s))
19:22:52 chunk: 0 item(s) resolved in 0s
19:23:05 sync: read 343 definition publish job(s)
19:23:25 sync: read 5415 problem publish job(s)
19:23:25 summary: 145 done, 11 pending, 2 failed, 62 unsubmittable (source missing from this checkout) (1869 out-of-order orphans ignored)
19:23:25 waiting on unpublished def bundle(s): ChapterFiniteSectionSingleTime (1 item(s)), ChapterQgTimeStepping (1 item(s)), ChapterQgTruncationResolvent (2 item(s)), ChapterQgVielbeinModeInstance (1 item(s)), ChapterQymTimeIndependentFlow (1 item(s)), ChapterScalaronFiberFL (2 item(s)), ChapterScalaronOuterFockFL (1 item(s)), ChapterSirkSingleTimeShift (1 item(s)), ChapterYangMillsAbelianFockEsa (1 item(s))
19:23:25 chunk: 0 item(s) resolved in 0s
19:23:38 sync: read 343 definition publish job(s)
19:23:59 sync: read 5415 problem publish job(s)
19:23:59 summary: 145 done, 11 pending, 2 failed, 62 unsubmittable (source missing from this checkout) (1869 out-of-order orphans ignored)
19:23:59 waiting on unpublished def bundle(s): ChapterFiniteSectionSingleTime (1 item(s)), ChapterQgTimeStepping (1 item(s)), ChapterQgTruncationResolvent (2 item(s)), ChapterQgVielbeinModeInstance (1 item(s)), ChapterQymTimeIndependentFlow (1 item(s)), ChapterScalaronFiberFL (2 item(s)), ChapterScalaronOuterFockFL (1 item(s)), ChapterSirkSingleTimeShift (1 item(s)), ChapterYangMillsAbelianFockEsa (1 item(s))
19:23:59 chunk: 0 item(s) resolved in 0s
19:24:13 sync: read 343 definition publish job(s)
19:24:35 sync: read 5415 problem publish job(s)
19:24:35 summary: 145 done, 11 pending, 2 failed, 62 unsubmittable (source missing from this checkout) (1869 out-of-order orphans ignored)
19:24:35 waiting on unpublished def bundle(s): ChapterFiniteSectionSingleTime (1 item(s)), ChapterQgTimeStepping (1 item(s)), ChapterQgTruncationResolvent (2 item(s)), ChapterQgVielbeinModeInstance (1 item(s)), ChapterQymTimeIndependentFlow (1 item(s)), ChapterScalaronFiberFL (2 item(s)), ChapterScalaronOuterFockFL (1 item(s)), ChapterSirkSingleTimeShift (1 item(s)), ChapterYangMillsAbelianFockEsa (1 item(s))
19:24:35 chunk: 0 item(s) resolved in 0s
19:24:48 sync: read 343 definition publish job(s)
19:25:22 sync: read 5415 problem publish job(s)
19:25:22 summary: 145 done, 11 pending, 2 failed, 62 unsubmittable (source missing from this checkout) (1869 out-of-order orphans ignored)
19:25:22 waiting on unpublished def bundle(s): ChapterFiniteSectionSingleTime (1 item(s)), ChapterQgTimeStepping (1 item(s)), ChapterQgTruncationResolvent (2 item(s)), ChapterQgVielbeinModeInstance (1 item(s)), ChapterQymTimeIndependentFlow (1 item(s)), ChapterScalaronFiberFL (2 item(s)), ChapterScalaronOuterFockFL (1 item(s)), ChapterSirkSingleTimeShift (1 item(s)), ChapterYangMillsAbelianFockEsa (1 item(s))
19:25:22 chunk: 0 item(s) resolved in 0s
19:25:35 sync: read 343 definition publish job(s)
19:25:55 sync: read 5415 problem publish job(s)
19:25:55 summary: 145 done, 11 pending, 2 failed, 62 unsubmittable (source missing from this checkout) (1869 out-of-order orphans ignored)
19:25:55 waiting on unpublished def bundle(s): ChapterFiniteSectionSingleTime (1 item(s)), ChapterQgTimeStepping (1 item(s)), ChapterQgTruncationResolvent (2 item(s)), ChapterQgVielbeinModeInstance (1 item(s)), ChapterQymTimeIndependentFlow (1 item(s)), ChapterScalaronFiberFL (2 item(s)), ChapterScalaronOuterFockFL (1 item(s)), ChapterSirkSingleTimeShift (1 item(s)), ChapterYangMillsAbelianFockEsa (1 item(s))
19:25:55 chunk: 0 item(s) resolved in 0s
19:26:11 sync: read 343 definition publish job(s)
19:26:33 sync: read 5415 problem publish job(s)
19:26:33 summary: 145 done, 11 pending, 2 failed, 62 unsubmittable (source missing from this checkout) (1869 out-of-order orphans ignored)
19:26:33 waiting on unpublished def bundle(s): ChapterFiniteSectionSingleTime (1 item(s)), ChapterQgTimeStepping (1 item(s)), ChapterQgTruncationResolvent (2 item(s)), ChapterQgVielbeinModeInstance (1 item(s)), ChapterQymTimeIndependentFlow (1 item(s)), ChapterScalaronFiberFL (2 item(s)), ChapterScalaronOuterFockFL (1 item(s)), ChapterSirkSingleTimeShift (1 item(s)), ChapterYangMillsAbelianFockEsa (1 item(s))
19:26:33 chunk: 0 item(s) resolved in 0s
19:26:46 sync: read 343 definition publish job(s)
19:27:06 sync: read 5415 problem publish job(s)
19:27:06 summary: 145 done, 11 pending, 2 failed, 62 unsubmittable (source missing from this checkout) (1869 out-of-order orphans ignored)
19:27:06 waiting on unpublished def bundle(s): ChapterFiniteSectionSingleTime (1 item(s)), ChapterQgTimeStepping (1 item(s)), ChapterQgTruncationResolvent (2 item(s)), ChapterQgVielbeinModeInstance (1 item(s)), ChapterQymTimeIndependentFlow (1 item(s)), ChapterScalaronFiberFL (2 item(s)), ChapterScalaronOuterFockFL (1 item(s)), ChapterSirkSingleTimeShift (1 item(s)), ChapterYangMillsAbelianFockEsa (1 item(s))
19:27:06 chunk: 0 item(s) resolved in 0s
19:27:20 sync: read 343 definition publish job(s)
19:27:41 sync: read 5415 problem publish job(s)
19:27:41 summary: 145 done, 11 pending, 2 failed, 62 unsubmittable (source missing from this checkout) (1869 out-of-order orphans ignored)
19:27:41 waiting on unpublished def bundle(s): ChapterFiniteSectionSingleTime (1 item(s)), ChapterQgTimeStepping (1 item(s)), ChapterQgTruncationResolvent (2 item(s)), ChapterQgVielbeinModeInstance (1 item(s)), ChapterQymTimeIndependentFlow (1 item(s)), ChapterScalaronFiberFL (2 item(s)), ChapterScalaronOuterFockFL (1 item(s)), ChapterSirkSingleTimeShift (1 item(s)), ChapterYangMillsAbelianFockEsa (1 item(s))
19:27:41 chunk: 0 item(s) resolved in 0s
19:27:55 sync: read 343 definition publish job(s)
19:28:15 sync: read 5415 problem publish job(s)
19:28:15 summary: 145 done, 11 pending, 2 failed, 62 unsubmittable (source missing from this checkout) (1869 out-of-order orphans ignored)
19:28:15 waiting on unpublished def bundle(s): ChapterFiniteSectionSingleTime (1 item(s)), ChapterQgTimeStepping (1 item(s)), ChapterQgTruncationResolvent (2 item(s)), ChapterQgVielbeinModeInstance (1 item(s)), ChapterQymTimeIndependentFlow (1 item(s)), ChapterScalaronFiberFL (2 item(s)), ChapterScalaronOuterFockFL (1 item(s)), ChapterSirkSingleTimeShift (1 item(s)), ChapterYangMillsAbelianFockEsa (1 item(s))
19:28:15 chunk: 0 item(s) resolved in 0s
19:28:28 sync: read 343 definition publish job(s)
19:28:49 sync: read 5415 problem publish job(s)
19:28:49 summary: 145 done, 11 pending, 2 failed, 62 unsubmittable (source missing from this checkout) (1869 out-of-order orphans ignored)
19:28:49 waiting on unpublished def bundle(s): ChapterFiniteSectionSingleTime (1 item(s)), ChapterQgTimeStepping (1 item(s)), ChapterQgTruncationResolvent (2 item(s)), ChapterQgVielbeinModeInstance (1 item(s)), ChapterQymTimeIndependentFlow (1 item(s)), ChapterScalaronFiberFL (2 item(s)), ChapterScalaronOuterFockFL (1 item(s)), ChapterSirkSingleTimeShift (1 item(s)), ChapterYangMillsAbelianFockEsa (1 item(s))
19:28:49 chunk: 0 item(s) resolved in 0s
19:29:02 sync: read 343 definition publish job(s)
19:29:23 sync: read 5415 problem publish job(s)
19:29:23 summary: 145 done, 11 pending, 2 failed, 62 unsubmittable (source missing from this checkout) (1869 out-of-order orphans ignored)
19:29:23 waiting on unpublished def bundle(s): ChapterFiniteSectionSingleTime (1 item(s)), ChapterQgTimeStepping (1 item(s)), ChapterQgTruncationResolvent (2 item(s)), ChapterQgVielbeinModeInstance (1 item(s)), ChapterQymTimeIndependentFlow (1 item(s)), ChapterScalaronFiberFL (2 item(s)), ChapterScalaronOuterFockFL (1 item(s)), ChapterSirkSingleTimeShift (1 item(s)), ChapterYangMillsAbelianFockEsa (1 item(s))
19:29:23 chunk: 0 item(s) resolved in 0s
19:29:36 sync: read 343 definition publish job(s)
19:29:56 sync: read 5415 problem publish job(s)
19:29:56 summary: 145 done, 11 pending, 2 failed, 62 unsubmittable (source missing from this checkout) (1869 out-of-order orphans ignored)
19:29:56 waiting on unpublished def bundle(s): ChapterFiniteSectionSingleTime (1 item(s)), ChapterQgTimeStepping (1 item(s)), ChapterQgTruncationResolvent (2 item(s)), ChapterQgVielbeinModeInstance (1 item(s)), ChapterQymTimeIndependentFlow (1 item(s)), ChapterScalaronFiberFL (2 item(s)), ChapterScalaronOuterFockFL (1 item(s)), ChapterSirkSingleTimeShift (1 item(s)), ChapterYangMillsAbelianFockEsa (1 item(s))
19:29:56 chunk: 0 item(s) resolved in 0s
19:30:12 sync: read 343 definition publish job(s)
19:30:33 sync: read 5415 problem publish job(s)
19:30:33 summary: 145 done, 11 pending, 2 failed, 62 unsubmittable (source missing from this checkout) (1869 out-of-order orphans ignored)
19:30:33 waiting on unpublished def bundle(s): ChapterFiniteSectionSingleTime (1 item(s)), ChapterQgTimeStepping (1 item(s)), ChapterQgTruncationResolvent (2 item(s)), ChapterQgVielbeinModeInstance (1 item(s)), ChapterQymTimeIndependentFlow (1 item(s)), ChapterScalaronFiberFL (2 item(s)), ChapterScalaronOuterFockFL (1 item(s)), ChapterSirkSingleTimeShift (1 item(s)), ChapterYangMillsAbelianFockEsa (1 item(s))
19:30:33 chunk: 0 item(s) resolved in 0s
19:30:47 sync: read 343 definition publish job(s)
19:31:07 sync: read 5415 problem publish job(s)
19:31:07 summary: 145 done, 11 pending, 2 failed, 62 unsubmittable (source missing from this checkout) (1869 out-of-order orphans ignored)
19:31:07 waiting on unpublished def bundle(s): ChapterFiniteSectionSingleTime (1 item(s)), ChapterQgTimeStepping (1 item(s)), ChapterQgTruncationResolvent (2 item(s)), ChapterQgVielbeinModeInstance (1 item(s)), ChapterQymTimeIndependentFlow (1 item(s)), ChapterScalaronFiberFL (2 item(s)), ChapterScalaronOuterFockFL (1 item(s)), ChapterSirkSingleTimeShift (1 item(s)), ChapterYangMillsAbelianFockEsa (1 item(s))
19:31:07 chunk: 0 item(s) resolved in 0s
19:31:21 sync: read 343 definition publish job(s)
19:31:41 sync: read 5415 problem publish job(s)
19:31:41 summary: 145 done, 11 pending, 2 failed, 62 unsubmittable (source missing from this checkout) (1869 out-of-order orphans ignored)
19:31:41 waiting on unpublished def bundle(s): ChapterFiniteSectionSingleTime (1 item(s)), ChapterQgTimeStepping (1 item(s)), ChapterQgTruncationResolvent (2 item(s)), ChapterQgVielbeinModeInstance (1 item(s)), ChapterQymTimeIndependentFlow (1 item(s)), ChapterScalaronFiberFL (2 item(s)), ChapterScalaronOuterFockFL (1 item(s)), ChapterSirkSingleTimeShift (1 item(s)), ChapterYangMillsAbelianFockEsa (1 item(s))
19:31:41 chunk: 0 item(s) resolved in 0s
19:31:55 sync: read 343 definition publish job(s)
19:32:16 sync: read 5415 problem publish job(s)
19:32:16 summary: 145 done, 11 pending, 2 failed, 62 unsubmittable (source missing from this checkout) (1869 out-of-order orphans ignored)
19:32:16 waiting on unpublished def bundle(s): ChapterFiniteSectionSingleTime (1 item(s)), ChapterQgTimeStepping (1 item(s)), ChapterQgTruncationResolvent (2 item(s)), ChapterQgVielbeinModeInstance (1 item(s)), ChapterQymTimeIndependentFlow (1 item(s)), ChapterScalaronFiberFL (2 item(s)), ChapterScalaronOuterFockFL (1 item(s)), ChapterSirkSingleTimeShift (1 item(s)), ChapterYangMillsAbelianFockEsa (1 item(s))
19:32:16 chunk: 0 item(s) resolved in 0s
19:32:30 sync: read 343 definition publish job(s)
19:32:50 sync: read 5415 problem publish job(s)
19:32:50 summary: 145 done, 11 pending, 2 failed, 62 unsubmittable (source missing from this checkout) (1869 out-of-order orphans ignored)
19:32:50 waiting on unpublished def bundle(s): ChapterFiniteSectionSingleTime (1 item(s)), ChapterQgTimeStepping (1 item(s)), ChapterQgTruncationResolvent (2 item(s)), ChapterQgVielbeinModeInstance (1 item(s)), ChapterQymTimeIndependentFlow (1 item(s)), ChapterScalaronFiberFL (2 item(s)), ChapterScalaronOuterFockFL (1 item(s)), ChapterSirkSingleTimeShift (1 item(s)), ChapterYangMillsAbelianFockEsa (1 item(s))
19:32:50 chunk: 0 item(s) resolved in 0s
19:33:03 sync: read 343 definition publish job(s)
19:33:24 sync: read 5415 problem publish job(s)
19:33:24 summary: 145 done, 11 pending, 2 failed, 62 unsubmittable (source missing from this checkout) (1869 out-of-order orphans ignored)
19:33:24 waiting on unpublished def bundle(s): ChapterFiniteSectionSingleTime (1 item(s)), ChapterQgTimeStepping (1 item(s)), ChapterQgTruncationResolvent (2 item(s)), ChapterQgVielbeinModeInstance (1 item(s)), ChapterQymTimeIndependentFlow (1 item(s)), ChapterScalaronFiberFL (2 item(s)), ChapterScalaronOuterFockFL (1 item(s)), ChapterSirkSingleTimeShift (1 item(s)), ChapterYangMillsAbelianFockEsa (1 item(s))
19:33:24 chunk: 0 item(s) resolved in 0s
19:33:38 sync: read 343 definition publish job(s)
19:33:57 sync: read 5415 problem publish job(s)
19:33:57 summary: 145 done, 11 pending, 2 failed, 62 unsubmittable (source missing from this checkout) (1869 out-of-order orphans ignored)
19:33:57 waiting on unpublished def bundle(s): ChapterFiniteSectionSingleTime (1 item(s)), ChapterQgTimeStepping (1 item(s)), ChapterQgTruncationResolvent (2 item(s)), ChapterQgVielbeinModeInstance (1 item(s)), ChapterQymTimeIndependentFlow (1 item(s)), ChapterScalaronFiberFL (2 item(s)), ChapterScalaronOuterFockFL (1 item(s)), ChapterSirkSingleTimeShift (1 item(s)), ChapterYangMillsAbelianFockEsa (1 item(s))
19:33:57 chunk: 0 item(s) resolved in 0s
19:34:11 sync: read 343 definition publish job(s)
19:34:31 sync: read 5415 problem publish job(s)
19:34:31 summary: 145 done, 11 pending, 2 failed, 62 unsubmittable (source missing from this checkout) (1869 out-of-order orphans ignored)
19:34:31 waiting on unpublished def bundle(s): ChapterFiniteSectionSingleTime (1 item(s)), ChapterQgTimeStepping (1 item(s)), ChapterQgTruncationResolvent (2 item(s)), ChapterQgVielbeinModeInstance (1 item(s)), ChapterQymTimeIndependentFlow (1 item(s)), ChapterScalaronFiberFL (2 item(s)), ChapterScalaronOuterFockFL (1 item(s)), ChapterSirkSingleTimeShift (1 item(s)), ChapterYangMillsAbelianFockEsa (1 item(s))
19:34:31 chunk: 0 item(s) resolved in 0s
19:34:45 sync: read 343 definition publish job(s)
19:35:05 sync: read 5415 problem publish job(s)
19:35:05 summary: 145 done, 11 pending, 2 failed, 62 unsubmittable (source missing from this checkout) (1869 out-of-order orphans ignored)
19:35:05 waiting on unpublished def bundle(s): ChapterFiniteSectionSingleTime (1 item(s)), ChapterQgTimeStepping (1 item(s)), ChapterQgTruncationResolvent (2 item(s)), ChapterQgVielbeinModeInstance (1 item(s)), ChapterQymTimeIndependentFlow (1 item(s)), ChapterScalaronFiberFL (2 item(s)), ChapterScalaronOuterFockFL (1 item(s)), ChapterSirkSingleTimeShift (1 item(s)), ChapterYangMillsAbelianFockEsa (1 item(s))
19:35:05 chunk: 0 item(s) resolved in 0s
19:35:20 sync: read 343 definition publish job(s)
19:35:42 sync: read 5415 problem publish job(s)
19:35:42 summary: 145 done, 11 pending, 2 failed, 62 unsubmittable (source missing from this checkout) (1869 out-of-order orphans ignored)
19:35:42 waiting on unpublished def bundle(s): ChapterFiniteSectionSingleTime (1 item(s)), ChapterQgTimeStepping (1 item(s)), ChapterQgTruncationResolvent (2 item(s)), ChapterQgVielbeinModeInstance (1 item(s)), ChapterQymTimeIndependentFlow (1 item(s)), ChapterScalaronFiberFL (2 item(s)), ChapterScalaronOuterFockFL (1 item(s)), ChapterSirkSingleTimeShift (1 item(s)), ChapterYangMillsAbelianFockEsa (1 item(s))
19:35:42 chunk: 0 item(s) resolved in 0s
19:35:55 sync: read 343 definition publish job(s)
19:36:16 sync: read 5415 problem publish job(s)
19:36:16 summary: 145 done, 11 pending, 2 failed, 62 unsubmittable (source missing from this checkout) (1869 out-of-order orphans ignored)
19:36:16 waiting on unpublished def bundle(s): ChapterFiniteSectionSingleTime (1 item(s)), ChapterQgTimeStepping (1 item(s)), ChapterQgTruncationResolvent (2 item(s)), ChapterQgVielbeinModeInstance (1 item(s)), ChapterQymTimeIndependentFlow (1 item(s)), ChapterScalaronFiberFL (2 item(s)), ChapterScalaronOuterFockFL (1 item(s)), ChapterSirkSingleTimeShift (1 item(s)), ChapterYangMillsAbelianFockEsa (1 item(s))
19:36:16 chunk: 0 item(s) resolved in 0s
19:36:30 sync: read 343 definition publish job(s)
19:36:52 sync: read 5415 problem publish job(s)
19:36:52 summary: 145 done, 11 pending, 2 failed, 62 unsubmittable (source missing from this checkout) (1869 out-of-order orphans ignored)
19:36:52 waiting on unpublished def bundle(s): ChapterFiniteSectionSingleTime (1 item(s)), ChapterQgTimeStepping (1 item(s)), ChapterQgTruncationResolvent (2 item(s)), ChapterQgVielbeinModeInstance (1 item(s)), ChapterQymTimeIndependentFlow (1 item(s)), ChapterScalaronFiberFL (2 item(s)), ChapterScalaronOuterFockFL (1 item(s)), ChapterSirkSingleTimeShift (1 item(s)), ChapterYangMillsAbelianFockEsa (1 item(s))
19:36:52 chunk: 0 item(s) resolved in 0s
19:37:05 sync: read 343 definition publish job(s)
19:37:26 sync: read 5415 problem publish job(s)
19:37:26 summary: 145 done, 11 pending, 2 failed, 62 unsubmittable (source missing from this checkout) (1869 out-of-order orphans ignored)
19:37:26 waiting on unpublished def bundle(s): ChapterFiniteSectionSingleTime (1 item(s)), ChapterQgTimeStepping (1 item(s)), ChapterQgTruncationResolvent (2 item(s)), ChapterQgVielbeinModeInstance (1 item(s)), ChapterQymTimeIndependentFlow (1 item(s)), ChapterScalaronFiberFL (2 item(s)), ChapterScalaronOuterFockFL (1 item(s)), ChapterSirkSingleTimeShift (1 item(s)), ChapterYangMillsAbelianFockEsa (1 item(s))
19:37:26 chunk: 0 item(s) resolved in 0s
19:37:39 sync: read 343 definition publish job(s)
19:38:02 sync: read 5415 problem publish job(s)
19:38:02 summary: 145 done, 11 pending, 2 failed, 62 unsubmittable (source missing from this checkout) (1869 out-of-order orphans ignored)
19:38:02 waiting on unpublished def bundle(s): ChapterFiniteSectionSingleTime (1 item(s)), ChapterQgTimeStepping (1 item(s)), ChapterQgTruncationResolvent (2 item(s)), ChapterQgVielbeinModeInstance (1 item(s)), ChapterQymTimeIndependentFlow (1 item(s)), ChapterScalaronFiberFL (2 item(s)), ChapterScalaronOuterFockFL (1 item(s)), ChapterSirkSingleTimeShift (1 item(s)), ChapterYangMillsAbelianFockEsa (1 item(s))
19:38:02 chunk: 0 item(s) resolved in 0s
19:38:15 sync: read 343 definition publish job(s)
19:38:37 sync: read 5415 problem publish job(s)
19:38:37 summary: 145 done, 11 pending, 2 failed, 62 unsubmittable (source missing from this checkout) (1869 out-of-order orphans ignored)
19:38:37 waiting on unpublished def bundle(s): ChapterFiniteSectionSingleTime (1 item(s)), ChapterQgTimeStepping (1 item(s)), ChapterQgTruncationResolvent (2 item(s)), ChapterQgVielbeinModeInstance (1 item(s)), ChapterQymTimeIndependentFlow (1 item(s)), ChapterScalaronFiberFL (2 item(s)), ChapterScalaronOuterFockFL (1 item(s)), ChapterSirkSingleTimeShift (1 item(s)), ChapterYangMillsAbelianFockEsa (1 item(s))
19:38:37 chunk: 0 item(s) resolved in 0s
19:38:51 sync: read 343 definition publish job(s)
19:39:13 sync: read 5415 problem publish job(s)
19:39:13 summary: 145 done, 11 pending, 2 failed, 62 unsubmittable (source missing from this checkout) (1869 out-of-order orphans ignored)
19:39:13 waiting on unpublished def bundle(s): ChapterFiniteSectionSingleTime (1 item(s)), ChapterQgTimeStepping (1 item(s)), ChapterQgTruncationResolvent (2 item(s)), ChapterQgVielbeinModeInstance (1 item(s)), ChapterQymTimeIndependentFlow (1 item(s)), ChapterScalaronFiberFL (2 item(s)), ChapterScalaronOuterFockFL (1 item(s)), ChapterSirkSingleTimeShift (1 item(s)), ChapterYangMillsAbelianFockEsa (1 item(s))
19:39:13 chunk: 0 item(s) resolved in 0s
19:39:27 sync: read 343 definition publish job(s)
19:39:48 sync: read 5415 problem publish job(s)
19:39:48 summary: 145 done, 11 pending, 2 failed, 62 unsubmittable (source missing from this checkout) (1869 out-of-order orphans ignored)
19:39:48 waiting on unpublished def bundle(s): ChapterFiniteSectionSingleTime (1 item(s)), ChapterQgTimeStepping (1 item(s)), ChapterQgTruncationResolvent (2 item(s)), ChapterQgVielbeinModeInstance (1 item(s)), ChapterQymTimeIndependentFlow (1 item(s)), ChapterScalaronFiberFL (2 item(s)), ChapterScalaronOuterFockFL (1 item(s)), ChapterSirkSingleTimeShift (1 item(s)), ChapterYangMillsAbelianFockEsa (1 item(s))
19:39:48 chunk: 0 item(s) resolved in 0s
19:40:02 sync: read 343 definition publish job(s)
19:40:25 sync: read 5415 problem publish job(s)
19:40:25 summary: 145 done, 11 pending, 2 failed, 62 unsubmittable (source missing from this checkout) (1869 out-of-order orphans ignored)
19:40:25 waiting on unpublished def bundle(s): ChapterFiniteSectionSingleTime (1 item(s)), ChapterQgTimeStepping (1 item(s)), ChapterQgTruncationResolvent (2 item(s)), ChapterQgVielbeinModeInstance (1 item(s)), ChapterQymTimeIndependentFlow (1 item(s)), ChapterScalaronFiberFL (2 item(s)), ChapterScalaronOuterFockFL (1 item(s)), ChapterSirkSingleTimeShift (1 item(s)), ChapterYangMillsAbelianFockEsa (1 item(s))
19:40:25 chunk: 0 item(s) resolved in 0s
19:40:39 sync: read 343 definition publish job(s)
19:41:00 sync: read 5415 problem publish job(s)
19:41:00 summary: 145 done, 11 pending, 2 failed, 62 unsubmittable (source missing from this checkout) (1869 out-of-order orphans ignored)
19:41:00 waiting on unpublished def bundle(s): ChapterFiniteSectionSingleTime (1 item(s)), ChapterQgTimeStepping (1 item(s)), ChapterQgTruncationResolvent (2 item(s)), ChapterQgVielbeinModeInstance (1 item(s)), ChapterQymTimeIndependentFlow (1 item(s)), ChapterScalaronFiberFL (2 item(s)), ChapterScalaronOuterFockFL (1 item(s)), ChapterSirkSingleTimeShift (1 item(s)), ChapterYangMillsAbelianFockEsa (1 item(s))
19:41:00 chunk: 0 item(s) resolved in 0s
19:41:14 sync: read 343 definition publish job(s)
19:41:36 sync: read 5415 problem publish job(s)
19:41:36 summary: 145 done, 11 pending, 2 failed, 62 unsubmittable (source missing from this checkout) (1869 out-of-order orphans ignored)
19:41:36 waiting on unpublished def bundle(s): ChapterFiniteSectionSingleTime (1 item(s)), ChapterQgTimeStepping (1 item(s)), ChapterQgTruncationResolvent (2 item(s)), ChapterQgVielbeinModeInstance (1 item(s)), ChapterQymTimeIndependentFlow (1 item(s)), ChapterScalaronFiberFL (2 item(s)), ChapterScalaronOuterFockFL (1 item(s)), ChapterSirkSingleTimeShift (1 item(s)), ChapterYangMillsAbelianFockEsa (1 item(s))
19:41:36 chunk: 0 item(s) resolved in 0s
19:41:50 sync: read 343 definition publish job(s)
19:42:10 sync: read 5415 problem publish job(s)
19:42:10 summary: 145 done, 11 pending, 2 failed, 62 unsubmittable (source missing from this checkout) (1869 out-of-order orphans ignored)
19:42:10 waiting on unpublished def bundle(s): ChapterFiniteSectionSingleTime (1 item(s)), ChapterQgTimeStepping (1 item(s)), ChapterQgTruncationResolvent (2 item(s)), ChapterQgVielbeinModeInstance (1 item(s)), ChapterQymTimeIndependentFlow (1 item(s)), ChapterScalaronFiberFL (2 item(s)), ChapterScalaronOuterFockFL (1 item(s)), ChapterSirkSingleTimeShift (1 item(s)), ChapterYangMillsAbelianFockEsa (1 item(s))
19:42:10 chunk: 0 item(s) resolved in 0s
19:42:24 sync: read 343 definition publish job(s)
19:42:47 sync: read 5415 problem publish job(s)
19:42:47 summary: 145 done, 11 pending, 2 failed, 62 unsubmittable (source missing from this checkout) (1869 out-of-order orphans ignored)
19:42:47 waiting on unpublished def bundle(s): ChapterFiniteSectionSingleTime (1 item(s)), ChapterQgTimeStepping (1 item(s)), ChapterQgTruncationResolvent (2 item(s)), ChapterQgVielbeinModeInstance (1 item(s)), ChapterQymTimeIndependentFlow (1 item(s)), ChapterScalaronFiberFL (2 item(s)), ChapterScalaronOuterFockFL (1 item(s)), ChapterSirkSingleTimeShift (1 item(s)), ChapterYangMillsAbelianFockEsa (1 item(s))
19:42:47 chunk: 0 item(s) resolved in 0s
19:43:00 sync: read 343 definition publish job(s)
19:43:23 sync: read 5415 problem publish job(s)
19:43:23 summary: 145 done, 11 pending, 2 failed, 62 unsubmittable (source missing from this checkout) (1869 out-of-order orphans ignored)
19:43:23 waiting on unpublished def bundle(s): ChapterFiniteSectionSingleTime (1 item(s)), ChapterQgTimeStepping (1 item(s)), ChapterQgTruncationResolvent (2 item(s)), ChapterQgVielbeinModeInstance (1 item(s)), ChapterQymTimeIndependentFlow (1 item(s)), ChapterScalaronFiberFL (2 item(s)), ChapterScalaronOuterFockFL (1 item(s)), ChapterSirkSingleTimeShift (1 item(s)), ChapterYangMillsAbelianFockEsa (1 item(s))
19:43:23 chunk: 0 item(s) resolved in 0s
19:43:36 sync: read 343 definition publish job(s)
19:43:57 sync: read 5415 problem publish job(s)
19:43:57 summary: 145 done, 11 pending, 2 failed, 62 unsubmittable (source missing from this checkout) (1869 out-of-order orphans ignored)
19:43:57 waiting on unpublished def bundle(s): ChapterFiniteSectionSingleTime (1 item(s)), ChapterQgTimeStepping (1 item(s)), ChapterQgTruncationResolvent (2 item(s)), ChapterQgVielbeinModeInstance (1 item(s)), ChapterQymTimeIndependentFlow (1 item(s)), ChapterScalaronFiberFL (2 item(s)), ChapterScalaronOuterFockFL (1 item(s)), ChapterSirkSingleTimeShift (1 item(s)), ChapterYangMillsAbelianFockEsa (1 item(s))
19:43:57 chunk: 0 item(s) resolved in 0s
19:44:11 sync: read 343 definition publish job(s)
19:44:31 sync: read 5415 problem publish job(s)
19:44:31 summary: 145 done, 11 pending, 2 failed, 62 unsubmittable (source missing from this checkout) (1869 out-of-order orphans ignored)
19:44:31 waiting on unpublished def bundle(s): ChapterFiniteSectionSingleTime (1 item(s)), ChapterQgTimeStepping (1 item(s)), ChapterQgTruncationResolvent (2 item(s)), ChapterQgVielbeinModeInstance (1 item(s)), ChapterQymTimeIndependentFlow (1 item(s)), ChapterScalaronFiberFL (2 item(s)), ChapterScalaronOuterFockFL (1 item(s)), ChapterSirkSingleTimeShift (1 item(s)), ChapterYangMillsAbelianFockEsa (1 item(s))
19:44:31 chunk: 0 item(s) resolved in 0s
19:44:44 sync: read 343 definition publish job(s)
19:45:04 sync: read 5415 problem publish job(s)
19:45:04 summary: 145 done, 11 pending, 2 failed, 62 unsubmittable (source missing from this checkout) (1869 out-of-order orphans ignored)
19:45:04 waiting on unpublished def bundle(s): ChapterFiniteSectionSingleTime (1 item(s)), ChapterQgTimeStepping (1 item(s)), ChapterQgTruncationResolvent (2 item(s)), ChapterQgVielbeinModeInstance (1 item(s)), ChapterQymTimeIndependentFlow (1 item(s)), ChapterScalaronFiberFL (2 item(s)), ChapterScalaronOuterFockFL (1 item(s)), ChapterSirkSingleTimeShift (1 item(s)), ChapterYangMillsAbelianFockEsa (1 item(s))
19:45:04 chunk: 0 item(s) resolved in 0s
19:45:20 sync: read 343 definition publish job(s)
19:45:52 sync: read 5415 problem publish job(s)
19:45:52 summary: 145 done, 11 pending, 2 failed, 62 unsubmittable (source missing from this checkout) (1869 out-of-order orphans ignored)
19:45:52 waiting on unpublished def bundle(s): ChapterFiniteSectionSingleTime (1 item(s)), ChapterQgTimeStepping (1 item(s)), ChapterQgTruncationResolvent (2 item(s)), ChapterQgVielbeinModeInstance (1 item(s)), ChapterQymTimeIndependentFlow (1 item(s)), ChapterScalaronFiberFL (2 item(s)), ChapterScalaronOuterFockFL (1 item(s)), ChapterSirkSingleTimeShift (1 item(s)), ChapterYangMillsAbelianFockEsa (1 item(s))
19:45:52 chunk: 0 item(s) resolved in 0s
19:46:06 sync: read 343 definition publish job(s)
19:46:29 sync: read 5415 problem publish job(s)
19:46:29 summary: 145 done, 11 pending, 2 failed, 62 unsubmittable (source missing from this checkout) (1869 out-of-order orphans ignored)
19:46:29 waiting on unpublished def bundle(s): ChapterFiniteSectionSingleTime (1 item(s)), ChapterQgTimeStepping (1 item(s)), ChapterQgTruncationResolvent (2 item(s)), ChapterQgVielbeinModeInstance (1 item(s)), ChapterQymTimeIndependentFlow (1 item(s)), ChapterScalaronFiberFL (2 item(s)), ChapterScalaronOuterFockFL (1 item(s)), ChapterSirkSingleTimeShift (1 item(s)), ChapterYangMillsAbelianFockEsa (1 item(s))
19:46:29 chunk: 0 item(s) resolved in 0s
19:46:43 sync: read 343 definition publish job(s)
19:47:04 sync: read 5415 problem publish job(s)
19:47:04 summary: 145 done, 11 pending, 2 failed, 62 unsubmittable (source missing from this checkout) (1869 out-of-order orphans ignored)
19:47:04 waiting on unpublished def bundle(s): ChapterFiniteSectionSingleTime (1 item(s)), ChapterQgTimeStepping (1 item(s)), ChapterQgTruncationResolvent (2 item(s)), ChapterQgVielbeinModeInstance (1 item(s)), ChapterQymTimeIndependentFlow (1 item(s)), ChapterScalaronFiberFL (2 item(s)), ChapterScalaronOuterFockFL (1 item(s)), ChapterSirkSingleTimeShift (1 item(s)), ChapterYangMillsAbelianFockEsa (1 item(s))
19:47:04 chunk: 0 item(s) resolved in 0s
19:47:21 sync: read 343 definition publish job(s)
19:47:42 sync: read 5415 problem publish job(s)
19:47:42 summary: 145 done, 11 pending, 2 failed, 62 unsubmittable (source missing from this checkout) (1869 out-of-order orphans ignored)
19:47:42 waiting on unpublished def bundle(s): ChapterFiniteSectionSingleTime (1 item(s)), ChapterQgTimeStepping (1 item(s)), ChapterQgTruncationResolvent (2 item(s)), ChapterQgVielbeinModeInstance (1 item(s)), ChapterQymTimeIndependentFlow (1 item(s)), ChapterScalaronFiberFL (2 item(s)), ChapterScalaronOuterFockFL (1 item(s)), ChapterSirkSingleTimeShift (1 item(s)), ChapterYangMillsAbelianFockEsa (1 item(s))
19:47:42 chunk: 0 item(s) resolved in 0s
belianFockEsa (1 item(s))
17:57:15 chunk: 0 item(s) resolved in 0s
17:57:29 sync: read 341 definition publish job(s)
17:57:48 sync: read 5415 problem publish job(s)
17:57:48 summary: 144 done, 11 pending, 2 failed, 62 unsubmittable (source missing from this checkout) (1869 out-of-order orphans ignored)
17:57:48 waiting on unpublished def bundle(s): ChapterFiniteSectionSingleTime (1 item(s)), ChapterQgTimeStepping (1 item(s)), ChapterQgTruncationResolvent (2 item(s)), ChapterQgVielbeinModeInstance (1 item(s)), ChapterQymTimeIndependentFlow (1 item(s)), ChapterScalaronFiberFL (2 item(s)), ChapterScalaronOuterFockFL (1 item(s)), ChapterSirkSingleTimeShift (1 item(s)), ChapterYangMillsAbelianFockEsa (1 item(s))
17:57:48 chunk: 0 item(s) resolved in 0s
17:58:02 sync: read 341 definition publish job(s)
17:58:30 sync: read 5415 problem publish job(s)
17:58:30 summary: 144 done, 11 pending, 2 failed, 62 unsubmittable (source missing from this checkout) (1869 out-of-order orphans ignored)
17:58:30 waiting on unpublished def bundle(s): ChapterFiniteSectionSingleTime (1 item(s)), ChapterQgTimeStepping (1 item(s)), ChapterQgTruncationResolvent (2 item(s)), ChapterQgVielbeinModeInstance (1 item(s)), ChapterQymTimeIndependentFlow (1 item(s)), ChapterScalaronFiberFL (2 item(s)), ChapterScalaronOuterFockFL (1 item(s)), ChapterSirkSingleTimeShift (1 item(s)), ChapterYangMillsAbelianFockEsa (1 item(s))
17:58:30 chunk: 0 item(s) resolved in 0s
17:58:44 sync: read 341 definition publish job(s)
17:59:05 sync: read 5415 problem publish job(s)
17:59:05 summary: 144 done, 11 pending, 2 failed, 62 unsubmittable (source missing from this checkout) (1869 out-of-order orphans ignored)
17:59:05 waiting on unpublished def bundle(s): ChapterFiniteSectionSingleTime (1 item(s)), ChapterQgTimeStepping (1 item(s)), ChapterQgTruncationResolvent (2 item(s)), ChapterQgVielbeinModeInstance (1 item(s)), ChapterQymTimeIndependentFlow (1 item(s)), ChapterScalaronFiberFL (2 item(s)), ChapterScalaronOuterFockFL (1 item(s)), ChapterSirkSingleTimeShift (1 item(s)), ChapterYangMillsAbelianFockEsa (1 item(s))
17:59:05 chunk: 0 item(s) resolved in 0s
17:59:17 sync: read 341 definition publish job(s)
17:59:37 sync: read 5415 problem publish job(s)
17:59:37 summary: 144 done, 11 pending, 2 failed, 62 unsubmittable (source missing from this checkout) (1869 out-of-order orphans ignored)
17:59:37 waiting on unpublished def bundle(s): ChapterFiniteSectionSingleTime (1 item(s)), ChapterQgTimeStepping (1 item(s)), ChapterQgTruncationResolvent (2 item(s)), ChapterQgVielbeinModeInstance (1 item(s)), ChapterQymTimeIndependentFlow (1 item(s)), ChapterScalaronFiberFL (2 item(s)), ChapterScalaronOuterFockFL (1 item(s)), ChapterSirkSingleTimeShift (1 item(s)), ChapterYangMillsAbelianFockEsa (1 item(s))
17:59:37 chunk: 0 item(s) resolved in 0s
17:59:50 sync: read 341 definition publish job(s)
18:00:14 sync: read 5415 problem publish job(s)
18:00:14 summary: 144 done, 11 pending, 2 failed, 62 unsubmittable (source missing from this checkout) (1869 out-of-order orphans ignored)
18:00:14 waiting on unpublished def bundle(s): ChapterFiniteSectionSingleTime (1 item(s)), ChapterQgTimeStepping (1 item(s)), ChapterQgTruncationResolvent (2 item(s)), ChapterQgVielbeinModeInstance (1 item(s)), ChapterQymTimeIndependentFlow (1 item(s)), ChapterScalaronFiberFL (2 item(s)), ChapterScalaronOuterFockFL (1 item(s)), ChapterSirkSingleTimeShift (1 item(s)), ChapterYangMillsAbelianFockEsa (1 item(s))
18:00:14 chunk: 0 item(s) resolved in 0s
18:00:28 sync: read 341 definition publish job(s)
18:01:03 sync: read 5415 problem publish job(s)
18:01:03 summary: 144 done, 11 pending, 2 failed, 62 unsubmittable (source missing from this checkout) (1869 out-of-order orphans ignored)
18:01:03 waiting on unpublished def bundle(s): ChapterFiniteSectionSingleTime (1 item(s)), ChapterQgTimeStepping (1 item(s)), ChapterQgTruncationResolvent (2 item(s)), ChapterQgVielbeinModeInstance (1 item(s)), ChapterQymTimeIndependentFlow (1 item(s)), ChapterScalaronFiberFL (2 item(s)), ChapterScalaronOuterFockFL (1 item(s)), ChapterSirkSingleTimeShift (1 item(s)), ChapterYangMillsAbelianFockEsa (1 item(s))
18:01:03 chunk: 0 item(s) resolved in 0s
18:01:16 sync: read 341 definition publish job(s)
18:01:55 sync: read 5415 problem publish job(s)
18:01:55 summary: 144 done, 11 pending, 2 failed, 62 unsubmittable (source missing from this checkout) (1869 out-of-order orphans ignored)
18:01:55 waiting on unpublished def bundle(s): ChapterFiniteSectionSingleTime (1 item(s)), ChapterQgTimeStepping (1 item(s)), ChapterQgTruncationResolvent (2 item(s)), ChapterQgVielbeinModeInstance (1 item(s)), ChapterQymTimeIndependentFlow (1 item(s)), ChapterScalaronFiberFL (2 item(s)), ChapterScalaronOuterFockFL (1 item(s)), ChapterSirkSingleTimeShift (1 item(s)), ChapterYangMillsAbelianFockEsa (1 item(s))
18:01:55 chunk: 0 item(s) resolved in 0s
18:02:08 sync: read 341 definition publish job(s)
18:02:29 sync: read 5415 problem publish job(s)
18:02:29 summary: 144 done, 11 pending, 2 failed, 62 unsubmittable (source missing from this checkout) (1869 out-of-order orphans ignored)
18:02:29 waiting on unpublished def bundle(s): ChapterFiniteSectionSingleTime (1 item(s)), ChapterQgTimeStepping (1 item(s)), ChapterQgTruncationResolvent (2 item(s)), ChapterQgVielbeinModeInstance (1 item(s)), ChapterQymTimeIndependentFlow (1 item(s)), ChapterScalaronFiberFL (2 item(s)), ChapterScalaronOuterFockFL (1 item(s)), ChapterSirkSingleTimeShift (1 item(s)), ChapterYangMillsAbelianFockEsa (1 item(s))
18:02:29 chunk: 0 item(s) resolved in 0s
18:02:42 sync: read 341 definition publish job(s)
18:03:02 sync: read 5415 problem publish job(s)
18:03:02 summary: 144 done, 11 pending, 2 failed, 62 unsubmittable (source missing from this checkout) (1869 out-of-order orphans ignored)
18:03:02 waiting on unpublished def bundle(s): ChapterFiniteSectionSingleTime (1 item(s)), ChapterQgTimeStepping (1 item(s)), ChapterQgTruncationResolvent (2 item(s)), ChapterQgVielbeinModeInstance (1 item(s)), ChapterQymTimeIndependentFlow (1 item(s)), ChapterScalaronFiberFL (2 item(s)), ChapterScalaronOuterFockFL (1 item(s)), ChapterSirkSingleTimeShift (1 item(s)), ChapterYangMillsAbelianFockEsa (1 item(s))
18:03:02 chunk: 0 item(s) resolved in 0s
18:03:15 sync: read 341 definition publish job(s)
18:03:37 sync: read 5415 problem publish job(s)
18:03:37 summary: 144 done, 11 pending, 2 failed, 62 unsubmittable (source missing from this checkout) (1869 out-of-order orphans ignored)
18:03:37 waiting on unpublished def bundle(s): ChapterFiniteSectionSingleTime (1 item(s)), ChapterQgTimeStepping (1 item(s)), ChapterQgTruncationResolvent (2 item(s)), ChapterQgVielbeinModeInstance (1 item(s)), ChapterQymTimeIndependentFlow (1 item(s)), ChapterScalaronFiberFL (2 item(s)), ChapterScalaronOuterFockFL (1 item(s)), ChapterSirkSingleTimeShift (1 item(s)), ChapterYangMillsAbelianFockEsa (1 item(s))
18:03:37 chunk: 0 item(s) resolved in 0s
18:03:50 sync: read 341 definition publish job(s)
18:04:14 sync: read 5415 problem publish job(s)
18:04:14 summary: 144 done, 11 pending, 2 failed, 62 unsubmittable (source missing from this checkout) (1869 out-of-order orphans ignored)
18:04:14 waiting on unpublished def bundle(s): ChapterFiniteSectionSingleTime (1 item(s)), ChapterQgTimeStepping (1 item(s)), ChapterQgTruncationResolvent (2 item(s)), ChapterQgVielbeinModeInstance (1 item(s)), ChapterQymTimeIndependentFlow (1 item(s)), ChapterScalaronFiberFL (2 item(s)), ChapterScalaronOuterFockFL (1 item(s)), ChapterSirkSingleTimeShift (1 item(s)), ChapterYangMillsAbelianFockEsa (1 item(s))
18:04:14 chunk: 0 item(s) resolved in 0s
18:04:28 sync: read 341 definition publish job(s)
18:04:49 sync: read 5415 problem publish job(s)
18:04:49 summary: 144 done, 11 pending, 2 failed, 62 unsubmittable (source missing from this checkout) (1869 out-of-order orphans ignored)
18:04:49 waiting on unpublished def bundle(s): ChapterFiniteSectionSingleTime (1 item(s)), ChapterQgTimeStepping (1 item(s)), ChapterQgTruncationResolvent (2 item(s)), ChapterQgVielbeinModeInstance (1 item(s)), ChapterQymTimeIndependentFlow (1 item(s)), ChapterScalaronFiberFL (2 item(s)), ChapterScalaronOuterFockFL (1 item(s)), ChapterSirkSingleTimeShift (1 item(s)), ChapterYangMillsAbelianFockEsa (1 item(s))
18:04:49 chunk: 0 item(s) resolved in 0s
18:05:03 sync: read 341 definition publish job(s)
18:05:25 sync: read 5415 problem publish job(s)
18:05:25 summary: 144 done, 11 pending, 2 failed, 62 unsubmittable (source missing from this checkout) (1869 out-of-order orphans ignored)
18:05:25 waiting on unpublished def bundle(s): ChapterFiniteSectionSingleTime (1 item(s)), ChapterQgTimeStepping (1 item(s)), ChapterQgTruncationResolvent (2 item(s)), ChapterQgVielbeinModeInstance (1 item(s)), ChapterQymTimeIndependentFlow (1 item(s)), ChapterScalaronFiberFL (2 item(s)), ChapterScalaronOuterFockFL (1 item(s)), ChapterSirkSingleTimeShift (1 item(s)), ChapterYangMillsAbelianFockEsa (1 item(s))
18:05:25 chunk: 0 item(s) resolved in 0s
18:05:39 sync: read 341 definition publish job(s)
18:06:03 sync: read 5415 problem publish job(s)
18:06:03 summary: 144 done, 11 pending, 2 failed, 62 unsubmittable (source missing from this checkout) (1869 out-of-order orphans ignored)
18:06:03 waiting on unpublished def bundle(s): ChapterFiniteSectionSingleTime (1 item(s)), ChapterQgTimeStepping (1 item(s)), ChapterQgTruncationResolvent (2 item(s)), ChapterQgVielbeinModeInstance (1 item(s)), ChapterQymTimeIndependentFlow (1 item(s)), ChapterScalaronFiberFL (2 item(s)), ChapterScalaronOuterFockFL (1 item(s)), ChapterSirkSingleTimeShift (1 item(s)), ChapterYangMillsAbelianFockEsa (1 item(s))
18:06:03 chunk: 0 item(s) resolved in 0s
18:06:16 sync: read 341 definition publish job(s)
18:06:39 sync: read 5415 problem publish job(s)
18:06:39 summary: 144 done, 11 pending, 2 failed, 62 unsubmittable (source missing from this checkout) (1869 out-of-order orphans ignored)
18:06:39 waiting on unpublished def bundle(s): ChapterFiniteSectionSingleTime (1 item(s)), ChapterQgTimeStepping (1 item(s)), ChapterQgTruncationResolvent (2 item(s)), ChapterQgVielbeinModeInstance (1 item(s)), ChapterQymTimeIndependentFlow (1 item(s)), ChapterScalaronFiberFL (2 item(s)), ChapterScalaronOuterFockFL (1 item(s)), ChapterSirkSingleTimeShift (1 item(s)), ChapterYangMillsAbelianFockEsa (1 item(s))
18:06:39 chunk: 0 item(s) resolved in 0s
18:06:52 sync: read 341 definition publish job(s)
18:07:12 sync: read 5415 problem publish job(s)
18:07:12 summary: 144 done, 11 pending, 2 failed, 62 unsubmittable (source missing from this checkout) (1869 out-of-order orphans ignored)
18:07:12 waiting on unpublished def bundle(s): ChapterFiniteSectionSingleTime (1 item(s)), ChapterQgTimeStepping (1 item(s)), ChapterQgTruncationResolvent (2 item(s)), ChapterQgVielbeinModeInstance (1 item(s)), ChapterQymTimeIndependentFlow (1 item(s)), ChapterScalaronFiberFL (2 item(s)), ChapterScalaronOuterFockFL (1 item(s)), ChapterSirkSingleTimeShift (1 item(s)), ChapterYangMillsAbelianFockEsa (1 item(s))
18:07:12 chunk: 0 item(s) resolved in 0s
18:07:25 sync: read 341 definition publish job(s)
18:07:45 sync: read 5415 problem publish job(s)
18:07:45 summary: 144 done, 11 pending, 2 failed, 62 unsubmittable (source missing from this checkout) (1869 out-of-order orphans ignored)
18:07:45 waiting on unpublished def bundle(s): ChapterFiniteSectionSingleTime (1 item(s)), ChapterQgTimeStepping (1 item(s)), ChapterQgTruncationResolvent (2 item(s)), ChapterQgVielbeinModeInstance (1 item(s)), ChapterQymTimeIndependentFlow (1 item(s)), ChapterScalaronFiberFL (2 item(s)), ChapterScalaronOuterFockFL (1 item(s)), ChapterSirkSingleTimeShift (1 item(s)), ChapterYangMillsAbelianFockEsa (1 item(s))
18:07:45 chunk: 0 item(s) resolved in 0s
18:07:58 sync: read 341 definition publish job(s)
18:08:22 sync: read 5415 problem publish job(s)
18:08:22 summary: 144 done, 11 pending, 2 failed, 62 unsubmittable (source missing from this checkout) (1869 out-of-order orphans ignored)
18:08:22 waiting on unpublished def bundle(s): ChapterFiniteSectionSingleTime (1 item(s)), ChapterQgTimeStepping (1 item(s)), ChapterQgTruncationResolvent (2 item(s)), ChapterQgVielbeinModeInstance (1 item(s)), ChapterQymTimeIndependentFlow (1 item(s)), ChapterScalaronFiberFL (2 item(s)), ChapterScalaronOuterFockFL (1 item(s)), ChapterSirkSingleTimeShift (1 item(s)), ChapterYangMillsAbelianFockEsa (1 item(s))
18:08:22 chunk: 0 item(s) resolved in 0s
18:08:35 sync: read 341 definition publish job(s)
18:08:55 sync: read 5415 problem publish job(s)
18:08:56 summary: 144 done, 11 pending, 2 failed, 62 unsubmittable (source missing from this checkout) (1869 out-of-order orphans ignored)
18:08:56 waiting on unpublished def bundle(s): ChapterFiniteSectionSingleTime (1 item(s)), ChapterQgTimeStepping (1 item(s)), ChapterQgTruncationResolvent (2 item(s)), ChapterQgVielbeinModeInstance (1 item(s)), ChapterQymTimeIndependentFlow (1 item(s)), ChapterScalaronFiberFL (2 item(s)), ChapterScalaronOuterFockFL (1 item(s)), ChapterSirkSingleTimeShift (1 item(s)), ChapterYangMillsAbelianFockEsa (1 item(s))
18:08:56 chunk: 0 item(s) resolved in 0s
18:09:09 sync: read 341 definition publish job(s)
18:09:30 sync: read 5415 problem publish job(s)
18:09:30 summary: 144 done, 11 pending, 2 failed, 62 unsubmittable (source missing from this checkout) (1869 out-of-order orphans ignored)
18:09:30 waiting on unpublished def bundle(s): ChapterFiniteSectionSingleTime (1 item(s)), ChapterQgTimeStepping (1 item(s)), ChapterQgTruncationResolvent (2 item(s)), ChapterQgVielbeinModeInstance (1 item(s)), ChapterQymTimeIndependentFlow (1 item(s)), ChapterScalaronFiberFL (2 item(s)), ChapterScalaronOuterFockFL (1 item(s)), ChapterSirkSingleTimeShift (1 item(s)), ChapterYangMillsAbelianFockEsa (1 item(s))
18:09:30 chunk: 0 item(s) resolved in 0s
18:09:43 sync: read 341 definition publish job(s)
18:10:09 sync: read 5415 problem publish job(s)
18:10:09 summary: 144 done, 11 pending, 2 failed, 62 unsubmittable (source missing from this checkout) (1869 out-of-order orphans ignored)
18:10:09 waiting on unpublished def bundle(s): ChapterFiniteSectionSingleTime (1 item(s)), ChapterQgTimeStepping (1 item(s)), ChapterQgTruncationResolvent (2 item(s)), ChapterQgVielbeinModeInstance (1 item(s)), ChapterQymTimeIndependentFlow (1 item(s)), ChapterScalaronFiberFL (2 item(s)), ChapterScalaronOuterFockFL (1 item(s)), ChapterSirkSingleTimeShift (1 item(s)), ChapterYangMillsAbelianFockEsa (1 item(s))
18:10:09 chunk: 0 item(s) resolved in 0s
18:10:22 sync: read 341 definition publish job(s)
18:10:47 sync: read 5415 problem publish job(s)
18:10:47 summary: 144 done, 11 pending, 2 failed, 62 unsubmittable (source missing from this checkout) (1869 out-of-order orphans ignored)
18:10:47 waiting on unpublished def bundle(s): ChapterFiniteSectionSingleTime (1 item(s)), ChapterQgTimeStepping (1 item(s)), ChapterQgTruncationResolvent (2 item(s)), ChapterQgVielbeinModeInstance (1 item(s)), ChapterQymTimeIndependentFlow (1 item(s)), ChapterScalaronFiberFL (2 item(s)), ChapterScalaronOuterFockFL (1 item(s)), ChapterSirkSingleTimeShift (1 item(s)), ChapterYangMillsAbelianFockEsa (1 item(s))
18:10:47 chunk: 0 item(s) resolved in 0s
18:11:00 sync: read 341 definition publish job(s)
18:11:31 sync: read 5415 problem publish job(s)
18:11:31 summary: 144 done, 11 pending, 2 failed, 62 unsubmittable (source missing from this checkout) (1869 out-of-order orphans ignored)
18:11:31 waiting on unpublished def bundle(s): ChapterFiniteSectionSingleTime (1 item(s)), ChapterQgTimeStepping (1 item(s)), ChapterQgTruncationResolvent (2 item(s)), ChapterQgVielbeinModeInstance (1 item(s)), ChapterQymTimeIndependentFlow (1 item(s)), ChapterScalaronFiberFL (2 item(s)), ChapterScalaronOuterFockFL (1 item(s)), ChapterSirkSingleTimeShift (1 item(s)), ChapterYangMillsAbelianFockEsa (1 item(s))
18:11:31 chunk: 0 item(s) resolved in 0s
18:11:44 sync: read 341 definition publish job(s)
18:12:07 sync: read 5415 problem publish job(s)
18:12:07 summary: 144 done, 11 pending, 2 failed, 62 unsubmittable (source missing from this checkout) (1869 out-of-order orphans ignored)
18:12:07 waiting on unpublished def bundle(s): ChapterFiniteSectionSingleTime (1 item(s)), ChapterQgTimeStepping (1 item(s)), ChapterQgTruncationResolvent (2 item(s)), ChapterQgVielbeinModeInstance (1 item(s)), ChapterQymTimeIndependentFlow (1 item(s)), ChapterScalaronFiberFL (2 item(s)), ChapterScalaronOuterFockFL (1 item(s)), ChapterSirkSingleTimeShift (1 item(s)), ChapterYangMillsAbelianFockEsa (1 item(s))
18:12:07 chunk: 0 item(s) resolved in 0s
18:12:20 sync: read 341 definition publish job(s)
18:12:41 sync: read 5415 problem publish job(s)
18:12:41 summary: 144 done, 11 pending, 2 failed, 62 unsubmittable (source missing from this checkout) (1869 out-of-order orphans ignored)
18:12:41 waiting on unpublished def bundle(s): ChapterFiniteSectionSingleTime (1 item(s)), ChapterQgTimeStepping (1 item(s)), ChapterQgTruncationResolvent (2 item(s)), ChapterQgVielbeinModeInstance (1 item(s)), ChapterQymTimeIndependentFlow (1 item(s)), ChapterScalaronFiberFL (2 item(s)), ChapterScalaronOuterFockFL (1 item(s)), ChapterSirkSingleTimeShift (1 item(s)), ChapterYangMillsAbelianFockEsa (1 item(s))
18:12:41 chunk: 0 item(s) resolved in 0s
18:12:55 sync: read 341 definition publish job(s)
18:13:18 sync: read 5415 problem publish job(s)
18:13:18 summary: 144 done, 11 pending, 2 failed, 62 unsubmittable (source missing from this checkout) (1869 out-of-order orphans ignored)
18:13:18 waiting on unpublished def bundle(s): ChapterFiniteSectionSingleTime (1 item(s)), ChapterQgTimeStepping (1 item(s)), ChapterQgTruncationResolvent (2 item(s)), ChapterQgVielbeinModeInstance (1 item(s)), ChapterQymTimeIndependentFlow (1 item(s)), ChapterScalaronFiberFL (2 item(s)), ChapterScalaronOuterFockFL (1 item(s)), ChapterSirkSingleTimeShift (1 item(s)), ChapterYangMillsAbelianFockEsa (1 item(s))
18:13:18 chunk: 0 item(s) resolved in 0s
18:13:32 sync: read 341 definition publish job(s)
18:13:52 sync: read 5415 problem publish job(s)
18:13:52 summary: 144 done, 11 pending, 2 failed, 62 unsubmittable (source missing from this checkout) (1869 out-of-order orphans ignored)
18:13:52 waiting on unpublished def bundle(s): ChapterFiniteSectionSingleTime (1 item(s)), ChapterQgTimeStepping (1 item(s)), ChapterQgTruncationResolvent (2 item(s)), ChapterQgVielbeinModeInstance (1 item(s)), ChapterQymTimeIndependentFlow (1 item(s)), ChapterScalaronFiberFL (2 item(s)), ChapterScalaronOuterFockFL (1 item(s)), ChapterSirkSingleTimeShift (1 item(s)), ChapterYangMillsAbelianFockEsa (1 item(s))
18:13:52 chunk: 0 item(s) resolved in 0s
18:14:05 sync: read 341 definition publish job(s)
18:14:25 sync: read 5415 problem publish job(s)
18:14:25 summary: 144 done, 11 pending, 2 failed, 62 unsubmittable (source missing from this checkout) (1869 out-of-order orphans ignored)
18:14:25 waiting on unpublished def bundle(s): ChapterFiniteSectionSingleTime (1 item(s)), ChapterQgTimeStepping (1 item(s)), ChapterQgTruncationResolvent (2 item(s)), ChapterQgVielbeinModeInstance (1 item(s)), ChapterQymTimeIndependentFlow (1 item(s)), ChapterScalaronFiberFL (2 item(s)), ChapterScalaronOuterFockFL (1 item(s)), ChapterSirkSingleTimeShift (1 item(s)), ChapterYangMillsAbelianFockEsa (1 item(s))
18:14:25 chunk: 0 item(s) resolved in 0s
18:14:39 sync: read 341 definition publish job(s)
18:14:59 sync: read 5415 problem publish job(s)
18:14:59 summary: 144 done, 11 pending, 2 failed, 62 unsubmittable (source missing from this checkout) (1869 out-of-order orphans ignored)
18:14:59 waiting on unpublished def bundle(s): ChapterFiniteSectionSingleTime (1 item(s)), ChapterQgTimeStepping (1 item(s)), ChapterQgTruncationResolvent (2 item(s)), ChapterQgVielbeinModeInstance (1 item(s)), ChapterQymTimeIndependentFlow (1 item(s)), ChapterScalaronFiberFL (2 item(s)), ChapterScalaronOuterFockFL (1 item(s)), ChapterSirkSingleTimeShift (1 item(s)), ChapterYangMillsAbelianFockEsa (1 item(s))
18:14:59 chunk: 0 item(s) resolved in 0s
18:15:12 sync: read 341 definition publish job(s)
18:15:32 sync: read 5415 problem publish job(s)
18:15:32 summary: 144 done, 11 pending, 2 failed, 62 unsubmittable (source missing from this checkout) (1869 out-of-order orphans ignored)
18:15:32 waiting on unpublished def bundle(s): ChapterFiniteSectionSingleTime (1 item(s)), ChapterQgTimeStepping (1 item(s)), ChapterQgTruncationResolvent (2 item(s)), ChapterQgVielbeinModeInstance (1 item(s)), ChapterQymTimeIndependentFlow (1 item(s)), ChapterScalaronFiberFL (2 item(s)), ChapterScalaronOuterFockFL (1 item(s)), ChapterSirkSingleTimeShift (1 item(s)), ChapterYangMillsAbelianFockEsa (1 item(s))
18:15:32 chunk: 0 item(s) resolved in 0s
18:15:45 sync: read 341 definition publish job(s)
18:16:05 sync: read 5415 problem publish job(s)
18:16:05 summary: 144 done, 11 pending, 2 failed, 62 unsubmittable (source missing from this checkout) (1869 out-of-order orphans ignored)
18:16:05 waiting on unpublished def bundle(s): ChapterFiniteSectionSingleTime (1 item(s)), ChapterQgTimeStepping (1 item(s)), ChapterQgTruncationResolvent (2 item(s)), ChapterQgVielbeinModeInstance (1 item(s)), ChapterQymTimeIndependentFlow (1 item(s)), ChapterScalaronFiberFL (2 item(s)), ChapterScalaronOuterFockFL (1 item(s)), ChapterSirkSingleTimeShift (1 item(s)), ChapterYangMillsAbelianFockEsa (1 item(s))
18:16:05 chunk: 0 item(s) resolved in 0s
18:16:17 sync: read 341 definition publish job(s)
18:16:36 sync: read 5415 problem publish job(s)
18:16:36 summary: 144 done, 11 pending, 2 failed, 62 unsubmittable (source missing from this checkout) (1869 out-of-order orphans ignored)
18:16:36 waiting on unpublished def bundle(s): ChapterFiniteSectionSingleTime (1 item(s)), ChapterQgTimeStepping (1 item(s)), ChapterQgTruncationResolvent (2 item(s)), ChapterQgVielbeinModeInstance (1 item(s)), ChapterQymTimeIndependentFlow (1 item(s)), ChapterScalaronFiberFL (2 item(s)), ChapterScalaronOuterFockFL (1 item(s)), ChapterSirkSingleTimeShift (1 item(s)), ChapterYangMillsAbelianFockEsa (1 item(s))
18:16:36 chunk: 0 item(s) resolved in 0s
18:16:49 sync: read 341 definition publish job(s)
18:17:11 sync: read 5415 problem publish job(s)
18:17:11 summary: 144 done, 11 pending, 2 failed, 62 unsubmittable (source missing from this checkout) (1869 out-of-order orphans ignored)
18:17:11 waiting on unpublished def bundle(s): ChapterFiniteSectionSingleTime (1 item(s)), ChapterQgTimeStepping (1 item(s)), ChapterQgTruncationResolvent (2 item(s)), ChapterQgVielbeinModeInstance (1 item(s)), ChapterQymTimeIndependentFlow (1 item(s)), ChapterScalaronFiberFL (2 item(s)), ChapterScalaronOuterFockFL (1 item(s)), ChapterSirkSingleTimeShift (1 item(s)), ChapterYangMillsAbelianFockEsa (1 item(s))
18:17:11 chunk: 0 item(s) resolved in 0s
18:17:24 sync: read 341 definition publish job(s)
18:17:49 sync: read 5415 problem publish job(s)
18:17:49 summary: 144 done, 11 pending, 2 failed, 62 unsubmittable (source missing from this checkout) (1869 out-of-order orphans ignored)
18:17:49 waiting on unpublished def bundle(s): ChapterFiniteSectionSingleTime (1 item(s)), ChapterQgTimeStepping (1 item(s)), ChapterQgTruncationResolvent (2 item(s)), ChapterQgVielbeinModeInstance (1 item(s)), ChapterQymTimeIndependentFlow (1 item(s)), ChapterScalaronFiberFL (2 item(s)), ChapterScalaronOuterFockFL (1 item(s)), ChapterSirkSingleTimeShift (1 item(s)), ChapterYangMillsAbelianFockEsa (1 item(s))
18:17:49 chunk: 0 item(s) resolved in 0s
18:18:02 sync: read 341 definition publish job(s)
18:18:24 sync: read 5415 problem publish job(s)
18:18:24 summary: 144 done, 11 pending, 2 failed, 62 unsubmittable (source missing from this checkout) (1869 out-of-order orphans ignored)
18:18:24 waiting on unpublished def bundle(s): ChapterFiniteSectionSingleTime (1 item(s)), ChapterQgTimeStepping (1 item(s)), ChapterQgTruncationResolvent (2 item(s)), ChapterQgVielbeinModeInstance (1 item(s)), ChapterQymTimeIndependentFlow (1 item(s)), ChapterScalaronFiberFL (2 item(s)), ChapterScalaronOuterFockFL (1 item(s)), ChapterSirkSingleTimeShift (1 item(s)), ChapterYangMillsAbelianFockEsa (1 item(s))
18:18:24 chunk: 0 item(s) resolved in 0s
18:18:37 sync: read 341 definition publish job(s)
18:18:59 sync: read 5415 problem publish job(s)
18:18:59 summary: 144 done, 11 pending, 2 failed, 62 unsubmittable (source missing from this checkout) (1869 out-of-order orphans ignored)
18:18:59 waiting on unpublished def bundle(s): ChapterFiniteSectionSingleTime (1 item(s)), ChapterQgTimeStepping (1 item(s)), ChapterQgTruncationResolvent (2 item(s)), ChapterQgVielbeinModeInstance (1 item(s)), ChapterQymTimeIndependentFlow (1 item(s)), ChapterScalaronFiberFL (2 item(s)), ChapterScalaronOuterFockFL (1 item(s)), ChapterSirkSingleTimeShift (1 item(s)), ChapterYangMillsAbelianFockEsa (1 item(s))
18:18:59 chunk: 0 item(s) resolved in 0s
18:19:12 sync: read 341 definition publish job(s)
18:19:33 sync: read 5415 problem publish job(s)
18:19:33 summary: 144 done, 11 pending, 2 failed, 62 unsubmittable (source missing from this checkout) (1869 out-of-order orphans ignored)
18:19:33 waiting on unpublished def bundle(s): ChapterFiniteSectionSingleTime (1 item(s)), ChapterQgTimeStepping (1 item(s)), ChapterQgTruncationResolvent (2 item(s)), ChapterQgVielbeinModeInstance (1 item(s)), ChapterQymTimeIndependentFlow (1 item(s)), ChapterScalaronFiberFL (2 item(s)), ChapterScalaronOuterFockFL (1 item(s)), ChapterSirkSingleTimeShift (1 item(s)), ChapterYangMillsAbelianFockEsa (1 item(s))
18:19:33 chunk: 0 item(s) resolved in 0s
18:19:46 sync: read 341 definition publish job(s)
18:20:06 sync: read 5415 problem publish job(s)
18:20:06 summary: 144 done, 11 pending, 2 failed, 62 unsubmittable (source missing from this checkout) (1869 out-of-order orphans ignored)
18:20:06 waiting on unpublished def bundle(s): ChapterFiniteSectionSingleTime (1 item(s)), ChapterQgTimeStepping (1 item(s)), ChapterQgTruncationResolvent (2 item(s)), ChapterQgVielbeinModeInstance (1 item(s)), ChapterQymTimeIndependentFlow (1 item(s)), ChapterScalaronFiberFL (2 item(s)), ChapterScalaronOuterFockFL (1 item(s)), ChapterSirkSingleTimeShift (1 item(s)), ChapterYangMillsAbelianFockEsa (1 item(s))
18:20:06 chunk: 0 item(s) resolved in 0s
18:20:19 sync: read 341 definition publish job(s)
18:20:40 sync: read 5415 problem publish job(s)
18:20:40 summary: 144 done, 11 pending, 2 failed, 62 unsubmittable (source missing from this checkout) (1869 out-of-order orphans ignored)
18:20:40 waiting on unpublished def bundle(s): ChapterFiniteSectionSingleTime (1 item(s)), ChapterQgTimeStepping (1 item(s)), ChapterQgTruncationResolvent (2 item(s)), ChapterQgVielbeinModeInstance (1 item(s)), ChapterQymTimeIndependentFlow (1 item(s)), ChapterScalaronFiberFL (2 item(s)), ChapterScalaronOuterFockFL (1 item(s)), ChapterSirkSingleTimeShift (1 item(s)), ChapterYangMillsAbelianFockEsa (1 item(s))
18:20:40 chunk: 0 item(s) resolved in 0s
18:20:54 sync: read 341 definition publish job(s)
18:21:15 sync: read 5415 problem publish job(s)
18:21:15 summary: 144 done, 11 pending, 2 failed, 62 unsubmittable (source missing from this checkout) (1869 out-of-order orphans ignored)
18:21:15 waiting on unpublished def bundle(s): ChapterFiniteSectionSingleTime (1 item(s)), ChapterQgTimeStepping (1 item(s)), ChapterQgTruncationResolvent (2 item(s)), ChapterQgVielbeinModeInstance (1 item(s)), ChapterQymTimeIndependentFlow (1 item(s)), ChapterScalaronFiberFL (2 item(s)), ChapterScalaronOuterFockFL (1 item(s)), ChapterSirkSingleTimeShift (1 item(s)), ChapterYangMillsAbelianFockEsa (1 item(s))
18:21:15 chunk: 0 item(s) resolved in 0s
18:21:28 sync: read 341 definition publish job(s)
18:21:52 sync: read 5415 problem publish job(s)
18:21:52 summary: 144 done, 11 pending, 2 failed, 62 unsubmittable (source missing from this checkout) (1869 out-of-order orphans ignored)
18:21:52 waiting on unpublished def bundle(s): ChapterFiniteSectionSingleTime (1 item(s)), ChapterQgTimeStepping (1 item(s)), ChapterQgTruncationResolvent (2 item(s)), ChapterQgVielbeinModeInstance (1 item(s)), ChapterQymTimeIndependentFlow (1 item(s)), ChapterScalaronFiberFL (2 item(s)), ChapterScalaronOuterFockFL (1 item(s)), ChapterSirkSingleTimeShift (1 item(s)), ChapterYangMillsAbelianFockEsa (1 item(s))
18:21:52 chunk: 0 item(s) resolved in 0s
18:22:07 sync: read 341 definition publish job(s)
18:22:31 sync: read 5415 problem publish job(s)
18:22:31 summary: 144 done, 11 pending, 2 failed, 62 unsubmittable (source missing from this checkout) (1869 out-of-order orphans ignored)
18:22:31 waiting on unpublished def bundle(s): ChapterFiniteSectionSingleTime (1 item(s)), ChapterQgTimeStepping (1 item(s)), ChapterQgTruncationResolvent (2 item(s)), ChapterQgVielbeinModeInstance (1 item(s)), ChapterQymTimeIndependentFlow (1 item(s)), ChapterScalaronFiberFL (2 item(s)), ChapterScalaronOuterFockFL (1 item(s)), ChapterSirkSingleTimeShift (1 item(s)), ChapterYangMillsAbelianFockEsa (1 item(s))
18:22:31 chunk: 0 item(s) resolved in 0s
18:22:45 sync: read 341 definition publish job(s)
18:23:08 sync: read 5415 problem publish job(s)
18:23:08 summary: 144 done, 11 pending, 2 failed, 62 unsubmittable (source missing from this checkout) (1869 out-of-order orphans ignored)
18:23:08 waiting on unpublished def bundle(s): ChapterFiniteSectionSingleTime (1 item(s)), ChapterQgTimeStepping (1 item(s)), ChapterQgTruncationResolvent (2 item(s)), ChapterQgVielbeinModeInstance (1 item(s)), ChapterQymTimeIndependentFlow (1 item(s)), ChapterScalaronFiberFL (2 item(s)), ChapterScalaronOuterFockFL (1 item(s)), ChapterSirkSingleTimeShift (1 item(s)), ChapterYangMillsAbelianFockEsa (1 item(s))
18:23:08 chunk: 0 item(s) resolved in 0s
18:23:22 sync: read 341 definition publish job(s)
18:23:43 sync: read 5415 problem publish job(s)
18:23:43 summary: 144 done, 11 pending, 2 failed, 62 unsubmittable (source missing from this checkout) (1869 out-of-order orphans ignored)
18:23:43 waiting on unpublished def bundle(s): ChapterFiniteSectionSingleTime (1 item(s)), ChapterQgTimeStepping (1 item(s)), ChapterQgTruncationResolvent (2 item(s)), ChapterQgVielbeinModeInstance (1 item(s)), ChapterQymTimeIndependentFlow (1 item(s)), ChapterScalaronFiberFL (2 item(s)), ChapterScalaronOuterFockFL (1 item(s)), ChapterSirkSingleTimeShift (1 item(s)), ChapterYangMillsAbelianFockEsa (1 item(s))
18:23:43 chunk: 0 item(s) resolved in 0s
18:23:57 sync: read 341 definition publish job(s)
18:24:18 sync: read 5415 problem publish job(s)
18:24:18 summary: 144 done, 11 pending, 2 failed, 62 unsubmittable (source missing from this checkout) (1869 out-of-order orphans ignored)
18:24:18 waiting on unpublished def bundle(s): ChapterFiniteSectionSingleTime (1 item(s)), ChapterQgTimeStepping (1 item(s)), ChapterQgTruncationResolvent (2 item(s)), ChapterQgVielbeinModeInstance (1 item(s)), ChapterQymTimeIndependentFlow (1 item(s)), ChapterScalaronFiberFL (2 item(s)), ChapterScalaronOuterFockFL (1 item(s)), ChapterSirkSingleTimeShift (1 item(s)), ChapterYangMillsAbelianFockEsa (1 item(s))
18:24:18 chunk: 0 item(s) resolved in 0s
18:24:32 sync: read 341 definition publish job(s)
18:24:53 sync: read 5415 problem publish job(s)
18:24:53 summary: 144 done, 11 pending, 2 failed, 62 unsubmittable (source missing from this checkout) (1869 out-of-order orphans ignored)
18:24:53 waiting on unpublished def bundle(s): ChapterFiniteSectionSingleTime (1 item(s)), ChapterQgTimeStepping (1 item(s)), ChapterQgTruncationResolvent (2 item(s)), ChapterQgVielbeinModeInstance (1 item(s)), ChapterQymTimeIndependentFlow (1 item(s)), ChapterScalaronFiberFL (2 item(s)), ChapterScalaronOuterFockFL (1 item(s)), ChapterSirkSingleTimeShift (1 item(s)), ChapterYangMillsAbelianFockEsa (1 item(s))
18:24:53 chunk: 0 item(s) resolved in 0s
18:25:07 sync: read 341 definition publish job(s)
18:25:29 sync: read 5415 problem publish job(s)
18:25:29 summary: 144 done, 11 pending, 2 failed, 62 unsubmittable (source missing from this checkout) (1869 out-of-order orphans ignored)
18:25:29 waiting on unpublished def bundle(s): ChapterFiniteSectionSingleTime (1 item(s)), ChapterQgTimeStepping (1 item(s)), ChapterQgTruncationResolvent (2 item(s)), ChapterQgVielbeinModeInstance (1 item(s)), ChapterQymTimeIndependentFlow (1 item(s)), ChapterScalaronFiberFL (2 item(s)), ChapterScalaronOuterFockFL (1 item(s)), ChapterSirkSingleTimeShift (1 item(s)), ChapterYangMillsAbelianFockEsa (1 item(s))
18:25:29 chunk: 0 item(s) resolved in 0s
18:25:43 sync: read 341 definition publish job(s)
18:26:07 sync: read 5415 problem publish job(s)
18:26:07 summary: 144 done, 11 pending, 2 failed, 62 unsubmittable (source missing from this checkout) (1869 out-of-order orphans ignored)
18:26:07 waiting on unpublished def bundle(s): ChapterFiniteSectionSingleTime (1 item(s)), ChapterQgTimeStepping (1 item(s)), ChapterQgTruncationResolvent (2 item(s)), ChapterQgVielbeinModeInstance (1 item(s)), ChapterQymTimeIndependentFlow (1 item(s)), ChapterScalaronFiberFL (2 item(s)), ChapterScalaronOuterFockFL (1 item(s)), ChapterSirkSingleTimeShift (1 item(s)), ChapterYangMillsAbelianFockEsa (1 item(s))
18:26:07 chunk: 0 item(s) resolved in 0s
18:26:21 sync: read 341 definition publish job(s)
18:26:41 sync: read 5415 problem publish job(s)
18:26:41 summary: 144 done, 11 pending, 2 failed, 62 unsubmittable (source missing from this checkout) (1869 out-of-order orphans ignored)
18:26:41 waiting on unpublished def bundle(s): ChapterFiniteSectionSingleTime (1 item(s)), ChapterQgTimeStepping (1 item(s)), ChapterQgTruncationResolvent (2 item(s)), ChapterQgVielbeinModeInstance (1 item(s)), ChapterQymTimeIndependentFlow (1 item(s)), ChapterScalaronFiberFL (2 item(s)), ChapterScalaronOuterFockFL (1 item(s)), ChapterSirkSingleTimeShift (1 item(s)), ChapterYangMillsAbelianFockEsa (1 item(s))
18:26:41 chunk: 0 item(s) resolved in 0s
18:26:55 sync: read 341 definition publish job(s)
18:27:19 sync: read 5415 problem publish job(s)
18:27:19 summary: 144 done, 11 pending, 2 failed, 62 unsubmittable (source missing from this checkout) (1869 out-of-order orphans ignored)
18:27:19 waiting on unpublished def bundle(s): ChapterFiniteSectionSingleTime (1 item(s)), ChapterQgTimeStepping (1 item(s)), ChapterQgTruncationResolvent (2 item(s)), ChapterQgVielbeinModeInstance (1 item(s)), ChapterQymTimeIndependentFlow (1 item(s)), ChapterScalaronFiberFL (2 item(s)), ChapterScalaronOuterFockFL (1 item(s)), ChapterSirkSingleTimeShift (1 item(s)), ChapterYangMillsAbelianFockEsa (1 item(s))
18:27:19 chunk: 0 item(s) resolved in 0s
18:27:32 sync: read 341 definition publish job(s)
18:27:50 sync: read 5415 problem publish job(s)
18:27:50 summary: 144 done, 11 pending, 2 failed, 62 unsubmittable (source missing from this checkout) (1869 out-of-order orphans ignored)
18:27:50 waiting on unpublished def bundle(s): ChapterFiniteSectionSingleTime (1 item(s)), ChapterQgTimeStepping (1 item(s)), ChapterQgTruncationResolvent (2 item(s)), ChapterQgVielbeinModeInstance (1 item(s)), ChapterQymTimeIndependentFlow (1 item(s)), ChapterScalaronFiberFL (2 item(s)), ChapterScalaronOuterFockFL (1 item(s)), ChapterSirkSingleTimeShift (1 item(s)), ChapterYangMillsAbelianFockEsa (1 item(s))
18:27:50 chunk: 0 item(s) resolved in 0s
18:28:04 sync: read 341 definition publish job(s)
18:28:26 sync: read 5415 problem publish job(s)
18:28:26 summary: 144 done, 11 pending, 2 failed, 62 unsubmittable (source missing from this checkout) (1869 out-of-order orphans ignored)
18:28:26 waiting on unpublished def bundle(s): ChapterFiniteSectionSingleTime (1 item(s)), ChapterQgTimeStepping (1 item(s)), ChapterQgTruncationResolvent (2 item(s)), ChapterQgVielbeinModeInstance (1 item(s)), ChapterQymTimeIndependentFlow (1 item(s)), ChapterScalaronFiberFL (2 item(s)), ChapterScalaronOuterFockFL (1 item(s)), ChapterSirkSingleTimeShift (1 item(s)), ChapterYangMillsAbelianFockEsa (1 item(s))
18:28:26 chunk: 0 item(s) resolved in 0s
18:28:39 sync: read 341 definition publish job(s)
18:28:59 sync: read 5415 problem publish job(s)
18:28:59 summary: 144 done, 11 pending, 2 failed, 62 unsubmittable (source missing from this checkout) (1869 out-of-order orphans ignored)
18:28:59 waiting on unpublished def bundle(s): ChapterFiniteSectionSingleTime (1 item(s)), ChapterQgTimeStepping (1 item(s)), ChapterQgTruncationResolvent (2 item(s)), ChapterQgVielbeinModeInstance (1 item(s)), ChapterQymTimeIndependentFlow (1 item(s)), ChapterScalaronFiberFL (2 item(s)), ChapterScalaronOuterFockFL (1 item(s)), ChapterSirkSingleTimeShift (1 item(s)), ChapterYangMillsAbelianFockEsa (1 item(s))
18:28:59 chunk: 0 item(s) resolved in 0s
18:29:12 sync: read 341 definition publish job(s)
18:29:32 sync: read 5415 problem publish job(s)
18:29:33 summary: 144 done, 11 pending, 2 failed, 62 unsubmittable (source missing from this checkout) (1869 out-of-order orphans ignored)
18:29:33 waiting on unpublished def bundle(s): ChapterFiniteSectionSingleTime (1 item(s)), ChapterQgTimeStepping (1 item(s)), ChapterQgTruncationResolvent (2 item(s)), ChapterQgVielbeinModeInstance (1 item(s)), ChapterQymTimeIndependentFlow (1 item(s)), ChapterScalaronFiberFL (2 item(s)), ChapterScalaronOuterFockFL (1 item(s)), ChapterSirkSingleTimeShift (1 item(s)), ChapterYangMillsAbelianFockEsa (1 item(s))
18:29:33 chunk: 0 item(s) resolved in 0s
18:29:46 sync: read 341 definition publish job(s)
18:30:05 sync: read 5415 problem publish job(s)
18:30:05 summary: 144 done, 11 pending, 2 failed, 62 unsubmittable (source missing from this checkout) (1869 out-of-order orphans ignored)
18:30:05 waiting on unpublished def bundle(s): ChapterFiniteSectionSingleTime (1 item(s)), ChapterQgTimeStepping (1 item(s)), ChapterQgTruncationResolvent (2 item(s)), ChapterQgVielbeinModeInstance (1 item(s)), ChapterQymTimeIndependentFlow (1 item(s)), ChapterScalaronFiberFL (2 item(s)), ChapterScalaronOuterFockFL (1 item(s)), ChapterSirkSingleTimeShift (1 item(s)), ChapterYangMillsAbelianFockEsa (1 item(s))
18:30:05 chunk: 0 item(s) resolved in 0s
18:30:20 sync: read 341 definition publish job(s)
18:30:55 sync: read 5415 problem publish job(s)
18:30:55 summary: 144 done, 11 pending, 2 failed, 62 unsubmittable (source missing from this checkout) (1869 out-of-order orphans ignored)
18:30:55 waiting on unpublished def bundle(s): ChapterFiniteSectionSingleTime (1 item(s)), ChapterQgTimeStepping (1 item(s)), ChapterQgTruncationResolvent (2 item(s)), ChapterQgVielbeinModeInstance (1 item(s)), ChapterQymTimeIndependentFlow (1 item(s)), ChapterScalaronFiberFL (2 item(s)), ChapterScalaronOuterFockFL (1 item(s)), ChapterSirkSingleTimeShift (1 item(s)), ChapterYangMillsAbelianFockEsa (1 item(s))
18:30:55 chunk: 0 item(s) resolved in 0s
18:31:09 sync: read 341 definition publish job(s)
18:31:29 sync: read 5415 problem publish job(s)
18:31:29 summary: 144 done, 11 pending, 2 failed, 62 unsubmittable (source missing from this checkout) (1869 out-of-order orphans ignored)
18:31:29 waiting on unpublished def bundle(s): ChapterFiniteSectionSingleTime (1 item(s)), ChapterQgTimeStepping (1 item(s)), ChapterQgTruncationResolvent (2 item(s)), ChapterQgVielbeinModeInstance (1 item(s)), ChapterQymTimeIndependentFlow (1 item(s)), ChapterScalaronFiberFL (2 item(s)), ChapterScalaronOuterFockFL (1 item(s)), ChapterSirkSingleTimeShift (1 item(s)), ChapterYangMillsAbelianFockEsa (1 item(s))
18:31:29 chunk: 0 item(s) resolved in 0s
18:31:42 sync: read 341 definition publish job(s)
18:32:06 sync: read 5415 problem publish job(s)
18:32:06 summary: 144 done, 11 pending, 2 failed, 62 unsubmittable (source missing from this checkout) (1869 out-of-order orphans ignored)
18:32:06 waiting on unpublished def bundle(s): ChapterFiniteSectionSingleTime (1 item(s)), ChapterQgTimeStepping (1 item(s)), ChapterQgTruncationResolvent (2 item(s)), ChapterQgVielbeinModeInstance (1 item(s)), ChapterQymTimeIndependentFlow (1 item(s)), ChapterScalaronFiberFL (2 item(s)), ChapterScalaronOuterFockFL (1 item(s)), ChapterSirkSingleTimeShift (1 item(s)), ChapterYangMillsAbelianFockEsa (1 item(s))
18:32:06 chunk: 0 item(s) resolved in 0s
18:32:19 sync: read 341 definition publish job(s)
18:32:42 sync: read 5415 problem publish job(s)
18:32:42 summary: 144 done, 11 pending, 2 failed, 62 unsubmittable (source missing from this checkout) (1869 out-of-order orphans ignored)
18:32:42 waiting on unpublished def bundle(s): ChapterFiniteSectionSingleTime (1 item(s)), ChapterQgTimeStepping (1 item(s)), ChapterQgTruncationResolvent (2 item(s)), ChapterQgVielbeinModeInstance (1 item(s)), ChapterQymTimeIndependentFlow (1 item(s)), ChapterScalaronFiberFL (2 item(s)), ChapterScalaronOuterFockFL (1 item(s)), ChapterSirkSingleTimeShift (1 item(s)), ChapterYangMillsAbelianFockEsa (1 item(s))
18:32:42 chunk: 0 item(s) resolved in 0s
18:32:56 sync: read 341 definition publish job(s)
18:33:22 sync: read 5415 problem publish job(s)
18:33:22 summary: 144 done, 11 pending, 2 failed, 62 unsubmittable (source missing from this checkout) (1869 out-of-order orphans ignored)
18:33:22 waiting on unpublished def bundle(s): ChapterFiniteSectionSingleTime (1 item(s)), ChapterQgTimeStepping (1 item(s)), ChapterQgTruncationResolvent (2 item(s)), ChapterQgVielbeinModeInstance (1 item(s)), ChapterQymTimeIndependentFlow (1 item(s)), ChapterScalaronFiberFL (2 item(s)), ChapterScalaronOuterFockFL (1 item(s)), ChapterSirkSingleTimeShift (1 item(s)), ChapterYangMillsAbelianFockEsa (1 item(s))
18:33:22 chunk: 0 item(s) resolved in 0s
18:33:35 sync: read 341 definition publish job(s)
18:33:55 sync: read 5415 problem publish job(s)
18:33:55 summary: 144 done, 11 pending, 2 failed, 62 unsubmittable (source missing from this checkout) (1869 out-of-order orphans ignored)
18:33:55 waiting on unpublished def bundle(s): ChapterFiniteSectionSingleTime (1 item(s)), ChapterQgTimeStepping (1 item(s)), ChapterQgTruncationResolvent (2 item(s)), ChapterQgVielbeinModeInstance (1 item(s)), ChapterQymTimeIndependentFlow (1 item(s)), ChapterScalaronFiberFL (2 item(s)), ChapterScalaronOuterFockFL (1 item(s)), ChapterSirkSingleTimeShift (1 item(s)), ChapterYangMillsAbelianFockEsa (1 item(s))
18:33:55 chunk: 0 item(s) resolved in 0s
18:34:08 sync: read 341 definition publish job(s)
18:34:11 sync: read 400 problem publish job(s)
18:34:11 summary: 144 done, 11 pending, 2 failed, 62 unsubmittable (source missing from this checkout) (1869 out-of-order orphans ignored)
18:34:11 waiting on unpublished def bundle(s): ChapterFiniteSectionSingleTime (1 item(s)), ChapterQgTimeStepping (1 item(s)), ChapterQgTruncationResolvent (2 item(s)), ChapterQgVielbeinModeInstance (1 item(s)), ChapterQymTimeIndependentFlow (1 item(s)), ChapterScalaronFiberFL (2 item(s)), ChapterScalaronOuterFockFL (1 item(s)), ChapterSirkSingleTimeShift (1 item(s)), ChapterYangMillsAbelianFockEsa (1 item(s))
18:34:11 chunk: 0 item(s) resolved in 0s
18:34:25 sync: read 341 definition publish job(s)
18:34:48 sync: read 5415 problem publish job(s)
18:34:48 summary: 144 done, 11 pending, 2 failed, 62 unsubmittable (source missing from this checkout) (1869 out-of-order orphans ignored)
18:34:48 waiting on unpublished def bundle(s): ChapterFiniteSectionSingleTime (1 item(s)), ChapterQgTimeStepping (1 item(s)), ChapterQgTruncationResolvent (2 item(s)), ChapterQgVielbeinModeInstance (1 item(s)), ChapterQymTimeIndependentFlow (1 item(s)), ChapterScalaronFiberFL (2 item(s)), ChapterScalaronOuterFockFL (1 item(s)), ChapterSirkSingleTimeShift (1 item(s)), ChapterYangMillsAbelianFockEsa (1 item(s))
18:34:48 chunk: 0 item(s) resolved in 0s
18:35:01 sync: read 341 definition publish job(s)
18:35:03 sync: read 100 problem publish job(s)
18:35:03 summary: 144 done, 11 pending, 2 failed, 62 unsubmittable (source missing from this checkout) (1869 out-of-order orphans ignored)
18:35:03 waiting on unpublished def bundle(s): ChapterFiniteSectionSingleTime (1 item(s)), ChapterQgTimeStepping (1 item(s)), ChapterQgTruncationResolvent (2 item(s)), ChapterQgVielbeinModeInstance (1 item(s)), ChapterQymTimeIndependentFlow (1 item(s)), ChapterScalaronFiberFL (2 item(s)), ChapterScalaronOuterFockFL (1 item(s)), ChapterSirkSingleTimeShift (1 item(s)), ChapterYangMillsAbelianFockEsa (1 item(s))
18:35:03 chunk: 0 item(s) resolved in 0s
18:35:16 sync: read 341 definition publish job(s)
18:35:38 sync: read 5415 problem publish job(s)
18:35:38 summary: 144 done, 11 pending, 2 failed, 62 unsubmittable (source missing from this checkout) (1869 out-of-order orphans ignored)
18:35:38 waiting on unpublished def bundle(s): ChapterFiniteSectionSingleTime (1 item(s)), ChapterQgTimeStepping (1 item(s)), ChapterQgTruncationResolvent (2 item(s)), ChapterQgVielbeinModeInstance (1 item(s)), ChapterQymTimeIndependentFlow (1 item(s)), ChapterScalaronFiberFL (2 item(s)), ChapterScalaronOuterFockFL (1 item(s)), ChapterSirkSingleTimeShift (1 item(s)), ChapterYangMillsAbelianFockEsa (1 item(s))
18:35:38 chunk: 0 item(s) resolved in 0s
18:35:53 sync: read 341 definition publish job(s)
18:36:17 sync: read 5415 problem publish job(s)
18:36:17 summary: 144 done, 11 pending, 2 failed, 62 unsubmittable (source missing from this checkout) (1869 out-of-order orphans ignored)
18:36:17 waiting on unpublished def bundle(s): ChapterFiniteSectionSingleTime (1 item(s)), ChapterQgTimeStepping (1 item(s)), ChapterQgTruncationResolvent (2 item(s)), ChapterQgVielbeinModeInstance (1 item(s)), ChapterQymTimeIndependentFlow (1 item(s)), ChapterScalaronFiberFL (2 item(s)), ChapterScalaronOuterFockFL (1 item(s)), ChapterSirkSingleTimeShift (1 item(s)), ChapterYangMillsAbelianFockEsa (1 item(s))
18:36:17 chunk: 0 item(s) resolved in 0s
18:36:30 sync: read 341 definition publish job(s)
18:36:51 sync: read 5415 problem publish job(s)
18:36:51 summary: 144 done, 11 pending, 2 failed, 62 unsubmittable (source missing from this checkout) (1869 out-of-order orphans ignored)
18:36:51 waiting on unpublished def bundle(s): ChapterFiniteSectionSingleTime (1 item(s)), ChapterQgTimeStepping (1 item(s)), ChapterQgTruncationResolvent (2 item(s)), ChapterQgVielbeinModeInstance (1 item(s)), ChapterQymTimeIndependentFlow (1 item(s)), ChapterScalaronFiberFL (2 item(s)), ChapterScalaronOuterFockFL (1 item(s)), ChapterSirkSingleTimeShift (1 item(s)), ChapterYangMillsAbelianFockEsa (1 item(s))
18:36:51 chunk: 0 item(s) resolved in 0s
18:37:04 sync: read 341 definition publish job(s)
18:37:24 sync: read 5415 problem publish job(s)
18:37:24 summary: 144 done, 11 pending, 2 failed, 62 unsubmittable (source missing from this checkout) (1869 out-of-order orphans ignored)
18:37:24 waiting on unpublished def bundle(s): ChapterFiniteSectionSingleTime (1 item(s)), ChapterQgTimeStepping (1 item(s)), ChapterQgTruncationResolvent (2 item(s)), ChapterQgVielbeinModeInstance (1 item(s)), ChapterQymTimeIndependentFlow (1 item(s)), ChapterScalaronFiberFL (2 item(s)), ChapterScalaronOuterFockFL (1 item(s)), ChapterSirkSingleTimeShift (1 item(s)), ChapterYangMillsAbelianFockEsa (1 item(s))
18:37:24 chunk: 0 item(s) resolved in 0s
18:37:37 sync: read 341 definition publish job(s)
18:37:58 sync: read 5415 problem publish job(s)
18:37:58 summary: 144 done, 11 pending, 2 failed, 62 unsubmittable (source missing from this checkout) (1869 out-of-order orphans ignored)
18:37:58 waiting on unpublished def bundle(s): ChapterFiniteSectionSingleTime (1 item(s)), ChapterQgTimeStepping (1 item(s)), ChapterQgTruncationResolvent (2 item(s)), ChapterQgVielbeinModeInstance (1 item(s)), ChapterQymTimeIndependentFlow (1 item(s)), ChapterScalaronFiberFL (2 item(s)), ChapterScalaronOuterFockFL (1 item(s)), ChapterSirkSingleTimeShift (1 item(s)), ChapterYangMillsAbelianFockEsa (1 item(s))
18:37:58 chunk: 0 item(s) resolved in 0s
18:38:11 sync: read 341 definition publish job(s)
18:38:30 sync: read 5415 problem publish job(s)
18:38:30 summary: 144 done, 11 pending, 2 failed, 62 unsubmittable (source missing from this checkout) (1869 out-of-order orphans ignored)
18:38:30 waiting on unpublished def bundle(s): ChapterFiniteSectionSingleTime (1 item(s)), ChapterQgTimeStepping (1 item(s)), ChapterQgTruncationResolvent (2 item(s)), ChapterQgVielbeinModeInstance (1 item(s)), ChapterQymTimeIndependentFlow (1 item(s)), ChapterScalaronFiberFL (2 item(s)), ChapterScalaronOuterFockFL (1 item(s)), ChapterSirkSingleTimeShift (1 item(s)), ChapterYangMillsAbelianFockEsa (1 item(s))
18:38:30 chunk: 0 item(s) resolved in 0s
18:38:44 sync: read 341 definition publish job(s)
18:39:03 sync: read 5415 problem publish job(s)
18:39:03 summary: 144 done, 11 pending, 2 failed, 62 unsubmittable (source missing from this checkout) (1869 out-of-order orphans ignored)
18:39:03 waiting on unpublished def bundle(s): ChapterFiniteSectionSingleTime (1 item(s)), ChapterQgTimeStepping (1 item(s)), ChapterQgTruncationResolvent (2 item(s)), ChapterQgVielbeinModeInstance (1 item(s)), ChapterQymTimeIndependentFlow (1 item(s)), ChapterScalaronFiberFL (2 item(s)), ChapterScalaronOuterFockFL (1 item(s)), ChapterSirkSingleTimeShift (1 item(s)), ChapterYangMillsAbelianFockEsa (1 item(s))
18:39:03 chunk: 0 item(s) resolved in 0s
18:39:16 sync: read 341 definition publish job(s)
18:39:38 sync: read 5415 problem publish job(s)
18:39:38 summary: 144 done, 11 pending, 2 failed, 62 unsubmittable (source missing from this checkout) (1869 out-of-order orphans ignored)
18:39:38 waiting on unpublished def bundle(s): ChapterFiniteSectionSingleTime (1 item(s)), ChapterQgTimeStepping (1 item(s)), ChapterQgTruncationResolvent (2 item(s)), ChapterQgVielbeinModeInstance (1 item(s)), ChapterQymTimeIndependentFlow (1 item(s)), ChapterScalaronFiberFL (2 item(s)), ChapterScalaronOuterFockFL (1 item(s)), ChapterSirkSingleTimeShift (1 item(s)), ChapterYangMillsAbelianFockEsa (1 item(s))
18:39:38 chunk: 0 item(s) resolved in 0s
18:39:51 sync: read 341 definition publish job(s)
18:40:16 sync: read 5415 problem publish job(s)
18:40:16 summary: 144 done, 11 pending, 2 failed, 62 unsubmittable (source missing from this checkout) (1869 out-of-order orphans ignored)
18:40:16 waiting on unpublished def bundle(s): ChapterFiniteSectionSingleTime (1 item(s)), ChapterQgTimeStepping (1 item(s)), ChapterQgTruncationResolvent (2 item(s)), ChapterQgVielbeinModeInstance (1 item(s)), ChapterQymTimeIndependentFlow (1 item(s)), ChapterScalaronFiberFL (2 item(s)), ChapterScalaronOuterFockFL (1 item(s)), ChapterSirkSingleTimeShift (1 item(s)), ChapterYangMillsAbelianFockEsa (1 item(s))
18:40:16 chunk: 0 item(s) resolved in 0s
18:40:29 sync: read 341 definition publish job(s)
18:40:56 sync: read 5415 problem publish job(s)
18:40:56 summary: 144 done, 11 pending, 2 failed, 62 unsubmittable (source missing from this checkout) (1869 out-of-order orphans ignored)
18:40:56 waiting on unpublished def bundle(s): ChapterFiniteSectionSingleTime (1 item(s)), ChapterQgTimeStepping (1 item(s)), ChapterQgTruncationResolvent (2 item(s)), ChapterQgVielbeinModeInstance (1 item(s)), ChapterQymTimeIndependentFlow (1 item(s)), ChapterScalaronFiberFL (2 item(s)), ChapterScalaronOuterFockFL (1 item(s)), ChapterSirkSingleTimeShift (1 item(s)), ChapterYangMillsAbelianFockEsa (1 item(s))
18:40:56 chunk: 0 item(s) resolved in 0s
18:41:09 sync: read 341 definition publish job(s)
18:41:29 sync: read 5415 problem publish job(s)
18:41:29 summary: 144 done, 11 pending, 2 failed, 62 unsubmittable (source missing from this checkout) (1869 out-of-order orphans ignored)
18:41:29 waiting on unpublished def bundle(s): ChapterFiniteSectionSingleTime (1 item(s)), ChapterQgTimeStepping (1 item(s)), ChapterQgTruncationResolvent (2 item(s)), ChapterQgVielbeinModeInstance (1 item(s)), ChapterQymTimeIndependentFlow (1 item(s)), ChapterScalaronFiberFL (2 item(s)), ChapterScalaronOuterFockFL (1 item(s)), ChapterSirkSingleTimeShift (1 item(s)), ChapterYangMillsAbelianFockEsa (1 item(s))
18:41:29 chunk: 0 item(s) resolved in 0s
18:41:43 sync: read 341 definition publish job(s)
18:42:03 sync: read 5415 problem publish job(s)
18:42:03 summary: 144 done, 11 pending, 2 failed, 62 unsubmittable (source missing from this checkout) (1869 out-of-order orphans ignored)
18:42:03 waiting on unpublished def bundle(s): ChapterFiniteSectionSingleTime (1 item(s)), ChapterQgTimeStepping (1 item(s)), ChapterQgTruncationResolvent (2 item(s)), ChapterQgVielbeinModeInstance (1 item(s)), ChapterQymTimeIndependentFlow (1 item(s)), ChapterScalaronFiberFL (2 item(s)), ChapterScalaronOuterFockFL (1 item(s)), ChapterSirkSingleTimeShift (1 item(s)), ChapterYangMillsAbelianFockEsa (1 item(s))
18:42:03 chunk: 0 item(s) resolved in 0s
18:42:15 sync: read 341 definition publish job(s)
18:42:40 sync: read 5415 problem publish job(s)
18:42:40 summary: 144 done, 11 pending, 2 failed, 62 unsubmittable (source missing from this checkout) (1869 out-of-order orphans ignored)
18:42:40 waiting on unpublished def bundle(s): ChapterFiniteSectionSingleTime (1 item(s)), ChapterQgTimeStepping (1 item(s)), ChapterQgTruncationResolvent (2 item(s)), ChapterQgVielbeinModeInstance (1 item(s)), ChapterQymTimeIndependentFlow (1 item(s)), ChapterScalaronFiberFL (2 item(s)), ChapterScalaronOuterFockFL (1 item(s)), ChapterSirkSingleTimeShift (1 item(s)), ChapterYangMillsAbelianFockEsa (1 item(s))
18:42:40 chunk: 0 item(s) resolved in 0s
18:42:53 sync: read 341 definition publish job(s)
18:43:15 sync: read 5415 problem publish job(s)
18:43:15 summary: 144 done, 11 pending, 2 failed, 62 unsubmittable (source missing from this checkout) (1869 out-of-order orphans ignored)
18:43:15 waiting on unpublished def bundle(s): ChapterFiniteSectionSingleTime (1 item(s)), ChapterQgTimeStepping (1 item(s)), ChapterQgTruncationResolvent (2 item(s)), ChapterQgVielbeinModeInstance (1 item(s)), ChapterQymTimeIndependentFlow (1 item(s)), ChapterScalaronFiberFL (2 item(s)), ChapterScalaronOuterFockFL (1 item(s)), ChapterSirkSingleTimeShift (1 item(s)), ChapterYangMillsAbelianFockEsa (1 item(s))
18:43:15 chunk: 0 item(s) resolved in 0s
18:43:28 sync: read 341 definition publish job(s)
18:43:48 sync: read 5415 problem publish job(s)
18:43:48 summary: 144 done, 11 pending, 2 failed, 62 unsubmittable (source missing from this checkout) (1869 out-of-order orphans ignored)
18:43:48 waiting on unpublished def bundle(s): ChapterFiniteSectionSingleTime (1 item(s)), ChapterQgTimeStepping (1 item(s)), ChapterQgTruncationResolvent (2 item(s)), ChapterQgVielbeinModeInstance (1 item(s)), ChapterQymTimeIndependentFlow (1 item(s)), ChapterScalaronFiberFL (2 item(s)), ChapterScalaronOuterFockFL (1 item(s)), ChapterSirkSingleTimeShift (1 item(s)), ChapterYangMillsAbelianFockEsa (1 item(s))
18:43:48 chunk: 0 item(s) resolved in 0s
18:44:02 sync: read 341 definition publish job(s)
18:44:23 sync: read 5415 problem publish job(s)
18:44:23 summary: 144 done, 11 pending, 2 failed, 62 unsubmittable (source missing from this checkout) (1869 out-of-order orphans ignored)
18:44:23 waiting on unpublished def bundle(s): ChapterFiniteSectionSingleTime (1 item(s)), ChapterQgTimeStepping (1 item(s)), ChapterQgTruncationResolvent (2 item(s)), ChapterQgVielbeinModeInstance (1 item(s)), ChapterQymTimeIndependentFlow (1 item(s)), ChapterScalaronFiberFL (2 item(s)), ChapterScalaronOuterFockFL (1 item(s)), ChapterSirkSingleTimeShift (1 item(s)), ChapterYangMillsAbelianFockEsa (1 item(s))
18:44:23 chunk: 0 item(s) resolved in 0s
18:44:36 sync: read 341 definition publish job(s)
18:44:55 sync: read 5415 problem publish job(s)
18:44:55 summary: 144 done, 11 pending, 2 failed, 62 unsubmittable (source missing from this checkout) (1869 out-of-order orphans ignored)
18:44:55 waiting on unpublished def bundle(s): ChapterFiniteSectionSingleTime (1 item(s)), ChapterQgTimeStepping (1 item(s)), ChapterQgTruncationResolvent (2 item(s)), ChapterQgVielbeinModeInstance (1 item(s)), ChapterQymTimeIndependentFlow (1 item(s)), ChapterScalaronFiberFL (2 item(s)), ChapterScalaronOuterFockFL (1 item(s)), ChapterSirkSingleTimeShift (1 item(s)), ChapterYangMillsAbelianFockEsa (1 item(s))
18:44:55 chunk: 0 item(s) resolved in 0s
18:45:09 sync: read 341 definition publish job(s)
18:45:30 sync: read 5415 problem publish job(s)
18:45:30 summary: 144 done, 11 pending, 2 failed, 62 unsubmittable (source missing from this checkout) (1869 out-of-order orphans ignored)
18:45:30 waiting on unpublished def bundle(s): ChapterFiniteSectionSingleTime (1 item(s)), ChapterQgTimeStepping (1 item(s)), ChapterQgTruncationResolvent (2 item(s)), ChapterQgVielbeinModeInstance (1 item(s)), ChapterQymTimeIndependentFlow (1 item(s)), ChapterScalaronFiberFL (2 item(s)), ChapterScalaronOuterFockFL (1 item(s)), ChapterSirkSingleTimeShift (1 item(s)), ChapterYangMillsAbelianFockEsa (1 item(s))
18:45:30 chunk: 0 item(s) resolved in 0s
18:45:43 sync: read 341 definition publish job(s)
18:46:10 sync: read 5415 problem publish job(s)
18:46:10 summary: 144 done, 11 pending, 2 failed, 62 unsubmittable (source missing from this checkout) (1869 out-of-order orphans ignored)
18:46:10 waiting on unpublished def bundle(s): ChapterFiniteSectionSingleTime (1 item(s)), ChapterQgTimeStepping (1 item(s)), ChapterQgTruncationResolvent (2 item(s)), ChapterQgVielbeinModeInstance (1 item(s)), ChapterQymTimeIndependentFlow (1 item(s)), ChapterScalaronFiberFL (2 item(s)), ChapterScalaronOuterFockFL (1 item(s)), ChapterSirkSingleTimeShift (1 item(s)), ChapterYangMillsAbelianFockEsa (1 item(s))
18:46:10 chunk: 0 item(s) resolved in 0s
18:46:23 sync: read 341 definition publish job(s)
18:46:45 sync: read 5415 problem publish job(s)
18:46:45 summary: 144 done, 11 pending, 2 failed, 62 unsubmittable (source missing from this checkout) (1869 out-of-order orphans ignored)
18:46:45 waiting on unpublished def bundle(s): ChapterFiniteSectionSingleTime (1 item(s)), ChapterQgTimeStepping (1 item(s)), ChapterQgTruncationResolvent (2 item(s)), ChapterQgVielbeinModeInstance (1 item(s)), ChapterQymTimeIndependentFlow (1 item(s)), ChapterScalaronFiberFL (2 item(s)), ChapterScalaronOuterFockFL (1 item(s)), ChapterSirkSingleTimeShift (1 item(s)), ChapterYangMillsAbelianFockEsa (1 item(s))
18:46:45 chunk: 0 item(s) resolved in 0s
18:46:59 sync: read 341 definition publish job(s)
18:47:22 sync: read 5415 problem publish job(s)
18:47:22 summary: 144 done, 11 pending, 2 failed, 62 unsubmittable (source missing from this checkout) (1869 out-of-order orphans ignored)
18:47:22 waiting on unpublished def bundle(s): ChapterFiniteSectionSingleTime (1 item(s)), ChapterQgTimeStepping (1 item(s)), ChapterQgTruncationResolvent (2 item(s)), ChapterQgVielbeinModeInstance (1 item(s)), ChapterQymTimeIndependentFlow (1 item(s)), ChapterScalaronFiberFL (2 item(s)), ChapterScalaronOuterFockFL (1 item(s)), ChapterSirkSingleTimeShift (1 item(s)), ChapterYangMillsAbelianFockEsa (1 item(s))
18:47:22 chunk: 0 item(s) resolved in 0s
18:47:36 sync: read 341 definition publish job(s)
18:47:55 sync: read 5415 problem publish job(s)
18:47:55 summary: 144 done, 11 pending, 2 failed, 62 unsubmittable (source missing from this checkout) (1869 out-of-order orphans ignored)
18:47:55 waiting on unpublished def bundle(s): ChapterFiniteSectionSingleTime (1 item(s)), ChapterQgTimeStepping (1 item(s)), ChapterQgTruncationResolvent (2 item(s)), ChapterQgVielbeinModeInstance (1 item(s)), ChapterQymTimeIndependentFlow (1 item(s)), ChapterScalaronFiberFL (2 item(s)), ChapterScalaronOuterFockFL (1 item(s)), ChapterSirkSingleTimeShift (1 item(s)), ChapterYangMillsAbelianFockEsa (1 item(s))
18:47:55 chunk: 0 item(s) resolved in 0s
18:48:09 sync: read 341 definition publish job(s)
18:48:30 sync: read 5415 problem publish job(s)
18:48:30 summary: 144 done, 11 pending, 2 failed, 62 unsubmittable (source missing from this checkout) (1869 out-of-order orphans ignored)
18:48:30 waiting on unpublished def bundle(s): ChapterFiniteSectionSingleTime (1 item(s)), ChapterQgTimeStepping (1 item(s)), ChapterQgTruncationResolvent (2 item(s)), ChapterQgVielbeinModeInstance (1 item(s)), ChapterQymTimeIndependentFlow (1 item(s)), ChapterScalaronFiberFL (2 item(s)), ChapterScalaronOuterFockFL (1 item(s)), ChapterSirkSingleTimeShift (1 item(s)), ChapterYangMillsAbelianFockEsa (1 item(s))
18:48:30 chunk: 0 item(s) resolved in 0s
18:48:44 sync: read 341 definition publish job(s)
18:49:07 sync: read 5415 problem publish job(s)
18:49:07 summary: 144 done, 11 pending, 2 failed, 62 unsubmittable (source missing from this checkout) (1869 out-of-order orphans ignored)
18:49:07 waiting on unpublished def bundle(s): ChapterFiniteSectionSingleTime (1 item(s)), ChapterQgTimeStepping (1 item(s)), ChapterQgTruncationResolvent (2 item(s)), ChapterQgVielbeinModeInstance (1 item(s)), ChapterQymTimeIndependentFlow (1 item(s)), ChapterScalaronFiberFL (2 item(s)), ChapterScalaronOuterFockFL (1 item(s)), ChapterSirkSingleTimeShift (1 item(s)), ChapterYangMillsAbelianFockEsa (1 item(s))
18:49:07 chunk: 0 item(s) resolved in 0s
18:49:20 sync: read 341 definition publish job(s)
18:49:42 sync: read 5415 problem publish job(s)
18:49:42 summary: 144 done, 11 pending, 2 failed, 62 unsubmittable (source missing from this checkout) (1869 out-of-order orphans ignored)
18:49:42 waiting on unpublished def bundle(s): ChapterFiniteSectionSingleTime (1 item(s)), ChapterQgTimeStepping (1 item(s)), ChapterQgTruncationResolvent (2 item(s)), ChapterQgVielbeinModeInstance (1 item(s)), ChapterQymTimeIndependentFlow (1 item(s)), ChapterScalaronFiberFL (2 item(s)), ChapterScalaronOuterFockFL (1 item(s)), ChapterSirkSingleTimeShift (1 item(s)), ChapterYangMillsAbelianFockEsa (1 item(s))
18:49:42 chunk: 0 item(s) resolved in 0s
18:49:55 sync: read 341 definition publish job(s)
18:50:16 sync: read 5415 problem publish job(s)
18:50:16 summary: 144 done, 11 pending, 2 failed, 62 unsubmittable (source missing from this checkout) (1869 out-of-order orphans ignored)
18:50:16 waiting on unpublished def bundle(s): ChapterFiniteSectionSingleTime (1 item(s)), ChapterQgTimeStepping (1 item(s)), ChapterQgTruncationResolvent (2 item(s)), ChapterQgVielbeinModeInstance (1 item(s)), ChapterQymTimeIndependentFlow (1 item(s)), ChapterScalaronFiberFL (2 item(s)), ChapterScalaronOuterFockFL (1 item(s)), ChapterSirkSingleTimeShift (1 item(s)), ChapterYangMillsAbelianFockEsa (1 item(s))
18:50:16 chunk: 0 item(s) resolved in 0s
18:50:29 sync: read 341 definition publish job(s)
18:50:54 sync: read 5415 problem publish job(s)
18:50:54 summary: 144 done, 11 pending, 2 failed, 62 unsubmittable (source missing from this checkout) (1869 out-of-order orphans ignored)
18:50:54 waiting on unpublished def bundle(s): ChapterFiniteSectionSingleTime (1 item(s)), ChapterQgTimeStepping (1 item(s)), ChapterQgTruncationResolvent (2 item(s)), ChapterQgVielbeinModeInstance (1 item(s)), ChapterQymTimeIndependentFlow (1 item(s)), ChapterScalaronFiberFL (2 item(s)), ChapterScalaronOuterFockFL (1 item(s)), ChapterSirkSingleTimeShift (1 item(s)), ChapterYangMillsAbelianFockEsa (1 item(s))
18:50:54 chunk: 0 item(s) resolved in 0s
18:51:07 sync: read 341 definition publish job(s)
18:51:28 sync: read 5415 problem publish job(s)
18:51:28 summary: 144 done, 11 pending, 2 failed, 62 unsubmittable (source missing from this checkout) (1869 out-of-order orphans ignored)
18:51:28 waiting on unpublished def bundle(s): ChapterFiniteSectionSingleTime (1 item(s)), ChapterQgTimeStepping (1 item(s)), ChapterQgTruncationResolvent (2 item(s)), ChapterQgVielbeinModeInstance (1 item(s)), ChapterQymTimeIndependentFlow (1 item(s)), ChapterScalaronFiberFL (2 item(s)), ChapterScalaronOuterFockFL (1 item(s)), ChapterSirkSingleTimeShift (1 item(s)), ChapterYangMillsAbelianFockEsa (1 item(s))
18:51:28 chunk: 0 item(s) resolved in 0s
18:51:42 sync: read 341 definition publish job(s)
18:52:05 sync: read 5415 problem publish job(s)
18:52:05 summary: 144 done, 11 pending, 2 failed, 62 unsubmittable (source missing from this checkout) (1869 out-of-order orphans ignored)
18:52:05 waiting on unpublished def bundle(s): ChapterFiniteSectionSingleTime (1 item(s)), ChapterQgTimeStepping (1 item(s)), ChapterQgTruncationResolvent (2 item(s)), ChapterQgVielbeinModeInstance (1 item(s)), ChapterQymTimeIndependentFlow (1 item(s)), ChapterScalaronFiberFL (2 item(s)), ChapterScalaronOuterFockFL (1 item(s)), ChapterSirkSingleTimeShift (1 item(s)), ChapterYangMillsAbelianFockEsa (1 item(s))
18:52:05 chunk: 0 item(s) resolved in 0s
18:52:19 sync: read 341 definition publish job(s)
18:52:38 sync: read 5415 problem publish job(s)
18:52:38 summary: 144 done, 11 pending, 2 failed, 62 unsubmittable (source missing from this checkout) (1869 out-of-order orphans ignored)
18:52:38 waiting on unpublished def bundle(s): ChapterFiniteSectionSingleTime (1 item(s)), ChapterQgTimeStepping (1 item(s)), ChapterQgTruncationResolvent (2 item(s)), ChapterQgVielbeinModeInstance (1 item(s)), ChapterQymTimeIndependentFlow (1 item(s)), ChapterScalaronFiberFL (2 item(s)), ChapterScalaronOuterFockFL (1 item(s)), ChapterSirkSingleTimeShift (1 item(s)), ChapterYangMillsAbelianFockEsa (1 item(s))
18:52:38 chunk: 0 item(s) resolved in 0s
18:52:52 sync: read 341 definition publish job(s)
18:53:13 sync: read 5415 problem publish job(s)
18:53:13 summary: 144 done, 11 pending, 2 failed, 62 unsubmittable (source missing from this checkout) (1869 out-of-order orphans ignored)
18:53:13 waiting on unpublished def bundle(s): ChapterFiniteSectionSingleTime (1 item(s)), ChapterQgTimeStepping (1 item(s)), ChapterQgTruncationResolvent (2 item(s)), ChapterQgVielbeinModeInstance (1 item(s)), ChapterQymTimeIndependentFlow (1 item(s)), ChapterScalaronFiberFL (2 item(s)), ChapterScalaronOuterFockFL (1 item(s)), ChapterSirkSingleTimeShift (1 item(s)), ChapterYangMillsAbelianFockEsa (1 item(s))
18:53:13 chunk: 0 item(s) resolved in 0s
18:53:26 sync: read 341 definition publish job(s)
18:53:46 sync: read 5415 problem publish job(s)
18:53:46 summary: 144 done, 11 pending, 2 failed, 62 unsubmittable (source missing from this checkout) (1869 out-of-order orphans ignored)
18:53:46 waiting on unpublished def bundle(s): ChapterFiniteSectionSingleTime (1 item(s)), ChapterQgTimeStepping (1 item(s)), ChapterQgTruncationResolvent (2 item(s)), ChapterQgVielbeinModeInstance (1 item(s)), ChapterQymTimeIndependentFlow (1 item(s)), ChapterScalaronFiberFL (2 item(s)), ChapterScalaronOuterFockFL (1 item(s)), ChapterSirkSingleTimeShift (1 item(s)), ChapterYangMillsAbelianFockEsa (1 item(s))
18:53:46 chunk: 0 item(s) resolved in 0s
18:53:59 sync: read 341 definition publish job(s)
18:54:22 sync: read 5415 problem publish job(s)
18:54:22 summary: 144 done, 11 pending, 2 failed, 62 unsubmittable (source missing from this checkout) (1869 out-of-order orphans ignored)
18:54:22 waiting on unpublished def bundle(s): ChapterFiniteSectionSingleTime (1 item(s)), ChapterQgTimeStepping (1 item(s)), ChapterQgTruncationResolvent (2 item(s)), ChapterQgVielbeinModeInstance (1 item(s)), ChapterQymTimeIndependentFlow (1 item(s)), ChapterScalaronFiberFL (2 item(s)), ChapterScalaronOuterFockFL (1 item(s)), ChapterSirkSingleTimeShift (1 item(s)), ChapterYangMillsAbelianFockEsa (1 item(s))
18:54:22 chunk: 0 item(s) resolved in 0s
18:54:34 sync: read 341 definition publish job(s)
18:54:54 sync: read 5415 problem publish job(s)
18:54:54 summary: 144 done, 11 pending, 2 failed, 62 unsubmittable (source missing from this checkout) (1869 out-of-order orphans ignored)
18:54:54 waiting on unpublished def bundle(s): ChapterFiniteSectionSingleTime (1 item(s)), ChapterQgTimeStepping (1 item(s)), ChapterQgTruncationResolvent (2 item(s)), ChapterQgVielbeinModeInstance (1 item(s)), ChapterQymTimeIndependentFlow (1 item(s)), ChapterScalaronFiberFL (2 item(s)), ChapterScalaronOuterFockFL (1 item(s)), ChapterSirkSingleTimeShift (1 item(s)), ChapterYangMillsAbelianFockEsa (1 item(s))
18:54:54 chunk: 0 item(s) resolved in 0s
18:55:08 sync: read 341 definition publish job(s)
18:55:27 sync: read 5415 problem publish job(s)
18:55:27 summary: 144 done, 11 pending, 2 failed, 62 unsubmittable (source missing from this checkout) (1869 out-of-order orphans ignored)
18:55:27 waiting on unpublished def bundle(s): ChapterFiniteSectionSingleTime (1 item(s)), ChapterQgTimeStepping (1 item(s)), ChapterQgTruncationResolvent (2 item(s)), ChapterQgVielbeinModeInstance (1 item(s)), ChapterQymTimeIndependentFlow (1 item(s)), ChapterScalaronFiberFL (2 item(s)), ChapterScalaronOuterFockFL (1 item(s)), ChapterSirkSingleTimeShift (1 item(s)), ChapterYangMillsAbelianFockEsa (1 item(s))
18:55:27 chunk: 0 item(s) resolved in 0s
18:55:40 sync: read 341 definition publish job(s)
18:56:01 sync: read 5415 problem publish job(s)
18:56:01 summary: 144 done, 11 pending, 2 failed, 62 unsubmittable (source missing from this checkout) (1869 out-of-order orphans ignored)
18:56:01 waiting on unpublished def bundle(s): ChapterFiniteSectionSingleTime (1 item(s)), ChapterQgTimeStepping (1 item(s)), ChapterQgTruncationResolvent (2 item(s)), ChapterQgVielbeinModeInstance (1 item(s)), ChapterQymTimeIndependentFlow (1 item(s)), ChapterScalaronFiberFL (2 item(s)), ChapterScalaronOuterFockFL (1 item(s)), ChapterSirkSingleTimeShift (1 item(s)), ChapterYangMillsAbelianFockEsa (1 item(s))
18:56:01 chunk: 0 item(s) resolved in 0s
18:56:14 sync: read 341 definition publish job(s)
18:56:37 sync: read 5415 problem publish job(s)
18:56:37 submitting def:ChapterSchrodingerCutoffEsa (attempt 1)
18:56:37 warning: no Lean toolchain at /home/leo/.elan/toolchains/leanprover--lean4---v4.33.1/bin/lake - skipping the local gate and using the platform compiler as the oracle
18:56:42 def:ChapterSchrodingerCutoffEsa: REUSING existing Definition node cf01fcd6-ce2e-4577-b369-cfd8b4ae4d92
18:56:42 def:ChapterSchrodingerCutoffEsa: DONE
18:56:42 summary: 145 done, 11 pending, 2 failed, 62 unsubmittable (source missing from this checkout) (1869 out-of-order orphans ignored)
18:56:42 waiting on unpublished def bundle(s): ChapterFiniteSectionSingleTime (1 item(s)), ChapterQgTimeStepping (1 item(s)), ChapterQgTruncationResolvent (2 item(s)), ChapterQgVielbeinModeInstance (1 item(s)), ChapterQymTimeIndependentFlow (1 item(s)), ChapterScalaronFiberFL (2 item(s)), ChapterScalaronOuterFockFL (1 item(s)), ChapterSirkSingleTimeShift (1 item(s)), ChapterYangMillsAbelianFockEsa (1 item(s))
18:56:42 chunk: 1 item(s) resolved in 4s
18:56:55 sync: read 341 definition publish job(s)
18:57:17 sync: read 5415 problem publish job(s)
18:57:17 summary: 145 done, 11 pending, 2 failed, 62 unsubmittable (source missing from this checkout) (1869 out-of-order orphans ignored)
18:57:17 waiting on unpublished def bundle(s): ChapterFiniteSectionSingleTime (1 item(s)), ChapterQgTimeStepping (1 item(s)), ChapterQgTruncationResolvent (2 item(s)), ChapterQgVielbeinModeInstance (1 item(s)), ChapterQymTimeIndependentFlow (1 item(s)), ChapterScalaronFiberFL (2 item(s)), ChapterScalaronOuterFockFL (1 item(s)), ChapterSirkSingleTimeShift (1 item(s)), ChapterYangMillsAbelianFockEsa (1 item(s))
18:57:17 chunk: 0 item(s) resolved in 0s
18:57:30 sync: read 341 definition publish job(s)
18:57:52 sync: read 5415 problem publish job(s)
18:57:52 summary: 145 done, 11 pending, 2 failed, 63 unsubmittable (source missing from this checkout) (1869 out-of-order orphans ignored)
18:57:52 waiting on unpublished def bundle(s): ChapterFiniteSectionSingleTime (1 item(s)), ChapterQgTimeStepping (1 item(s)), ChapterQgTruncationResolvent (2 item(s)), ChapterQgVielbeinModeInstance (1 item(s)), ChapterQymTimeIndependentFlow (1 item(s)), ChapterScalaronFiberFL (2 item(s)), ChapterScalaronOuterFockFL (1 item(s)), ChapterSirkSingleTimeShift (1 item(s)), ChapterYangMillsAbelianFockEsa (1 item(s))
18:57:52 chunk: 0 item(s) resolved in 0s
18:58:06 sync: read 341 definition publish job(s)
18:58:29 sync: read 5415 problem publish job(s)
18:58:29 summary: 145 done, 11 pending, 2 failed, 62 unsubmittable (source missing from this checkout) (1869 out-of-order orphans ignored)
18:58:29 waiting on unpublished def bundle(s): ChapterFiniteSectionSingleTime (1 item(s)), ChapterQgTimeStepping (1 item(s)), ChapterQgTruncationResolvent (2 item(s)), ChapterQgVielbeinModeInstance (1 item(s)), ChapterQymTimeIndependentFlow (1 item(s)), ChapterScalaronFiberFL (2 item(s)), ChapterScalaronOuterFockFL (1 item(s)), ChapterSirkSingleTimeShift (1 item(s)), ChapterYangMillsAbelianFockEsa (1 item(s))
18:58:29 chunk: 0 item(s) resolved in 0s
18:58:42 sync: read 341 definition publish job(s)
18:59:02 sync: read 5415 problem publish job(s)
18:59:02 summary: 145 done, 11 pending, 2 failed, 62 unsubmittable (source missing from this checkout) (1869 out-of-order orphans ignored)
18:59:02 waiting on unpublished def bundle(s): ChapterFiniteSectionSingleTime (1 item(s)), ChapterQgTimeStepping (1 item(s)), ChapterQgTruncationResolvent (2 item(s)), ChapterQgVielbeinModeInstance (1 item(s)), ChapterQymTimeIndependentFlow (1 item(s)), ChapterScalaronFiberFL (2 item(s)), ChapterScalaronOuterFockFL (1 item(s)), ChapterSirkSingleTimeShift (1 item(s)), ChapterYangMillsAbelianFockEsa (1 item(s))
18:59:02 chunk: 0 item(s) resolved in 0s
18:59:14 sync: read 341 definition publish job(s)
18:59:34 sync: read 5415 problem publish job(s)
18:59:34 summary: 145 done, 11 pending, 2 failed, 62 unsubmittable (source missing from this checkout) (1869 out-of-order orphans ignored)
18:59:34 waiting on unpublished def bundle(s): ChapterFiniteSectionSingleTime (1 item(s)), ChapterQgTimeStepping (1 item(s)), ChapterQgTruncationResolvent (2 item(s)), ChapterQgVielbeinModeInstance (1 item(s)), ChapterQymTimeIndependentFlow (1 item(s)), ChapterScalaronFiberFL (2 item(s)), ChapterScalaronOuterFockFL (1 item(s)), ChapterSirkSingleTimeShift (1 item(s)), ChapterYangMillsAbelianFockEsa (1 item(s))
18:59:34 chunk: 0 item(s) resolved in 0s
18:59:47 sync: read 342 definition publish job(s)
19:00:10 sync: read 5415 problem publish job(s)
19:00:10 summary: 145 done, 11 pending, 2 failed, 62 unsubmittable (source missing from this checkout) (1869 out-of-order orphans ignored)
19:00:10 waiting on unpublished def bundle(s): ChapterFiniteSectionSingleTime (1 item(s)), ChapterQgTimeStepping (1 item(s)), ChapterQgTruncationResolvent (2 item(s)), ChapterQgVielbeinModeInstance (1 item(s)), ChapterQymTimeIndependentFlow (1 item(s)), ChapterScalaronFiberFL (2 item(s)), ChapterScalaronOuterFockFL (1 item(s)), ChapterSirkSingleTimeShift (1 item(s)), ChapterYangMillsAbelianFockEsa (1 item(s))
19:00:10 chunk: 0 item(s) resolved in 0s
19:00:24 sync: read 342 definition publish job(s)
19:00:59 sync: read 5415 problem publish job(s)
19:00:59 summary: 145 done, 11 pending, 2 failed, 62 unsubmittable (source missing from this checkout) (1869 out-of-order orphans ignored)
19:00:59 waiting on unpublished def bundle(s): ChapterFiniteSectionSingleTime (1 item(s)), ChapterQgTimeStepping (1 item(s)), ChapterQgTruncationResolvent (2 item(s)), ChapterQgVielbeinModeInstance (1 item(s)), ChapterQymTimeIndependentFlow (1 item(s)), ChapterScalaronFiberFL (2 item(s)), ChapterScalaronOuterFockFL (1 item(s)), ChapterSirkSingleTimeShift (1 item(s)), ChapterYangMillsAbelianFockEsa (1 item(s))
19:00:59 chunk: 0 item(s) resolved in 0s
19:01:12 sync: read 342 definition publish job(s)
19:01:34 sync: read 5415 problem publish job(s)
19:01:34 summary: 145 done, 11 pending, 2 failed, 62 unsubmittable (source missing from this checkout) (1869 out-of-order orphans ignored)
19:01:34 waiting on unpublished def bundle(s): ChapterFiniteSectionSingleTime (1 item(s)), ChapterQgTimeStepping (1 item(s)), ChapterQgTruncationResolvent (2 item(s)), ChapterQgVielbeinModeInstance (1 item(s)), ChapterQymTimeIndependentFlow (1 item(s)), ChapterScalaronFiberFL (2 item(s)), ChapterScalaronOuterFockFL (1 item(s)), ChapterSirkSingleTimeShift (1 item(s)), ChapterYangMillsAbelianFockEsa (1 item(s))
19:01:34 chunk: 0 item(s) resolved in 0s
19:01:47 sync: read 342 definition publish job(s)
19:02:10 sync: read 5415 problem publish job(s)
19:02:10 summary: 145 done, 11 pending, 2 failed, 62 unsubmittable (source missing from this checkout) (1869 out-of-order orphans ignored)
19:02:10 waiting on unpublished def bundle(s): ChapterFiniteSectionSingleTime (1 item(s)), ChapterQgTimeStepping (1 item(s)), ChapterQgTruncationResolvent (2 item(s)), ChapterQgVielbeinModeInstance (1 item(s)), ChapterQymTimeIndependentFlow (1 item(s)), ChapterScalaronFiberFL (2 item(s)), ChapterScalaronOuterFockFL (1 item(s)), ChapterSirkSingleTimeShift (1 item(s)), ChapterYangMillsAbelianFockEsa (1 item(s))
19:02:10 chunk: 0 item(s) resolved in 0s
19:02:23 sync: read 342 definition publish job(s)
19:02:43 sync: read 5415 problem publish job(s)
19:02:43 summary: 145 done, 11 pending, 2 failed, 62 unsubmittable (source missing from this checkout) (1869 out-of-order orphans ignored)
19:02:43 waiting on unpublished def bundle(s): ChapterFiniteSectionSingleTime (1 item(s)), ChapterQgTimeStepping (1 item(s)), ChapterQgTruncationResolvent (2 item(s)), ChapterQgVielbeinModeInstance (1 item(s)), ChapterQymTimeIndependentFlow (1 item(s)), ChapterScalaronFiberFL (2 item(s)), ChapterScalaronOuterFockFL (1 item(s)), ChapterSirkSingleTimeShift (1 item(s)), ChapterYangMillsAbelianFockEsa (1 item(s))
19:02:43 chunk: 0 item(s) resolved in 0s
19:02:56 sync: read 342 definition publish job(s)
19:03:29 sync: read 5415 problem publish job(s)
19:03:29 summary: 145 done, 11 pending, 2 failed, 62 unsubmittable (source missing from this checkout) (1869 out-of-order orphans ignored)
19:03:29 waiting on unpublished def bundle(s): ChapterFiniteSectionSingleTime (1 item(s)), ChapterQgTimeStepping (1 item(s)), ChapterQgTruncationResolvent (2 item(s)), ChapterQgVielbeinModeInstance (1 item(s)), ChapterQymTimeIndependentFlow (1 item(s)), ChapterScalaronFiberFL (2 item(s)), ChapterScalaronOuterFockFL (1 item(s)), ChapterSirkSingleTimeShift (1 item(s)), ChapterYangMillsAbelianFockEsa (1 item(s))
19:03:29 chunk: 0 item(s) resolved in 0s
19:03:42 sync: read 342 definition publish job(s)
19:04:05 sync: read 5415 problem publish job(s)
19:04:05 summary: 145 done, 11 pending, 2 failed, 62 unsubmittable (source missing from this checkout) (1869 out-of-order orphans ignored)
19:04:05 waiting on unpublished def bundle(s): ChapterFiniteSectionSingleTime (1 item(s)), ChapterQgTimeStepping (1 item(s)), ChapterQgTruncationResolvent (2 item(s)), ChapterQgVielbeinModeInstance (1 item(s)), ChapterQymTimeIndependentFlow (1 item(s)), ChapterScalaronFiberFL (2 item(s)), ChapterScalaronOuterFockFL (1 item(s)), ChapterSirkSingleTimeShift (1 item(s)), ChapterYangMillsAbelianFockEsa (1 item(s))
19:04:05 chunk: 0 item(s) resolved in 0s
19:04:20 sync: read 343 definition publish job(s)
19:04:43 sync: read 5415 problem publish job(s)
19:04:43 summary: 145 done, 11 pending, 2 failed, 62 unsubmittable (source missing from this checkout) (1869 out-of-order orphans ignored)
19:04:43 waiting on unpublished def bundle(s): ChapterFiniteSectionSingleTime (1 item(s)), ChapterQgTimeStepping (1 item(s)), ChapterQgTruncationResolvent (2 item(s)), ChapterQgVielbeinModeInstance (1 item(s)), ChapterQymTimeIndependentFlow (1 item(s)), ChapterScalaronFiberFL (2 item(s)), ChapterScalaronOuterFockFL (1 item(s)), ChapterSirkSingleTimeShift (1 item(s)), ChapterYangMillsAbelianFockEsa (1 item(s))
19:04:43 chunk: 0 item(s) resolved in 0s
19:04:56 sync: read 343 definition publish job(s)
19:05:19 sync: read 5415 problem publish job(s)
19:05:19 summary: 145 done, 11 pending, 2 failed, 62 unsubmittable (source missing from this checkout) (1869 out-of-order orphans ignored)
19:05:19 waiting on unpublished def bundle(s): ChapterFiniteSectionSingleTime (1 item(s)), ChapterQgTimeStepping (1 item(s)), ChapterQgTruncationResolvent (2 item(s)), ChapterQgVielbeinModeInstance (1 item(s)), ChapterQymTimeIndependentFlow (1 item(s)), ChapterScalaronFiberFL (2 item(s)), ChapterScalaronOuterFockFL (1 item(s)), ChapterSirkSingleTimeShift (1 item(s)), ChapterYangMillsAbelianFockEsa (1 item(s))
19:05:19 chunk: 0 item(s) resolved in 0s
19:05:32 sync: read 343 definition publish job(s)
19:05:55 sync: read 5415 problem publish job(s)
19:05:55 summary: 145 done, 11 pending, 2 failed, 62 unsubmittable (source missing from this checkout) (1869 out-of-order orphans ignored)
19:05:55 waiting on unpublished def bundle(s): ChapterFiniteSectionSingleTime (1 item(s)), ChapterQgTimeStepping (1 item(s)), ChapterQgTruncationResolvent (2 item(s)), ChapterQgVielbeinModeInstance (1 item(s)), ChapterQymTimeIndependentFlow (1 item(s)), ChapterScalaronFiberFL (2 item(s)), ChapterScalaronOuterFockFL (1 item(s)), ChapterSirkSingleTimeShift (1 item(s)), ChapterYangMillsAbelianFockEsa (1 item(s))
19:05:55 chunk: 0 item(s) resolved in 0s
19:06:10 sync: read 343 definition publish job(s)
19:06:32 sync: read 5415 problem publish job(s)
19:06:32 summary: 145 done, 11 pending, 2 failed, 62 unsubmittable (source missing from this checkout) (1869 out-of-order orphans ignored)
19:06:32 waiting on unpublished def bundle(s): ChapterFiniteSectionSingleTime (1 item(s)), ChapterQgTimeStepping (1 item(s)), ChapterQgTruncationResolvent (2 item(s)), ChapterQgVielbeinModeInstance (1 item(s)), ChapterQymTimeIndependentFlow (1 item(s)), ChapterScalaronFiberFL (2 item(s)), ChapterScalaronOuterFockFL (1 item(s)), ChapterSirkSingleTimeShift (1 item(s)), ChapterYangMillsAbelianFockEsa (1 item(s))
19:06:32 chunk: 0 item(s) resolved in 0s
19:06:46 sync: read 343 definition publish job(s)
19:07:06 sync: read 5415 problem publish job(s)
19:07:06 summary: 145 done, 11 pending, 2 failed, 62 unsubmittable (source missing from this checkout) (1869 out-of-order orphans ignored)
19:07:06 waiting on unpublished def bundle(s): ChapterFiniteSectionSingleTime (1 item(s)), ChapterQgTimeStepping (1 item(s)), ChapterQgTruncationResolvent (2 item(s)), ChapterQgVielbeinModeInstance (1 item(s)), ChapterQymTimeIndependentFlow (1 item(s)), ChapterScalaronFiberFL (2 item(s)), ChapterScalaronOuterFockFL (1 item(s)), ChapterSirkSingleTimeShift (1 item(s)), ChapterYangMillsAbelianFockEsa (1 item(s))
19:07:06 chunk: 0 item(s) resolved in 0s
19:07:19 sync: read 343 definition publish job(s)
19:07:38 sync: read 5415 problem publish job(s)
19:07:38 summary: 145 done, 11 pending, 2 failed, 62 unsubmittable (source missing from this checkout) (1869 out-of-order orphans ignored)
19:07:38 waiting on unpublished def bundle(s): ChapterFiniteSectionSingleTime (1 item(s)), ChapterQgTimeStepping (1 item(s)), ChapterQgTruncationResolvent (2 item(s)), ChapterQgVielbeinModeInstance (1 item(s)), ChapterQymTimeIndependentFlow (1 item(s)), ChapterScalaronFiberFL (2 item(s)), ChapterScalaronOuterFockFL (1 item(s)), ChapterSirkSingleTimeShift (1 item(s)), ChapterYangMillsAbelianFockEsa (1 item(s))
19:07:38 chunk: 0 item(s) resolved in 0s
19:07:52 sync: read 343 definition publish job(s)
19:08:14 sync: read 5415 problem publish job(s)
19:08:14 summary: 145 done, 11 pending, 2 failed, 62 unsubmittable (source missing from this checkout) (1869 out-of-order orphans ignored)
19:08:14 waiting on unpublished def bundle(s): ChapterFiniteSectionSingleTime (1 item(s)), ChapterQgTimeStepping (1 item(s)), ChapterQgTruncationResolvent (2 item(s)), ChapterQgVielbeinModeInstance (1 item(s)), ChapterQymTimeIndependentFlow (1 item(s)), ChapterScalaronFiberFL (2 item(s)), ChapterScalaronOuterFockFL (1 item(s)), ChapterSirkSingleTimeShift (1 item(s)), ChapterYangMillsAbelianFockEsa (1 item(s))
19:08:14 chunk: 0 item(s) resolved in 0s
19:08:28 sync: read 343 definition publish job(s)
19:08:50 sync: read 5415 problem publish job(s)
19:08:50 summary: 145 done, 11 pending, 2 failed, 62 unsubmittable (source missing from this checkout) (1869 out-of-order orphans ignored)
19:08:50 waiting on unpublished def bundle(s): ChapterFiniteSectionSingleTime (1 item(s)), ChapterQgTimeStepping (1 item(s)), ChapterQgTruncationResolvent (2 item(s)), ChapterQgVielbeinModeInstance (1 item(s)), ChapterQymTimeIndependentFlow (1 item(s)), ChapterScalaronFiberFL (2 item(s)), ChapterScalaronOuterFockFL (1 item(s)), ChapterSirkSingleTimeShift (1 item(s)), ChapterYangMillsAbelianFockEsa (1 item(s))
19:08:50 chunk: 0 item(s) resolved in 0s
19:09:05 sync: read 343 definition publish job(s)
19:09:24 sync: read 5415 problem publish job(s)
19:09:25 summary: 145 done, 11 pending, 2 failed, 62 unsubmittable (source missing from this checkout) (1869 out-of-order orphans ignored)
19:09:25 waiting on unpublished def bundle(s): ChapterFiniteSectionSingleTime (1 item(s)), ChapterQgTimeStepping (1 item(s)), ChapterQgTruncationResolvent (2 item(s)), ChapterQgVielbeinModeInstance (1 item(s)), ChapterQymTimeIndependentFlow (1 item(s)), ChapterScalaronFiberFL (2 item(s)), ChapterScalaronOuterFockFL (1 item(s)), ChapterSirkSingleTimeShift (1 item(s)), ChapterYangMillsAbelianFockEsa (1 item(s))
19:09:25 chunk: 0 item(s) resolved in 0s
19:09:38 sync: read 343 definition publish job(s)
19:09:58 sync: read 5415 problem publish job(s)
19:09:58 summary: 145 done, 11 pending, 2 failed, 62 unsubmittable (source missing from this checkout) (1869 out-of-order orphans ignored)
19:09:58 waiting on unpublished def bundle(s): ChapterFiniteSectionSingleTime (1 item(s)), ChapterQgTimeStepping (1 item(s)), ChapterQgTruncationResolvent (2 item(s)), ChapterQgVielbeinModeInstance (1 item(s)), ChapterQymTimeIndependentFlow (1 item(s)), ChapterScalaronFiberFL (2 item(s)), ChapterScalaronOuterFockFL (1 item(s)), ChapterSirkSingleTimeShift (1 item(s)), ChapterYangMillsAbelianFockEsa (1 item(s))
19:09:58 chunk: 0 item(s) resolved in 0s
19:10:11 sync: read 343 definition publish job(s)
19:10:34 sync: read 5415 problem publish job(s)
19:10:34 summary: 145 done, 11 pending, 2 failed, 62 unsubmittable (source missing from this checkout) (1869 out-of-order orphans ignored)
19:10:34 waiting on unpublished def bundle(s): ChapterFiniteSectionSingleTime (1 item(s)), ChapterQgTimeStepping (1 item(s)), ChapterQgTruncationResolvent (2 item(s)), ChapterQgVielbeinModeInstance (1 item(s)), ChapterQymTimeIndependentFlow (1 item(s)), ChapterScalaronFiberFL (2 item(s)), ChapterScalaronOuterFockFL (1 item(s)), ChapterSirkSingleTimeShift (1 item(s)), ChapterYangMillsAbelianFockEsa (1 item(s))
19:10:34 chunk: 0 item(s) resolved in 0s
19:10:49 sync: read 343 definition publish job(s)
19:11:10 sync: read 5415 problem publish job(s)
19:11:10 summary: 145 done, 11 pending, 2 failed, 62 unsubmittable (source missing from this checkout) (1869 out-of-order orphans ignored)
19:11:10 waiting on unpublished def bundle(s): ChapterFiniteSectionSingleTime (1 item(s)), ChapterQgTimeStepping (1 item(s)), ChapterQgTruncationResolvent (2 item(s)), ChapterQgVielbeinModeInstance (1 item(s)), ChapterQymTimeIndependentFlow (1 item(s)), ChapterScalaronFiberFL (2 item(s)), ChapterScalaronOuterFockFL (1 item(s)), ChapterSirkSingleTimeShift (1 item(s)), ChapterYangMillsAbelianFockEsa (1 item(s))
19:11:10 chunk: 0 item(s) resolved in 0s
19:11:23 sync: read 343 definition publish job(s)
19:11:44 sync: read 5415 problem publish job(s)
19:11:44 summary: 145 done, 11 pending, 2 failed, 62 unsubmittable (source missing from this checkout) (1869 out-of-order orphans ignored)
19:11:44 waiting on unpublished def bundle(s): ChapterFiniteSectionSingleTime (1 item(s)), ChapterQgTimeStepping (1 item(s)), ChapterQgTruncationResolvent (2 item(s)), ChapterQgVielbeinModeInstance (1 item(s)), ChapterQymTimeIndependentFlow (1 item(s)), ChapterScalaronFiberFL (2 item(s)), ChapterScalaronOuterFockFL (1 item(s)), ChapterSirkSingleTimeShift (1 item(s)), ChapterYangMillsAbelianFockEsa (1 item(s))
19:11:44 chunk: 0 item(s) resolved in 0s
19:11:57 sync: read 343 definition publish job(s)
19:12:18 sync: read 5415 problem publish job(s)
19:12:18 summary: 145 done, 11 pending, 2 failed, 62 unsubmittable (source missing from this checkout) (1869 out-of-order orphans ignored)
19:12:18 waiting on unpublished def bundle(s): ChapterFiniteSectionSingleTime (1 item(s)), ChapterQgTimeStepping (1 item(s)), ChapterQgTruncationResolvent (2 item(s)), ChapterQgVielbeinModeInstance (1 item(s)), ChapterQymTimeIndependentFlow (1 item(s)), ChapterScalaronFiberFL (2 item(s)), ChapterScalaronOuterFockFL (1 item(s)), ChapterSirkSingleTimeShift (1 item(s)), ChapterYangMillsAbelianFockEsa (1 item(s))
19:12:18 chunk: 0 item(s) resolved in 0s
19:12:31 sync: read 343 definition publish job(s)
19:12:51 sync: read 5415 problem publish job(s)
19:12:51 summary: 145 done, 11 pending, 2 failed, 62 unsubmittable (source missing from this checkout) (1869 out-of-order orphans ignored)
19:12:51 waiting on unpublished def bundle(s): ChapterFiniteSectionSingleTime (1 item(s)), ChapterQgTimeStepping (1 item(s)), ChapterQgTruncationResolvent (2 item(s)), ChapterQgVielbeinModeInstance (1 item(s)), ChapterQymTimeIndependentFlow (1 item(s)), ChapterScalaronFiberFL (2 item(s)), ChapterScalaronOuterFockFL (1 item(s)), ChapterSirkSingleTimeShift (1 item(s)), ChapterYangMillsAbelianFockEsa (1 item(s))
19:12:51 chunk: 0 item(s) resolved in 0s
19:13:04 sync: read 343 definition publish job(s)
19:13:29 sync: read 5415 problem publish job(s)
19:13:29 summary: 145 done, 11 pending, 2 failed, 62 unsubmittable (source missing from this checkout) (1869 out-of-order orphans ignored)
19:13:29 waiting on unpublished def bundle(s): ChapterFiniteSectionSingleTime (1 item(s)), ChapterQgTimeStepping (1 item(s)), ChapterQgTruncationResolvent (2 item(s)), ChapterQgVielbeinModeInstance (1 item(s)), ChapterQymTimeIndependentFlow (1 item(s)), ChapterScalaronFiberFL (2 item(s)), ChapterScalaronOuterFockFL (1 item(s)), ChapterSirkSingleTimeShift (1 item(s)), ChapterYangMillsAbelianFockEsa (1 item(s))
19:13:29 chunk: 0 item(s) resolved in 0s
19:13:43 sync: read 343 definition publish job(s)
19:14:04 sync: read 5415 problem publish job(s)
19:14:04 summary: 145 done, 11 pending, 2 failed, 62 unsubmittable (source missing from this checkout) (1869 out-of-order orphans ignored)
19:14:04 waiting on unpublished def bundle(s): ChapterFiniteSectionSingleTime (1 item(s)), ChapterQgTimeStepping (1 item(s)), ChapterQgTruncationResolvent (2 item(s)), ChapterQgVielbeinModeInstance (1 item(s)), ChapterQymTimeIndependentFlow (1 item(s)), ChapterScalaronFiberFL (2 item(s)), ChapterScalaronOuterFockFL (1 item(s)), ChapterSirkSingleTimeShift (1 item(s)), ChapterYangMillsAbelianFockEsa (1 item(s))
19:14:04 chunk: 0 item(s) resolved in 0s
19:14:19 sync: read 343 definition publish job(s)
19:14:39 sync: read 5415 problem publish job(s)
19:14:39 summary: 145 done, 11 pending, 2 failed, 62 unsubmittable (source missing from this checkout) (1869 out-of-order orphans ignored)
19:14:39 waiting on unpublished def bundle(s): ChapterFiniteSectionSingleTime (1 item(s)), ChapterQgTimeStepping (1 item(s)), ChapterQgTruncationResolvent (2 item(s)), ChapterQgVielbeinModeInstance (1 item(s)), ChapterQymTimeIndependentFlow (1 item(s)), ChapterScalaronFiberFL (2 item(s)), ChapterScalaronOuterFockFL (1 item(s)), ChapterSirkSingleTimeShift (1 item(s)), ChapterYangMillsAbelianFockEsa (1 item(s))
19:14:39 chunk: 0 item(s) resolved in 0s
19:14:52 sync: read 343 definition publish job(s)
19:15:16 sync: read 5415 problem publish job(s)
19:15:16 summary: 145 done, 11 pending, 2 failed, 62 unsubmittable (source missing from this checkout) (1869 out-of-order orphans ignored)
19:15:16 waiting on unpublished def bundle(s): ChapterFiniteSectionSingleTime (1 item(s)), ChapterQgTimeStepping (1 item(s)), ChapterQgTruncationResolvent (2 item(s)), ChapterQgVielbeinModeInstance (1 item(s)), ChapterQymTimeIndependentFlow (1 item(s)), ChapterScalaronFiberFL (2 item(s)), ChapterScalaronOuterFockFL (1 item(s)), ChapterSirkSingleTimeShift (1 item(s)), ChapterYangMillsAbelianFockEsa (1 item(s))
19:15:16 chunk: 0 item(s) resolved in 0s
19:15:30 sync: read 343 definition publish job(s)
19:15:50 sync: read 5415 problem publish job(s)
19:15:50 summary: 145 done, 11 pending, 2 failed, 62 unsubmittable (source missing from this checkout) (1869 out-of-order orphans ignored)
19:15:50 waiting on unpublished def bundle(s): ChapterFiniteSectionSingleTime (1 item(s)), ChapterQgTimeStepping (1 item(s)), ChapterQgTruncationResolvent (2 item(s)), ChapterQgVielbeinModeInstance (1 item(s)), ChapterQymTimeIndependentFlow (1 item(s)), ChapterScalaronFiberFL (2 item(s)), ChapterScalaronOuterFockFL (1 item(s)), ChapterSirkSingleTimeShift (1 item(s)), ChapterYangMillsAbelianFockEsa (1 item(s))
19:15:50 chunk: 0 item(s) resolved in 0s
19:16:04 sync: read 343 definition publish job(s)
19:16:28 sync: read 5415 problem publish job(s)
19:16:28 summary: 145 done, 11 pending, 2 failed, 62 unsubmittable (source missing from this checkout) (1869 out-of-order orphans ignored)
19:16:28 waiting on unpublished def bundle(s): ChapterFiniteSectionSingleTime (1 item(s)), ChapterQgTimeStepping (1 item(s)), ChapterQgTruncationResolvent (2 item(s)), ChapterQgVielbeinModeInstance (1 item(s)), ChapterQymTimeIndependentFlow (1 item(s)), ChapterScalaronFiberFL (2 item(s)), ChapterScalaronOuterFockFL (1 item(s)), ChapterSirkSingleTimeShift (1 item(s)), ChapterYangMillsAbelianFockEsa (1 item(s))
19:16:28 chunk: 0 item(s) resolved in 0s
19:16:41 sync: read 343 definition publish job(s)
19:17:01 sync: read 5415 problem publish job(s)
19:17:01 summary: 145 done, 11 pending, 2 failed, 62 unsubmittable (source missing from this checkout) (1869 out-of-order orphans ignored)
19:17:01 waiting on unpublished def bundle(s): ChapterFiniteSectionSingleTime (1 item(s)), ChapterQgTimeStepping (1 item(s)), ChapterQgTruncationResolvent (2 item(s)), ChapterQgVielbeinModeInstance (1 item(s)), ChapterQymTimeIndependentFlow (1 item(s)), ChapterScalaronFiberFL (2 item(s)), ChapterScalaronOuterFockFL (1 item(s)), ChapterSirkSingleTimeShift (1 item(s)), ChapterYangMillsAbelianFockEsa (1 item(s))
19:17:01 chunk: 0 item(s) resolved in 0s
19:17:14 sync: read 343 definition publish job(s)
19:17:37 sync: read 5415 problem publish job(s)
19:17:37 summary: 145 done, 11 pending, 2 failed, 62 unsubmittable (source missing from this checkout) (1869 out-of-order orphans ignored)
19:17:37 waiting on unpublished def bundle(s): ChapterFiniteSectionSingleTime (1 item(s)), ChapterQgTimeStepping (1 item(s)), ChapterQgTruncationResolvent (2 item(s)), ChapterQgVielbeinModeInstance (1 item(s)), ChapterQymTimeIndependentFlow (1 item(s)), ChapterScalaronFiberFL (2 item(s)), ChapterScalaronOuterFockFL (1 item(s)), ChapterSirkSingleTimeShift (1 item(s)), ChapterYangMillsAbelianFockEsa (1 item(s))
19:17:37 chunk: 0 item(s) resolved in 0s
19:17:50 sync: read 343 definition publish job(s)
19:18:10 sync: read 5415 problem publish job(s)
19:18:10 summary: 145 done, 11 pending, 2 failed, 62 unsubmittable (source missing from this checkout) (1869 out-of-order orphans ignored)
19:18:10 waiting on unpublished def bundle(s): ChapterFiniteSectionSingleTime (1 item(s)), ChapterQgTimeStepping (1 item(s)), ChapterQgTruncationResolvent (2 item(s)), ChapterQgVielbeinModeInstance (1 item(s)), ChapterQymTimeIndependentFlow (1 item(s)), ChapterScalaronFiberFL (2 item(s)), ChapterScalaronOuterFockFL (1 item(s)), ChapterSirkSingleTimeShift (1 item(s)), ChapterYangMillsAbelianFockEsa (1 item(s))
19:18:10 chunk: 0 item(s) resolved in 0s
19:18:23 sync: read 343 definition publish job(s)
19:18:47 sync: read 5415 problem publish job(s)
19:18:47 summary: 145 done, 11 pending, 2 failed, 62 unsubmittable (source missing from this checkout) (1869 out-of-order orphans ignored)
19:18:47 waiting on unpublished def bundle(s): ChapterFiniteSectionSingleTime (1 item(s)), ChapterQgTimeStepping (1 item(s)), ChapterQgTruncationResolvent (2 item(s)), ChapterQgVielbeinModeInstance (1 item(s)), ChapterQymTimeIndependentFlow (1 item(s)), ChapterScalaronFiberFL (2 item(s)), ChapterScalaronOuterFockFL (1 item(s)), ChapterSirkSingleTimeShift (1 item(s)), ChapterYangMillsAbelianFockEsa (1 item(s))
19:18:47 chunk: 0 item(s) resolved in 0s
19:19:00 sync: read 343 definition publish job(s)
19:19:25 sync: read 5415 problem publish job(s)
19:19:25 summary: 145 done, 11 pending, 2 failed, 62 unsubmittable (source missing from this checkout) (1869 out-of-order orphans ignored)
19:19:25 waiting on unpublished def bundle(s): ChapterFiniteSectionSingleTime (1 item(s)), ChapterQgTimeStepping (1 item(s)), ChapterQgTruncationResolvent (2 item(s)), ChapterQgVielbeinModeInstance (1 item(s)), ChapterQymTimeIndependentFlow (1 item(s)), ChapterScalaronFiberFL (2 item(s)), ChapterScalaronOuterFockFL (1 item(s)), ChapterSirkSingleTimeShift (1 item(s)), ChapterYangMillsAbelianFockEsa (1 item(s))
19:19:25 chunk: 0 item(s) resolved in 0s
19:19:38 sync: read 343 definition publish job(s)
19:19:57 sync: read 5415 problem publish job(s)
19:19:57 summary: 145 done, 11 pending, 2 failed, 62 unsubmittable (source missing from this checkout) (1869 out-of-order orphans ignored)
19:19:57 waiting on unpublished def bundle(s): ChapterFiniteSectionSingleTime (1 item(s)), ChapterQgTimeStepping (1 item(s)), ChapterQgTruncationResolvent (2 item(s)), ChapterQgVielbeinModeInstance (1 item(s)), ChapterQymTimeIndependentFlow (1 item(s)), ChapterScalaronFiberFL (2 item(s)), ChapterScalaronOuterFockFL (1 item(s)), ChapterSirkSingleTimeShift (1 item(s)), ChapterYangMillsAbelianFockEsa (1 item(s))
19:19:57 chunk: 0 item(s) resolved in 0s
19:20:12 sync: read 343 definition publish job(s)
19:20:36 sync: read 5415 problem publish job(s)
19:20:36 summary: 145 done, 11 pending, 2 failed, 62 unsubmittable (source missing from this checkout) (1869 out-of-order orphans ignored)
19:20:36 waiting on unpublished def bundle(s): ChapterFiniteSectionSingleTime (1 item(s)), ChapterQgTimeStepping (1 item(s)), ChapterQgTruncationResolvent (2 item(s)), ChapterQgVielbeinModeInstance (1 item(s)), ChapterQymTimeIndependentFlow (1 item(s)), ChapterScalaronFiberFL (2 item(s)), ChapterScalaronOuterFockFL (1 item(s)), ChapterSirkSingleTimeShift (1 item(s)), ChapterYangMillsAbelianFockEsa (1 item(s))
19:20:36 chunk: 0 item(s) resolved in 0s
19:20:50 sync: read 343 definition publish job(s)
19:21:15 sync: read 5415 problem publish job(s)
19:21:15 summary: 145 done, 11 pending, 2 failed, 62 unsubmittable (source missing from this checkout) (1869 out-of-order orphans ignored)
19:21:15 waiting on unpublished def bundle(s): ChapterFiniteSectionSingleTime (1 item(s)), ChapterQgTimeStepping (1 item(s)), ChapterQgTruncationResolvent (2 item(s)), ChapterQgVielbeinModeInstance (1 item(s)), ChapterQymTimeIndependentFlow (1 item(s)), ChapterScalaronFiberFL (2 item(s)), ChapterScalaronOuterFockFL (1 item(s)), ChapterSirkSingleTimeShift (1 item(s)), ChapterYangMillsAbelianFockEsa (1 item(s))
19:21:15 chunk: 0 item(s) resolved in 0s
19:21:28 sync: read 343 definition publish job(s)
19:21:49 sync: read 5415 problem publish job(s)
19:21:49 summary: 145 done, 11 pending, 2 failed, 62 unsubmittable (source missing from this checkout) (1869 out-of-order orphans ignored)
19:21:49 waiting on unpublished def bundle(s): ChapterFiniteSectionSingleTime (1 item(s)), ChapterQgTimeStepping (1 item(s)), ChapterQgTruncationResolvent (2 item(s)), ChapterQgVielbeinModeInstance (1 item(s)), ChapterQymTimeIndependentFlow (1 item(s)), ChapterScalaronFiberFL (2 item(s)), ChapterScalaronOuterFockFL (1 item(s)), ChapterSirkSingleTimeShift (1 item(s)), ChapterYangMillsAbelianFockEsa (1 item(s))
19:21:49 chunk: 0 item(s) resolved in 0s
19:22:02 sync: read 343 definition publish job(s)
19:22:21 sync: read 5415 problem publish job(s)
19:22:21 summary: 145 done, 11 pending, 2 failed, 62 unsubmittable (source missing from this checkout) (1869 out-of-order orphans ignored)
19:22:21 waiting on unpublished def bundle(s): ChapterFiniteSectionSingleTime (1 item(s)), ChapterQgTimeStepping (1 item(s)), ChapterQgTruncationResolvent (2 item(s)), ChapterQgVielbeinModeInstance (1 item(s)), ChapterQymTimeIndependentFlow (1 item(s)), ChapterScalaronFiberFL (2 item(s)), ChapterScalaronOuterFockFL (1 item(s)), ChapterSirkSingleTimeShift (1 item(s)), ChapterYangMillsAbelianFockEsa (1 item(s))
19:22:21 chunk: 0 item(s) resolved in 0s
19:22:35 sync: read 343 definition publish job(s)
19:22:55 sync: read 5415 problem publish job(s)
19:22:55 summary: 145 done, 11 pending, 2 failed, 62 unsubmittable (source missing from this checkout) (1869 out-of-order orphans ignored)
19:22:55 waiting on unpublished def bundle(s): ChapterFiniteSectionSingleTime (1 item(s)), ChapterQgTimeStepping (1 item(s)), ChapterQgTruncationResolvent (2 item(s)), ChapterQgVielbeinModeInstance (1 item(s)), ChapterQymTimeIndependentFlow (1 item(s)), ChapterScalaronFiberFL (2 item(s)), ChapterScalaronOuterFockFL (1 item(s)), ChapterSirkSingleTimeShift (1 item(s)), ChapterYangMillsAbelianFockEsa (1 item(s))
19:22:55 chunk: 0 item(s) resolved in 0s
19:23:08 sync: read 343 definition publish job(s)
19:23:28 sync: read 5415 problem publish job(s)
19:23:28 summary: 145 done, 11 pending, 2 failed, 62 unsubmittable (source missing from this checkout) (1869 out-of-order orphans ignored)
19:23:28 waiting on unpublished def bundle(s): ChapterFiniteSectionSingleTime (1 item(s)), ChapterQgTimeStepping (1 item(s)), ChapterQgTruncationResolvent (2 item(s)), ChapterQgVielbeinModeInstance (1 item(s)), ChapterQymTimeIndependentFlow (1 item(s)), ChapterScalaronFiberFL (2 item(s)), ChapterScalaronOuterFockFL (1 item(s)), ChapterSirkSingleTimeShift (1 item(s)), ChapterYangMillsAbelianFockEsa (1 item(s))
19:23:28 chunk: 0 item(s) resolved in 0s
19:23:40 sync: read 343 definition publish job(s)
19:24:01 sync: read 5415 problem publish job(s)
19:24:01 summary: 145 done, 11 pending, 2 failed, 62 unsubmittable (source missing from this checkout) (1869 out-of-order orphans ignored)
19:24:01 waiting on unpublished def bundle(s): ChapterFiniteSectionSingleTime (1 item(s)), ChapterQgTimeStepping (1 item(s)), ChapterQgTruncationResolvent (2 item(s)), ChapterQgVielbeinModeInstance (1 item(s)), ChapterQymTimeIndependentFlow (1 item(s)), ChapterScalaronFiberFL (2 item(s)), ChapterScalaronOuterFockFL (1 item(s)), ChapterSirkSingleTimeShift (1 item(s)), ChapterYangMillsAbelianFockEsa (1 item(s))
19:24:01 chunk: 0 item(s) resolved in 0s
19:24:16 sync: read 343 definition publish job(s)
19:24:40 sync: read 5415 problem publish job(s)
19:24:40 summary: 145 done, 11 pending, 2 failed, 62 unsubmittable (source missing from this checkout) (1869 out-of-order orphans ignored)
19:24:40 waiting on unpublished def bundle(s): ChapterFiniteSectionSingleTime (1 item(s)), ChapterQgTimeStepping (1 item(s)), ChapterQgTruncationResolvent (2 item(s)), ChapterQgVielbeinModeInstance (1 item(s)), ChapterQymTimeIndependentFlow (1 item(s)), ChapterScalaronFiberFL (2 item(s)), ChapterScalaronOuterFockFL (1 item(s)), ChapterSirkSingleTimeShift (1 item(s)), ChapterYangMillsAbelianFockEsa (1 item(s))
19:24:40 chunk: 0 item(s) resolved in 0s
19:24:53 sync: read 343 definition publish job(s)
19:25:13 sync: read 5415 problem publish job(s)
19:25:13 summary: 145 done, 11 pending, 2 failed, 62 unsubmittable (source missing from this checkout) (1869 out-of-order orphans ignored)
19:25:13 waiting on unpublished def bundle(s): ChapterFiniteSectionSingleTime (1 item(s)), ChapterQgTimeStepping (1 item(s)), ChapterQgTruncationResolvent (2 item(s)), ChapterQgVielbeinModeInstance (1 item(s)), ChapterQymTimeIndependentFlow (1 item(s)), ChapterScalaronFiberFL (2 item(s)), ChapterScalaronOuterFockFL (1 item(s)), ChapterSirkSingleTimeShift (1 item(s)), ChapterYangMillsAbelianFockEsa (1 item(s))
19:25:13 chunk: 0 item(s) resolved in 0s
19:25:27 sync: read 343 definition publish job(s)
19:25:49 sync: read 5415 problem publish job(s)
19:25:49 summary: 145 done, 11 pending, 2 failed, 62 unsubmittable (source missing from this checkout) (1869 out-of-order orphans ignored)
19:25:49 waiting on unpublished def bundle(s): ChapterFiniteSectionSingleTime (1 item(s)), ChapterQgTimeStepping (1 item(s)), ChapterQgTruncationResolvent (2 item(s)), ChapterQgVielbeinModeInstance (1 item(s)), ChapterQymTimeIndependentFlow (1 item(s)), ChapterScalaronFiberFL (2 item(s)), ChapterScalaronOuterFockFL (1 item(s)), ChapterSirkSingleTimeShift (1 item(s)), ChapterYangMillsAbelianFockEsa (1 item(s))
19:25:49 chunk: 0 item(s) resolved in 0s
19:26:04 sync: read 343 definition publish job(s)
19:26:30 sync: read 5415 problem publish job(s)
19:26:30 summary: 145 done, 11 pending, 2 failed, 62 unsubmittable (source missing from this checkout) (1869 out-of-order orphans ignored)
19:26:30 waiting on unpublished def bundle(s): ChapterFiniteSectionSingleTime (1 item(s)), ChapterQgTimeStepping (1 item(s)), ChapterQgTruncationResolvent (2 item(s)), ChapterQgVielbeinModeInstance (1 item(s)), ChapterQymTimeIndependentFlow (1 item(s)), ChapterScalaronFiberFL (2 item(s)), ChapterScalaronOuterFockFL (1 item(s)), ChapterSirkSingleTimeShift (1 item(s)), ChapterYangMillsAbelianFockEsa (1 item(s))
19:26:30 chunk: 0 item(s) resolved in 0s
19:26:44 sync: read 343 definition publish job(s)
19:27:04 sync: read 5415 problem publish job(s)
19:27:04 summary: 145 done, 11 pending, 2 failed, 62 unsubmittable (source missing from this checkout) (1869 out-of-order orphans ignored)
19:27:04 waiting on unpublished def bundle(s): ChapterFiniteSectionSingleTime (1 item(s)), ChapterQgTimeStepping (1 item(s)), ChapterQgTruncationResolvent (2 item(s)), ChapterQgVielbeinModeInstance (1 item(s)), ChapterQymTimeIndependentFlow (1 item(s)), ChapterScalaronFiberFL (2 item(s)), ChapterScalaronOuterFockFL (1 item(s)), ChapterSirkSingleTimeShift (1 item(s)), ChapterYangMillsAbelianFockEsa (1 item(s))
19:27:04 chunk: 0 item(s) resolved in 0s
19:27:18 sync: read 343 definition publish job(s)
19:27:39 sync: read 5415 problem publish job(s)
19:27:39 summary: 145 done, 11 pending, 2 failed, 62 unsubmittable (source missing from this checkout) (1869 out-of-order orphans ignored)
19:27:39 waiting on unpublished def bundle(s): ChapterFiniteSectionSingleTime (1 item(s)), ChapterQgTimeStepping (1 item(s)), ChapterQgTruncationResolvent (2 item(s)), ChapterQgVielbeinModeInstance (1 item(s)), ChapterQymTimeIndependentFlow (1 item(s)), ChapterScalaronFiberFL (2 item(s)), ChapterScalaronOuterFockFL (1 item(s)), ChapterSirkSingleTimeShift (1 item(s)), ChapterYangMillsAbelianFockEsa (1 item(s))
19:27:39 chunk: 0 item(s) resolved in 0s
19:27:53 sync: read 343 definition publish job(s)
19:28:13 sync: read 5415 problem publish job(s)
19:28:13 summary: 145 done, 11 pending, 2 failed, 62 unsubmittable (source missing from this checkout) (1869 out-of-order orphans ignored)
19:28:13 waiting on unpublished def bundle(s): ChapterFiniteSectionSingleTime (1 item(s)), ChapterQgTimeStepping (1 item(s)), ChapterQgTruncationResolvent (2 item(s)), ChapterQgVielbeinModeInstance (1 item(s)), ChapterQymTimeIndependentFlow (1 item(s)), ChapterScalaronFiberFL (2 item(s)), ChapterScalaronOuterFockFL (1 item(s)), ChapterSirkSingleTimeShift (1 item(s)), ChapterYangMillsAbelianFockEsa (1 item(s))
19:28:13 chunk: 0 item(s) resolved in 0s
19:28:26 sync: read 343 definition publish job(s)
19:28:47 sync: read 5415 problem publish job(s)
19:28:47 summary: 145 done, 11 pending, 2 failed, 62 unsubmittable (source missing from this checkout) (1869 out-of-order orphans ignored)
19:28:47 waiting on unpublished def bundle(s): ChapterFiniteSectionSingleTime (1 item(s)), ChapterQgTimeStepping (1 item(s)), ChapterQgTruncationResolvent (2 item(s)), ChapterQgVielbeinModeInstance (1 item(s)), ChapterQymTimeIndependentFlow (1 item(s)), ChapterScalaronFiberFL (2 item(s)), ChapterScalaronOuterFockFL (1 item(s)), ChapterSirkSingleTimeShift (1 item(s)), ChapterYangMillsAbelianFockEsa (1 item(s))
19:28:47 chunk: 0 item(s) resolved in 0s
19:29:00 sync: read 343 definition publish job(s)
19:29:22 sync: read 5415 problem publish job(s)
19:29:22 summary: 145 done, 11 pending, 2 failed, 62 unsubmittable (source missing from this checkout) (1869 out-of-order orphans ignored)
19:29:22 waiting on unpublished def bundle(s): ChapterFiniteSectionSingleTime (1 item(s)), ChapterQgTimeStepping (1 item(s)), ChapterQgTruncationResolvent (2 item(s)), ChapterQgVielbeinModeInstance (1 item(s)), ChapterQymTimeIndependentFlow (1 item(s)), ChapterScalaronFiberFL (2 item(s)), ChapterScalaronOuterFockFL (1 item(s)), ChapterSirkSingleTimeShift (1 item(s)), ChapterYangMillsAbelianFockEsa (1 item(s))
19:29:22 chunk: 0 item(s) resolved in 0s
19:29:35 sync: read 343 definition publish job(s)
19:29:56 sync: read 5415 problem publish job(s)
19:29:56 summary: 145 done, 11 pending, 2 failed, 62 unsubmittable (source missing from this checkout) (1869 out-of-order orphans ignored)
19:29:56 waiting on unpublished def bundle(s): ChapterFiniteSectionSingleTime (1 item(s)), ChapterQgTimeStepping (1 item(s)), ChapterQgTruncationResolvent (2 item(s)), ChapterQgVielbeinModeInstance (1 item(s)), ChapterQymTimeIndependentFlow (1 item(s)), ChapterScalaronFiberFL (2 item(s)), ChapterScalaronOuterFockFL (1 item(s)), ChapterSirkSingleTimeShift (1 item(s)), ChapterYangMillsAbelianFockEsa (1 item(s))
19:29:56 chunk: 0 item(s) resolved in 0s
19:30:10 sync: read 343 definition publish job(s)
19:30:48 sync: read 5415 problem publish job(s)
19:30:48 summary: 145 done, 11 pending, 2 failed, 62 unsubmittable (source missing from this checkout) (1869 out-of-order orphans ignored)
19:30:48 waiting on unpublished def bundle(s): ChapterFiniteSectionSingleTime (1 item(s)), ChapterQgTimeStepping (1 item(s)), ChapterQgTruncationResolvent (2 item(s)), ChapterQgVielbeinModeInstance (1 item(s)), ChapterQymTimeIndependentFlow (1 item(s)), ChapterScalaronFiberFL (2 item(s)), ChapterScalaronOuterFockFL (1 item(s)), ChapterSirkSingleTimeShift (1 item(s)), ChapterYangMillsAbelianFockEsa (1 item(s))
19:30:48 chunk: 0 item(s) resolved in 0s
19:31:01 sync: read 343 definition publish job(s)
19:31:41 sync: read 5415 problem publish job(s)
19:31:41 summary: 145 done, 11 pending, 2 failed, 62 unsubmittable (source missing from this checkout) (1869 out-of-order orphans ignored)
19:31:41 waiting on unpublished def bundle(s): ChapterFiniteSectionSingleTime (1 item(s)), ChapterQgTimeStepping (1 item(s)), ChapterQgTruncationResolvent (2 item(s)), ChapterQgVielbeinModeInstance (1 item(s)), ChapterQymTimeIndependentFlow (1 item(s)), ChapterScalaronFiberFL (2 item(s)), ChapterScalaronOuterFockFL (1 item(s)), ChapterSirkSingleTimeShift (1 item(s)), ChapterYangMillsAbelianFockEsa (1 item(s))
19:31:41 chunk: 0 item(s) resolved in 0s
19:31:55 sync: read 343 definition publish job(s)
19:32:17 sync: read 5415 problem publish job(s)
19:32:17 summary: 145 done, 11 pending, 2 failed, 62 unsubmittable (source missing from this checkout) (1869 out-of-order orphans ignored)
19:32:17 waiting on unpublished def bundle(s): ChapterFiniteSectionSingleTime (1 item(s)), ChapterQgTimeStepping (1 item(s)), ChapterQgTruncationResolvent (2 item(s)), ChapterQgVielbeinModeInstance (1 item(s)), ChapterQymTimeIndependentFlow (1 item(s)), ChapterScalaronFiberFL (2 item(s)), ChapterScalaronOuterFockFL (1 item(s)), ChapterSirkSingleTimeShift (1 item(s)), ChapterYangMillsAbelianFockEsa (1 item(s))
19:32:17 chunk: 0 item(s) resolved in 0s
19:32:31 sync: read 343 definition publish job(s)
19:32:50 sync: read 5415 problem publish job(s)
19:32:50 summary: 145 done, 11 pending, 2 failed, 62 unsubmittable (source missing from this checkout) (1869 out-of-order orphans ignored)
19:32:50 waiting on unpublished def bundle(s): ChapterFiniteSectionSingleTime (1 item(s)), ChapterQgTimeStepping (1 item(s)), ChapterQgTruncationResolvent (2 item(s)), ChapterQgVielbeinModeInstance (1 item(s)), ChapterQymTimeIndependentFlow (1 item(s)), ChapterScalaronFiberFL (2 item(s)), ChapterScalaronOuterFockFL (1 item(s)), ChapterSirkSingleTimeShift (1 item(s)), ChapterYangMillsAbelianFockEsa (1 item(s))
19:32:50 chunk: 0 item(s) resolved in 0s
19:33:04 sync: read 343 definition publish job(s)
19:33:26 sync: read 5415 problem publish job(s)
19:33:26 summary: 145 done, 11 pending, 2 failed, 62 unsubmittable (source missing from this checkout) (1869 out-of-order orphans ignored)
19:33:26 waiting on unpublished def bundle(s): ChapterFiniteSectionSingleTime (1 item(s)), ChapterQgTimeStepping (1 item(s)), ChapterQgTruncationResolvent (2 item(s)), ChapterQgVielbeinModeInstance (1 item(s)), ChapterQymTimeIndependentFlow (1 item(s)), ChapterScalaronFiberFL (2 item(s)), ChapterScalaronOuterFockFL (1 item(s)), ChapterSirkSingleTimeShift (1 item(s)), ChapterYangMillsAbelianFockEsa (1 item(s))
19:33:26 chunk: 0 item(s) resolved in 0s
19:33:39 sync: read 343 definition publish job(s)
19:34:00 sync: read 5415 problem publish job(s)
19:34:00 summary: 145 done, 11 pending, 2 failed, 62 unsubmittable (source missing from this checkout) (1869 out-of-order orphans ignored)
19:34:00 waiting on unpublished def bundle(s): ChapterFiniteSectionSingleTime (1 item(s)), ChapterQgTimeStepping (1 item(s)), ChapterQgTruncationResolvent (2 item(s)), ChapterQgVielbeinModeInstance (1 item(s)), ChapterQymTimeIndependentFlow (1 item(s)), ChapterScalaronFiberFL (2 item(s)), ChapterScalaronOuterFockFL (1 item(s)), ChapterSirkSingleTimeShift (1 item(s)), ChapterYangMillsAbelianFockEsa (1 item(s))
19:34:00 chunk: 0 item(s) resolved in 0s
19:34:13 sync: read 343 definition publish job(s)
19:34:33 sync: read 5415 problem publish job(s)
19:34:33 summary: 145 done, 11 pending, 2 failed, 62 unsubmittable (source missing from this checkout) (1869 out-of-order orphans ignored)
19:34:33 waiting on unpublished def bundle(s): ChapterFiniteSectionSingleTime (1 item(s)), ChapterQgTimeStepping (1 item(s)), ChapterQgTruncationResolvent (2 item(s)), ChapterQgVielbeinModeInstance (1 item(s)), ChapterQymTimeIndependentFlow (1 item(s)), ChapterScalaronFiberFL (2 item(s)), ChapterScalaronOuterFockFL (1 item(s)), ChapterSirkSingleTimeShift (1 item(s)), ChapterYangMillsAbelianFockEsa (1 item(s))
19:34:33 chunk: 0 item(s) resolved in 0s
19:34:46 sync: read 343 definition publish job(s)
19:35:09 sync: read 5415 problem publish job(s)
19:35:09 summary: 145 done, 11 pending, 2 failed, 62 unsubmittable (source missing from this checkout) (1869 out-of-order orphans ignored)
19:35:09 waiting on unpublished def bundle(s): ChapterFiniteSectionSingleTime (1 item(s)), ChapterQgTimeStepping (1 item(s)), ChapterQgTruncationResolvent (2 item(s)), ChapterQgVielbeinModeInstance (1 item(s)), ChapterQymTimeIndependentFlow (1 item(s)), ChapterScalaronFiberFL (2 item(s)), ChapterScalaronOuterFockFL (1 item(s)), ChapterSirkSingleTimeShift (1 item(s)), ChapterYangMillsAbelianFockEsa (1 item(s))
19:35:09 chunk: 0 item(s) resolved in 0s
19:35:22 sync: read 343 definition publish job(s)
19:35:46 sync: read 5415 problem publish job(s)
19:35:46 summary: 145 done, 11 pending, 2 failed, 62 unsubmittable (source missing from this checkout) (1869 out-of-order orphans ignored)
19:35:46 waiting on unpublished def bundle(s): ChapterFiniteSectionSingleTime (1 item(s)), ChapterQgTimeStepping (1 item(s)), ChapterQgTruncationResolvent (2 item(s)), ChapterQgVielbeinModeInstance (1 item(s)), ChapterQymTimeIndependentFlow (1 item(s)), ChapterScalaronFiberFL (2 item(s)), ChapterScalaronOuterFockFL (1 item(s)), ChapterSirkSingleTimeShift (1 item(s)), ChapterYangMillsAbelianFockEsa (1 item(s))
19:35:46 chunk: 0 item(s) resolved in 0s
19:36:00 sync: read 343 definition publish job(s)
19:36:27 sync: read 5415 problem publish job(s)
19:36:27 summary: 145 done, 11 pending, 2 failed, 62 unsubmittable (source missing from this checkout) (1869 out-of-order orphans ignored)
19:36:27 waiting on unpublished def bundle(s): ChapterFiniteSectionSingleTime (1 item(s)), ChapterQgTimeStepping (1 item(s)), ChapterQgTruncationResolvent (2 item(s)), ChapterQgVielbeinModeInstance (1 item(s)), ChapterQymTimeIndependentFlow (1 item(s)), ChapterScalaronFiberFL (2 item(s)), ChapterScalaronOuterFockFL (1 item(s)), ChapterSirkSingleTimeShift (1 item(s)), ChapterYangMillsAbelianFockEsa (1 item(s))
19:36:27 chunk: 0 item(s) resolved in 0s
19:36:41 sync: read 343 definition publish job(s)
19:37:05 sync: read 5415 problem publish job(s)
19:37:05 summary: 145 done, 11 pending, 2 failed, 62 unsubmittable (source missing from this checkout) (1869 out-of-order orphans ignored)
19:37:05 waiting on unpublished def bundle(s): ChapterFiniteSectionSingleTime (1 item(s)), ChapterQgTimeStepping (1 item(s)), ChapterQgTruncationResolvent (2 item(s)), ChapterQgVielbeinModeInstance (1 item(s)), ChapterQymTimeIndependentFlow (1 item(s)), ChapterScalaronFiberFL (2 item(s)), ChapterScalaronOuterFockFL (1 item(s)), ChapterSirkSingleTimeShift (1 item(s)), ChapterYangMillsAbelianFockEsa (1 item(s))
19:37:05 chunk: 0 item(s) resolved in 0s
19:37:18 sync: read 343 definition publish job(s)
19:37:39 sync: read 5415 problem publish job(s)
19:37:39 summary: 145 done, 11 pending, 2 failed, 62 unsubmittable (source missing from this checkout) (1869 out-of-order orphans ignored)
19:37:39 waiting on unpublished def bundle(s): ChapterFiniteSectionSingleTime (1 item(s)), ChapterQgTimeStepping (1 item(s)), ChapterQgTruncationResolvent (2 item(s)), ChapterQgVielbeinModeInstance (1 item(s)), ChapterQymTimeIndependentFlow (1 item(s)), ChapterScalaronFiberFL (2 item(s)), ChapterScalaronOuterFockFL (1 item(s)), ChapterSirkSingleTimeShift (1 item(s)), ChapterYangMillsAbelianFockEsa (1 item(s))
19:37:39 chunk: 0 item(s) resolved in 0s
19:37:52 sync: read 343 definition publish job(s)
19:38:15 sync: read 5415 problem publish job(s)
19:38:15 summary: 145 done, 11 pending, 2 failed, 62 unsubmittable (source missing from this checkout) (1869 out-of-order orphans ignored)
19:38:15 waiting on unpublished def bundle(s): ChapterFiniteSectionSingleTime (1 item(s)), ChapterQgTimeStepping (1 item(s)), ChapterQgTruncationResolvent (2 item(s)), ChapterQgVielbeinModeInstance (1 item(s)), ChapterQymTimeIndependentFlow (1 item(s)), ChapterScalaronFiberFL (2 item(s)), ChapterScalaronOuterFockFL (1 item(s)), ChapterSirkSingleTimeShift (1 item(s)), ChapterYangMillsAbelianFockEsa (1 item(s))
19:38:15 chunk: 0 item(s) resolved in 0s
19:38:28 sync: read 343 definition publish job(s)
19:38:49 sync: read 5415 problem publish job(s)
19:38:49 summary: 145 done, 11 pending, 2 failed, 62 unsubmittable (source missing from this checkout) (1869 out-of-order orphans ignored)
19:38:49 waiting on unpublished def bundle(s): ChapterFiniteSectionSingleTime (1 item(s)), ChapterQgTimeStepping (1 item(s)), ChapterQgTruncationResolvent (2 item(s)), ChapterQgVielbeinModeInstance (1 item(s)), ChapterQymTimeIndependentFlow (1 item(s)), ChapterScalaronFiberFL (2 item(s)), ChapterScalaronOuterFockFL (1 item(s)), ChapterSirkSingleTimeShift (1 item(s)), ChapterYangMillsAbelianFockEsa (1 item(s))
19:38:49 chunk: 0 item(s) resolved in 0s
19:39:03 sync: read 343 definition publish job(s)
19:39:23 sync: read 5415 problem publish job(s)
19:39:24 summary: 145 done, 11 pending, 2 failed, 62 unsubmittable (source missing from this checkout) (1869 out-of-order orphans ignored)
19:39:24 waiting on unpublished def bundle(s): ChapterFiniteSectionSingleTime (1 item(s)), ChapterQgTimeStepping (1 item(s)), ChapterQgTruncationResolvent (2 item(s)), ChapterQgVielbeinModeInstance (1 item(s)), ChapterQymTimeIndependentFlow (1 item(s)), ChapterScalaronFiberFL (2 item(s)), ChapterScalaronOuterFockFL (1 item(s)), ChapterSirkSingleTimeShift (1 item(s)), ChapterYangMillsAbelianFockEsa (1 item(s))
19:39:24 chunk: 0 item(s) resolved in 0s
19:39:36 sync: read 343 definition publish job(s)
19:39:58 sync: read 5415 problem publish job(s)
19:39:58 summary: 145 done, 11 pending, 2 failed, 62 unsubmittable (source missing from this checkout) (1869 out-of-order orphans ignored)
19:39:58 waiting on unpublished def bundle(s): ChapterFiniteSectionSingleTime (1 item(s)), ChapterQgTimeStepping (1 item(s)), ChapterQgTruncationResolvent (2 item(s)), ChapterQgVielbeinModeInstance (1 item(s)), ChapterQymTimeIndependentFlow (1 item(s)), ChapterScalaronFiberFL (2 item(s)), ChapterScalaronOuterFockFL (1 item(s)), ChapterSirkSingleTimeShift (1 item(s)), ChapterYangMillsAbelianFockEsa (1 item(s))
19:39:58 chunk: 0 item(s) resolved in 0s
19:40:11 sync: read 343 definition publish job(s)
19:40:34 sync: read 5415 problem publish job(s)
19:40:34 summary: 145 done, 11 pending, 2 failed, 62 unsubmittable (source missing from this checkout) (1869 out-of-order orphans ignored)
19:40:34 waiting on unpublished def bundle(s): ChapterFiniteSectionSingleTime (1 item(s)), ChapterQgTimeStepping (1 item(s)), ChapterQgTruncationResolvent (2 item(s)), ChapterQgVielbeinModeInstance (1 item(s)), ChapterQymTimeIndependentFlow (1 item(s)), ChapterScalaronFiberFL (2 item(s)), ChapterScalaronOuterFockFL (1 item(s)), ChapterSirkSingleTimeShift (1 item(s)), ChapterYangMillsAbelianFockEsa (1 item(s))
19:40:34 chunk: 0 item(s) resolved in 0s
19:40:47 sync: read 343 definition publish job(s)
19:41:07 sync: read 5415 problem publish job(s)
19:41:07 summary: 145 done, 11 pending, 2 failed, 62 unsubmittable (source missing from this checkout) (1869 out-of-order orphans ignored)
19:41:07 waiting on unpublished def bundle(s): ChapterFiniteSectionSingleTime (1 item(s)), ChapterQgTimeStepping (1 item(s)), ChapterQgTruncationResolvent (2 item(s)), ChapterQgVielbeinModeInstance (1 item(s)), ChapterQymTimeIndependentFlow (1 item(s)), ChapterScalaronFiberFL (2 item(s)), ChapterScalaronOuterFockFL (1 item(s)), ChapterSirkSingleTimeShift (1 item(s)), ChapterYangMillsAbelianFockEsa (1 item(s))
19:41:07 chunk: 0 item(s) resolved in 0s
19:41:20 sync: read 343 definition publish job(s)
19:41:40 sync: read 5415 problem publish job(s)
19:41:41 summary: 145 done, 11 pending, 2 failed, 62 unsubmittable (source missing from this checkout) (1869 out-of-order orphans ignored)
19:41:41 waiting on unpublished def bundle(s): ChapterFiniteSectionSingleTime (1 item(s)), ChapterQgTimeStepping (1 item(s)), ChapterQgTruncationResolvent (2 item(s)), ChapterQgVielbeinModeInstance (1 item(s)), ChapterQymTimeIndependentFlow (1 item(s)), ChapterScalaronFiberFL (2 item(s)), ChapterScalaronOuterFockFL (1 item(s)), ChapterSirkSingleTimeShift (1 item(s)), ChapterYangMillsAbelianFockEsa (1 item(s))
19:41:41 chunk: 0 item(s) resolved in 0s
19:41:54 sync: read 343 definition publish job(s)
19:42:15 sync: read 5415 problem publish job(s)
19:42:15 summary: 145 done, 11 pending, 2 failed, 62 unsubmittable (source missing from this checkout) (1869 out-of-order orphans ignored)
19:42:15 waiting on unpublished def bundle(s): ChapterFiniteSectionSingleTime (1 item(s)), ChapterQgTimeStepping (1 item(s)), ChapterQgTruncationResolvent (2 item(s)), ChapterQgVielbeinModeInstance (1 item(s)), ChapterQymTimeIndependentFlow (1 item(s)), ChapterScalaronFiberFL (2 item(s)), ChapterScalaronOuterFockFL (1 item(s)), ChapterSirkSingleTimeShift (1 item(s)), ChapterYangMillsAbelianFockEsa (1 item(s))
19:42:15 chunk: 0 item(s) resolved in 0s
19:42:28 sync: read 343 definition publish job(s)
19:42:52 sync: read 5415 problem publish job(s)
19:42:52 summary: 145 done, 11 pending, 2 failed, 62 unsubmittable (source missing from this checkout) (1869 out-of-order orphans ignored)
19:42:52 waiting on unpublished def bundle(s): ChapterFiniteSectionSingleTime (1 item(s)), ChapterQgTimeStepping (1 item(s)), ChapterQgTruncationResolvent (2 item(s)), ChapterQgVielbeinModeInstance (1 item(s)), ChapterQymTimeIndependentFlow (1 item(s)), ChapterScalaronFiberFL (2 item(s)), ChapterScalaronOuterFockFL (1 item(s)), ChapterSirkSingleTimeShift (1 item(s)), ChapterYangMillsAbelianFockEsa (1 item(s))
19:42:52 chunk: 0 item(s) resolved in 0s
19:43:07 sync: read 343 definition publish job(s)
19:43:29 sync: read 5415 problem publish job(s)
19:43:29 summary: 145 done, 11 pending, 2 failed, 62 unsubmittable (source missing from this checkout) (1869 out-of-order orphans ignored)
19:43:29 waiting on unpublished def bundle(s): ChapterFiniteSectionSingleTime (1 item(s)), ChapterQgTimeStepping (1 item(s)), ChapterQgTruncationResolvent (2 item(s)), ChapterQgVielbeinModeInstance (1 item(s)), ChapterQymTimeIndependentFlow (1 item(s)), ChapterScalaronFiberFL (2 item(s)), ChapterScalaronOuterFockFL (1 item(s)), ChapterSirkSingleTimeShift (1 item(s)), ChapterYangMillsAbelianFockEsa (1 item(s))
19:43:29 chunk: 0 item(s) resolved in 0s
19:43:42 sync: read 343 definition publish job(s)
19:44:01 sync: read 5415 problem publish job(s)
19:44:01 summary: 145 done, 11 pending, 2 failed, 62 unsubmittable (source missing from this checkout) (1869 out-of-order orphans ignored)
19:44:01 waiting on unpublished def bundle(s): ChapterFiniteSectionSingleTime (1 item(s)), ChapterQgTimeStepping (1 item(s)), ChapterQgTruncationResolvent (2 item(s)), ChapterQgVielbeinModeInstance (1 item(s)), ChapterQymTimeIndependentFlow (1 item(s)), ChapterScalaronFiberFL (2 item(s)), ChapterScalaronOuterFockFL (1 item(s)), ChapterSirkSingleTimeShift (1 item(s)), ChapterYangMillsAbelianFockEsa (1 item(s))
19:44:01 chunk: 0 item(s) resolved in 0s
19:44:15 sync: read 343 definition publish job(s)
19:44:34 sync: read 5415 problem publish job(s)
19:44:35 summary: 145 done, 11 pending, 2 failed, 62 unsubmittable (source missing from this checkout) (1869 out-of-order orphans ignored)
19:44:35 waiting on unpublished def bundle(s): ChapterFiniteSectionSingleTime (1 item(s)), ChapterQgTimeStepping (1 item(s)), ChapterQgTruncationResolvent (2 item(s)), ChapterQgVielbeinModeInstance (1 item(s)), ChapterQymTimeIndependentFlow (1 item(s)), ChapterScalaronFiberFL (2 item(s)), ChapterScalaronOuterFockFL (1 item(s)), ChapterSirkSingleTimeShift (1 item(s)), ChapterYangMillsAbelianFockEsa (1 item(s))
19:44:35 chunk: 0 item(s) resolved in 0s
19:44:48 sync: read 343 definition publish job(s)
19:45:10 sync: read 5415 problem publish job(s)
19:45:10 summary: 145 done, 11 pending, 2 failed, 62 unsubmittable (source missing from this checkout) (1869 out-of-order orphans ignored)
19:45:10 waiting on unpublished def bundle(s): ChapterFiniteSectionSingleTime (1 item(s)), ChapterQgTimeStepping (1 item(s)), ChapterQgTruncationResolvent (2 item(s)), ChapterQgVielbeinModeInstance (1 item(s)), ChapterQymTimeIndependentFlow (1 item(s)), ChapterScalaronFiberFL (2 item(s)), ChapterScalaronOuterFockFL (1 item(s)), ChapterSirkSingleTimeShift (1 item(s)), ChapterYangMillsAbelianFockEsa (1 item(s))
19:45:10 chunk: 0 item(s) resolved in 0s
19:45:26 sync: read 343 definition publish job(s)
19:45:56 sync: read 5415 problem publish job(s)
19:45:56 summary: 145 done, 11 pending, 2 failed, 62 unsubmittable (source missing from this checkout) (1869 out-of-order orphans ignored)
19:45:56 waiting on unpublished def bundle(s): ChapterFiniteSectionSingleTime (1 item(s)), ChapterQgTimeStepping (1 item(s)), ChapterQgTruncationResolvent (2 item(s)), ChapterQgVielbeinModeInstance (1 item(s)), ChapterQymTimeIndependentFlow (1 item(s)), ChapterScalaronFiberFL (2 item(s)), ChapterScalaronOuterFockFL (1 item(s)), ChapterSirkSingleTimeShift (1 item(s)), ChapterYangMillsAbelianFockEsa (1 item(s))
19:45:56 chunk: 0 item(s) resolved in 0s
19:46:09 sync: read 343 definition publish job(s)
19:46:30 sync: read 5415 problem publish job(s)
19:46:30 summary: 145 done, 11 pending, 2 failed, 62 unsubmittable (source missing from this checkout) (1869 out-of-order orphans ignored)
19:46:30 waiting on unpublished def bundle(s): ChapterFiniteSectionSingleTime (1 item(s)), ChapterQgTimeStepping (1 item(s)), ChapterQgTruncationResolvent (2 item(s)), ChapterQgVielbeinModeInstance (1 item(s)), ChapterQymTimeIndependentFlow (1 item(s)), ChapterScalaronFiberFL (2 item(s)), ChapterScalaronOuterFockFL (1 item(s)), ChapterSirkSingleTimeShift (1 item(s)), ChapterYangMillsAbelianFockEsa (1 item(s))
19:46:30 chunk: 0 item(s) resolved in 0s
19:46:44 sync: read 343 definition publish job(s)
19:47:06 sync: read 5415 problem publish job(s)
19:47:06 summary: 145 done, 11 pending, 2 failed, 62 unsubmittable (source missing from this checkout) (1869 out-of-order orphans ignored)
19:47:06 waiting on unpublished def bundle(s): ChapterFiniteSectionSingleTime (1 item(s)), ChapterQgTimeStepping (1 item(s)), ChapterQgTruncationResolvent (2 item(s)), ChapterQgVielbeinModeInstance (1 item(s)), ChapterQymTimeIndependentFlow (1 item(s)), ChapterScalaronFiberFL (2 item(s)), ChapterScalaronOuterFockFL (1 item(s)), ChapterSirkSingleTimeShift (1 item(s)), ChapterYangMillsAbelianFockEsa (1 item(s))
19:47:06 chunk: 0 item(s) resolved in 0s
19:47:19 sync: read 343 definition publish job(s)
19:47:47 sync: read 5415 problem publish job(s)
19:47:47 summary: 145 done, 11 pending, 2 failed, 62 unsubmittable (source missing from this checkout) (1869 out-of-order orphans ignored)
19:47:47 waiting on unpublished def bundle(s): ChapterFiniteSectionSingleTime (1 item(s)), ChapterQgTimeStepping (1 item(s)), ChapterQgTruncationResolvent (2 item(s)), ChapterQgVielbeinModeInstance (1 item(s)), ChapterQymTimeIndependentFlow (1 item(s)), ChapterScalaronFiberFL (2 item(s)), ChapterScalaronOuterFockFL (1 item(s)), ChapterSirkSingleTimeShift (1 item(s)), ChapterYangMillsAbelianFockEsa (1 item(s))
19:47:47 chunk: 0 item(s) resolved in 0s
22:30:28 sync: read 343 definition publish job(s)
22:30:53 sync: read 5415 problem publish job(s)
22:30:53 submitting def:ChapterQgTruncationResolvent (attempt 2)
22:30:53 warning: no Lean toolchain at /home/leo/.elan/toolchains/leanprover--lean4---v4.33.1/bin/lake - skipping the local gate and using the platform compiler as the oracle
22:31:07 def:ChapterQgTruncationResolvent: accepted, waiting on the compiler
22:31:07 submitting def:ChapterQymTimeIndependentFlow (attempt 2)
22:31:16 def:ChapterQymTimeIndependentFlow: accepted, waiting on the compiler
22:31:16 submitting thm:BookProof_NavierStokesFlow_FockCanonical_coe_sum_apply (attempt 1)
22:31:21 thm:BookProof_NavierStokesFlow_FockCanonical_coe_sum_apply: title clamped to 178 chars (server limit 200)
22:31:21 thm:BookProof_NavierStokesFlow_FockCanonical_coe_sum_apply: accepted, waiting on the compiler
22:31:21 submitting thm:BookProof_NavierStokesFlow_FockManyMode_commTerm_eq_zero (attempt 1)
22:31:26 thm:BookProof_NavierStokesFlow_FockManyMode_commTerm_eq_zero: title clamped to 166 chars (server limit 200)
22:31:27 thm:BookProof_NavierStokesFlow_FockManyMode_commTerm_eq_zero: accepted, waiting on the compiler
22:31:27 submitting thm:BookProof_ChapterContinuityUnitaryInfinite_condProb_of_continuity_infinite (attempt 1)
22:31:30 thm:BookProof_ChapterContinuityUnitaryInfinite_condProb_of_continuity_infinite: title clamped to 172 chars (server limit 200)
22:31:31 thm:BookProof_ChapterContinuityUnitaryInfinite_condProb_of_continuity_infinite: accepted, waiting on the compiler
22:31:31 submitting thm:BookProof_NavierStokesFlow_FockCanonical_cre_ann_coe (attempt 1)
22:31:36 thm:BookProof_NavierStokesFlow_FockCanonical_cre_ann_coe: accepted, waiting on the compiler
22:31:36 submitting thm:BookProof_NavierStokesFlow_FockCanonical_cre_cre_coe_of_lt (attempt 1)
22:31:41 thm:BookProof_NavierStokesFlow_FockCanonical_cre_cre_coe_of_lt: accepted, waiting on the compiler
22:31:41 submitting thm:BookProof_NavierStokesFlow_FockCanonical_cre_cre_coe_of_two_le (attempt 1)
22:31:45 thm:BookProof_NavierStokesFlow_FockCanonical_cre_cre_coe_of_two_le: title clamped to 174 chars (server limit 200)
22:31:45 thm:BookProof_NavierStokesFlow_FockCanonical_cre_cre_coe_of_two_le: accepted, waiting on the compiler
22:31:45 submitting thm:BookProof_NavierStokesFlow_FockCanonical_dn_dn_self (attempt 1)
22:31:50 thm:BookProof_NavierStokesFlow_FockCanonical_dn_dn_self: accepted, waiting on the compiler
22:31:50 submitting thm:BookProof_NavierStokesFlow_FockCanonical_mode_comparison_eq (attempt 1)
22:31:55 thm:BookProof_NavierStokesFlow_FockCanonical_mode_comparison_eq: accepted, waiting on the compiler
22:31:55 submitting thm:BookProof_NavierStokesFlow_FockCanonical_ann_cre_coe (attempt 1)
22:32:00 thm:BookProof_NavierStokesFlow_FockCanonical_ann_cre_coe: accepted, waiting on the compiler
22:32:00 submitting thm:BookProof_NavierStokesFlow_FockCanonical_ann_ann_coe (attempt 1)
22:32:04 thm:BookProof_NavierStokesFlow_FockCanonical_ann_ann_coe: title clamped to 183 chars (server limit 200)
22:32:06 thm:BookProof_NavierStokesFlow_FockCanonical_ann_ann_coe: accepted, waiting on the compiler
22:32:06 submitting thm:BookProof_NavierStokesFlow_FockCanonical_modeShift_dn_dn (attempt 1)
22:32:11 thm:BookProof_NavierStokesFlow_FockCanonical_modeShift_dn_dn: accepted, waiting on the compiler
22:32:11 submitting thm:BookProof_NavierStokesFlow_FockManyMode_commForm_fockH (attempt 1)
22:32:16 thm:BookProof_NavierStokesFlow_FockManyMode_commForm_fockH: accepted, waiting on the compiler
22:32:16 submitting thm:BookProof_NavierStokesFlow_FockManyMode_fockH_relative_bound (attempt 1)
22:32:20 thm:BookProof_NavierStokesFlow_FockManyMode_fockH_relative_bound: title clamped to 173 chars (server limit 200)
22:32:21 thm:BookProof_NavierStokesFlow_FockManyMode_fockH_relative_bound: accepted, waiting on the compiler
22:32:21 submitting thm:BookProof_NavierStokesFlow_FockManyMode_fockH_symmetricOn (attempt 1)
22:32:25 thm:BookProof_NavierStokesFlow_FockManyMode_fockH_symmetricOn: accepted, waiting on the compiler
22:32:25 submitting thm:BookProof_NavierStokesFlow_FockManyMode_testState_coe (attempt 1)
22:32:29 thm:BookProof_NavierStokesFlow_FockManyMode_testState_coe: accepted, waiting on the compiler
22:32:29 submitting thm:BookProof_NavierStokesFlow_FockCanonical_bracket_DS (attempt 1)
22:32:33 thm:BookProof_NavierStokesFlow_FockCanonical_bracket_DS: accepted, waiting on the compiler
22:32:33 submitting thm:BookProof_NavierStokesFlow_FockCanonical_comm_ann_cre (attempt 1)
22:32:37 thm:BookProof_NavierStokesFlow_FockCanonical_comm_ann_cre: accepted, waiting on the compiler
22:32:37 submitting thm:BookProof_NavierStokesFlow_FockCanonical_comm_mom_pos (attempt 1)
22:32:42 thm:BookProof_NavierStokesFlow_FockCanonical_comm_mom_pos: accepted, waiting on the compiler
22:32:42 submitting thm:BookProof_NavierStokesFlow_FockCanonical_fock_comparison_eq (attempt 1)
22:32:47 thm:BookProof_NavierStokesFlow_FockCanonical_fock_comparison_eq: title clamped to 172 chars (server limit 200)
22:32:48 thm:BookProof_NavierStokesFlow_FockCanonical_fock_comparison_eq: accepted, waiting on the compiler
22:32:48 submitting thm:BookProof_NavierStokesFlow_FockCanonical_hop_modeData_eq (attempt 1)
22:32:53 thm:BookProof_NavierStokesFlow_FockCanonical_hop_modeData_eq: accepted, waiting on the compiler
22:32:53 submitting thm:BookProof_NavierStokesFlow_FockManyMode_fockH_commForm_bound (attempt 1)
22:32:59 thm:BookProof_NavierStokesFlow_FockManyMode_fockH_commForm_bound: accepted, waiting on the compiler
22:32:59 submitting thm:BookProof_NavierStokesFlow_FockManyMode_testState_coe_eq_zero (attempt 1)
22:33:04 thm:BookProof_NavierStokesFlow_FockManyMode_testState_coe_eq_zero: accepted, waiting on the compiler
22:33:04 submitting thm:BookProof_NavierStokesFlow_FockManyMode_testState_coe_zero (attempt 1)
22:33:09 thm:BookProof_NavierStokesFlow_FockManyMode_testState_coe_zero: accepted, waiting on the compiler
22:33:09 submitting thm:BookProof_NavierStokesFlow_FockCanonical_mode_hamiltonian_eq (attempt 1)
22:33:14 thm:BookProof_NavierStokesFlow_FockCanonical_mode_hamiltonian_eq: title clamped to 182 chars (server limit 200)
22:33:14 thm:BookProof_NavierStokesFlow_FockCanonical_mode_hamiltonian_eq: accepted, waiting on the compiler
22:33:14 submitting thm:BookProof_NavierStokesFlow_FockManyMode_fockH_essentiallySelfAdjointOn_core (attempt 1)
22:33:19 thm:BookProof_NavierStokesFlow_FockManyMode_fockH_essentiallySelfAdjointOn_core: accepted, waiting on the compiler
22:33:19 submitting thm:BookProof_NavierStokesFlow_FockManyMode_commForm_testState_of_ne (attempt 1)
22:33:23 thm:BookProof_NavierStokesFlow_FockManyMode_commForm_testState_of_ne: accepted, waiting on the compiler
22:33:23 submitting thm:BookProof_NavierStokesFlow_FockManyMode_commForm_testState_self (attempt 1)
22:33:28 thm:BookProof_NavierStokesFlow_FockManyMode_commForm_testState_self: accepted, waiting on the compiler
22:33:28 submitting thm:BookProof_NavierStokesFlow_FockCanonical_fock_hamiltonian_eq (attempt 1)
22:33:32 thm:BookProof_NavierStokesFlow_FockCanonical_fock_hamiltonian_eq: title clamped to 181 chars (server limit 200)
22:33:33 thm:BookProof_NavierStokesFlow_FockCanonical_fock_hamiltonian_eq: accepted, waiting on the compiler
22:33:33 submitting thm:BookProof_NavierStokesFlow_FockManyMode_fock_commForm_ne_zero (attempt 1)
22:33:38 thm:BookProof_NavierStokesFlow_FockManyMode_fock_commForm_ne_zero: accepted, waiting on the compiler
22:33:38 submitting thm:BookProof_NavierStokesFlow_FockCanonical_fock_canonical_essentiallySelfAdjointOn_core (attempt 1)
22:33:43 thm:BookProof_NavierStokesFlow_FockCanonical_fock_canonical_essentiallySelfAdjointOn_core: title clamped to 180 chars (server limit 200)
22:33:43 thm:BookProof_NavierStokesFlow_FockCanonical_fock_canonical_essentiallySelfAdjointOn_core: accepted, waiting on the compiler
22:33:43 submitting thm:BookProof_HermiteProductBasis_hermiteMvLp_mem_core (attempt 5)
22:33:48 thm:BookProof_HermiteProductBasis_hermiteMvLp_mem_core: accepted, waiting on the compiler
22:33:48 submitting thm:BookProof_HermiteProductCore_derivative_hermiteZ (attempt 5)
22:33:53 thm:BookProof_HermiteProductCore_derivative_hermiteZ: accepted, waiting on the compiler
22:33:53 submitting thm:BookProof_HermiteProductCore_gaussInt_smul (attempt 5)
22:33:57 thm:BookProof_HermiteProductCore_gaussInt_smul: accepted, waiting on the compiler
22:33:57 submitting thm:BookProof_HermiteProductCore_gaussMoment_succ (attempt 5)
22:34:01 thm:BookProof_HermiteProductCore_gaussMoment_succ: accepted, waiting on the compiler
22:34:01 submitting thm:BookProof_HermiteProductCore_gaussWD_eq_sq (attempt 5)
22:34:06 thm:BookProof_HermiteProductCore_gaussWD_eq_sq: accepted, waiting on the compiler
22:34:06 submitting thm:BookProof_NavierStokesFlow_DifferentialL2_comm_momPoly_mulXPoly (attempt 4)
22:34:11 thm:BookProof_NavierStokesFlow_DifferentialL2_comm_momPoly_mulXPoly: accepted, waiting on the compiler
22:34:11 submitting thm:BookProof_NavierStokesFlow_DifferentialL2_coreEquiv_coe (attempt 4)
22:34:15 thm:BookProof_NavierStokesFlow_DifferentialL2_coreEquiv_coe: accepted, waiting on the compiler
22:34:15 submitting thm:BookProof_NavierStokesFlow_DifferentialL2_coreOp_coreEquiv (attempt 4)
22:34:20 thm:BookProof_NavierStokesFlow_DifferentialL2_coreOp_coreEquiv: accepted, waiting on the compiler
22:34:20 submitting thm:BookProof_NavierStokesFlow_DifferentialL2_hasDerivAt_eval_update (attempt 4)
22:34:24 thm:BookProof_NavierStokesFlow_DifferentialL2_hasDerivAt_eval_update: accepted, waiting on the compiler
22:34:24 submitting thm:BookProof_NavierStokesFlow_DifferentialL2_momPoly_apply (attempt 4)
22:34:30 thm:BookProof_NavierStokesFlow_DifferentialL2_momPoly_apply: accepted, waiting on the compiler
22:34:30 submitting thm:BookProof_NavierStokesFlow_DifferentialL2_mulXPoly_apply (attempt 4)
22:34:36 thm:BookProof_NavierStokesFlow_DifferentialL2_mulXPoly_apply: accepted, waiting on the compiler
22:34:36 submitting thm:BookProof_NavierStokesFlow_DifferentialL2_pgLp_smul (attempt 4)
22:34:40 thm:BookProof_NavierStokesFlow_DifferentialL2_pgLp_smul: accepted, waiting on the compiler
22:34:40 submitting thm:BookProof_NavierStokesFlow_DifferentialL2_posOp_apply_eq_mul (attempt 4)
22:34:45 thm:BookProof_NavierStokesFlow_DifferentialL2_posOp_apply_eq_mul: accepted, waiting on the compiler
22:34:45 submitting thm:BookProof_NavierStokesFlow_DifferentialL2_sec_apply (attempt 4)
22:34:50 thm:BookProof_NavierStokesFlow_DifferentialL2_sec_apply: accepted, waiting on the compiler
22:34:50 submitting thm:BookProof_NavierStokesFlow_DifferentialL2_sec_self (attempt 4)
22:34:55 thm:BookProof_NavierStokesFlow_DifferentialL2_sec_self: accepted, waiting on the compiler
22:34:55 submitting thm:BookProof_NavierStokesFlow_nsDivergenceConstraint_resolution_matrix (attempt 4)
22:35:00 thm:BookProof_NavierStokesFlow_nsDivergenceConstraint_resolution_matrix: accepted, waiting on the compiler
22:35:00 submitting thm:BookProof_HashimotoShiftInvert_invShiftOperator_selfAdjointCriterion (attempt 4)
22:35:04 thm:BookProof_HashimotoShiftInvert_invShiftOperator_selfAdjointCriterion: accepted, waiting on the compiler
22:35:04 submitting thm:BookProof_NavierStokesFlow_DifferentialL2_comm_momOp_posOp (attempt 4)
22:35:09 thm:BookProof_NavierStokesFlow_DifferentialL2_comm_momOp_posOp: accepted, waiting on the compiler
22:35:09 def:ChapterQgTruncationResolvent: FAIL (publish FAILED: definition does not compile: line 80: Unknown identifier `QgModeData`

Note: It is not possible to treat `QgModeData` as an implicitly)
22:35:09 def:ChapterQymTimeIndependentFlow: DONE
22:35:10 thm:BookProof_NavierStokesFlow_FockCanonical_coe_sum_apply: FAIL (publish FAILED: formal statement does not compile: line 12: unknown namespace `FarisLavine`; line 15: Unknown identifier `Occ`

Note: It is not possib)
22:35:10 thm:BookProof_NavierStokesFlow_FockManyMode_commTerm_eq_zero: FAIL (publish FAILED: formal statement does not compile: line 12: unknown namespace `FarisLavine`; line 17: Unknown identifier `L2I`

Note: It is not possib)
22:35:10 thm:BookProof_ChapterContinuityUnitaryInfinite_condProb_of_continuity_infinite: FAIL (publish FAILED: formal statement does not compile: line 8: Unknown identifier `X`

Note: It is not possible to treat `X` as an implicitly bound variab)
22:35:11 thm:BookProof_NavierStokesFlow_FockCanonical_cre_ann_coe: FAIL (publish FAILED: formal statement does not compile: line 12: unknown namespace `FarisLavine`; line 15: Unknown identifier `Occ`

Note: It is not possib)
22:35:11 thm:BookProof_NavierStokesFlow_FockCanonical_cre_cre_coe_of_lt: FAIL (publish FAILED: formal statement does not compile: line 12: unknown namespace `FarisLavine`; line 15: Unknown identifier `Occ`

Note: It is not possib)
22:35:11 thm:BookProof_NavierStokesFlow_FockCanonical_cre_cre_coe_of_two_le: FAIL (publish FAILED: formal statement does not compile: line 12: unknown namespace `FarisLavine`; line 15: Unknown identifier `Occ`

Note: It is not possib)
22:35:11 thm:BookProof_NavierStokesFlow_FockCanonical_dn_dn_self: FAIL (publish FAILED: formal statement does not compile: line 12: unknown namespace `FarisLavine`; line 15: Unknown identifier `Occ`

Note: It is not possib)
22:35:12 thm:BookProof_NavierStokesFlow_FockCanonical_mode_comparison_eq: FAIL (publish FAILED: formal statement does not compile: line 12: unknown namespace `FarisLavine`)
22:35:12 thm:BookProof_NavierStokesFlow_FockCanonical_ann_cre_coe: FAIL (publish FAILED: formal statement does not compile: line 12: unknown namespace `FarisLavine`; line 15: Unknown identifier `Occ`

Note: It is not possib)
22:35:12 thm:BookProof_NavierStokesFlow_FockCanonical_ann_ann_coe: FAIL (publish FAILED: formal statement does not compile: line 12: unknown namespace `FarisLavine`; line 15: Unknown identifier `Occ`

Note: It is not possib)
22:35:13 thm:BookProof_NavierStokesFlow_FockCanonical_modeShift_dn_dn: FAIL (publish FAILED: formal statement does not compile: line 12: unknown namespace `FarisLavine`; line 15: Unknown identifier `Occ`

Note: It is not possib)
22:35:13 thm:BookProof_NavierStokesFlow_FockManyMode_commForm_fockH: FAIL (publish FAILED: formal statement does not compile: line 12: unknown namespace `FarisLavine`; line 16: Unknown identifier `maxDom`

Note: It is not pos)
22:35:13 thm:BookProof_NavierStokesFlow_FockManyMode_fockH_relative_bound: FAIL (publish FAILED: formal statement does not compile: line 12: unknown namespace `FarisLavine`; line 16: Unknown identifier `maxDom`

Note: It is not pos)
22:35:14 thm:BookProof_NavierStokesFlow_FockManyMode_fockH_symmetricOn: FAIL (publish FAILED: formal statement does not compile: line 12: unknown namespace `FarisLavine`; line 17: Unknown identifier `SymmetricOn`

Note: It is no)
22:35:14 thm:BookProof_NavierStokesFlow_FockManyMode_testState_coe: FAIL (publish FAILED: formal statement does not compile: line 12: unknown namespace `FarisLavine`; line 17: Unknown identifier `L2I`

Note: It is not possib)
22:35:14 thm:BookProof_NavierStokesFlow_FockCanonical_bracket_DS: FAIL (publish FAILED: formal statement does not compile: line 12: unknown namespace `FarisLavine`)
22:35:15 thm:BookProof_NavierStokesFlow_FockCanonical_comm_ann_cre: FAIL (publish FAILED: formal statement does not compile: line 12: unknown namespace `FarisLavine`)
22:35:15 thm:BookProof_NavierStokesFlow_FockCanonical_comm_mom_pos: FAIL (publish FAILED: formal statement does not compile: line 12: unknown namespace `FarisLavine`)
22:35:15 thm:BookProof_NavierStokesFlow_FockCanonical_fock_comparison_eq: FAIL (publish FAILED: formal statement does not compile: line 12: unknown namespace `FarisLavine`; line 16: Unknown identifier `Occ`

Note: It is not possib)
22:35:16 thm:BookProof_NavierStokesFlow_FockCanonical_hop_modeData_eq: FAIL (publish FAILED: formal statement does not compile: line 12: unknown namespace `FarisLavine`; line 15: Unknown identifier `Occ`

Note: It is not possib)
22:35:16 thm:BookProof_NavierStokesFlow_FockManyMode_fockH_commForm_bound: FAIL (publish FAILED: formal statement does not compile: line 12: unknown namespace `FarisLavine`; line 16: Unknown identifier `maxDom`

Note: It is not pos)
22:35:16 thm:BookProof_NavierStokesFlow_FockManyMode_testState_coe_eq_zero: FAIL (publish FAILED: formal statement does not compile: line 12: unknown namespace `FarisLavine`; line 18: Unknown identifier `L2I`

Note: It is not possib)
22:35:17 thm:BookProof_NavierStokesFlow_FockManyMode_testState_coe_zero: FAIL (publish FAILED: formal statement does not compile: line 12: unknown namespace `FarisLavine`; line 17: Unknown identifier `L2I`

Note: It is not possib)
22:35:17 thm:BookProof_NavierStokesFlow_FockCanonical_mode_hamiltonian_eq: FAIL (publish FAILED: formal statement does not compile: line 12: unknown namespace `FarisLavine`; line 16: Unknown identifier `Occ`

Note: It is not possib)
22:35:17 thm:BookProof_NavierStokesFlow_FockManyMode_fockH_essentiallySelfAdjointOn_core: FAIL (publish FAILED: formal statement does not compile: line 12: unknown namespace `FarisLavine`; line 17: Unknown identifier `EssentiallySelfAdjointOn`

N)
22:35:17 thm:BookProof_NavierStokesFlow_FockManyMode_commForm_testState_of_ne: FAIL (publish FAILED: formal statement does not compile: line 12: unknown namespace `FarisLavine`; line 17: Unknown identifier `commForm`

Note: It is not p)
22:35:18 thm:BookProof_NavierStokesFlow_FockManyMode_commForm_testState_self: FAIL (publish FAILED: formal statement does not compile: line 12: unknown namespace `FarisLavine`; line 17: Unknown identifier `commForm`

Note: It is not p)
22:35:18 thm:BookProof_NavierStokesFlow_FockCanonical_fock_hamiltonian_eq: FAIL (publish FAILED: formal statement does not compile: line 12: unknown namespace `FarisLavine`; line 16: Unknown identifier `Occ`

Note: It is not possib)
22:35:18 thm:BookProof_NavierStokesFlow_FockManyMode_fock_commForm_ne_zero: FAIL (publish FAILED: formal statement does not compile: line 12: unknown namespace `FarisLavine`; line 17: Unknown identifier `commForm`

Note: It is not p)
22:35:19 thm:BookProof_NavierStokesFlow_FockCanonical_fock_canonical_essentiallySelfAdjointOn_core: FAIL (publish FAILED: formal statement does not compile: line 12: unknown namespace `FarisLavine`; line 16: Unknown identifier `EssentiallySelfAdjointOn`

N)
22:35:19 thm:BookProof_HermiteProductBasis_hermiteMvLp_mem_core: FAIL (publish FAILED: formal statement does not compile: line 13: `BookProof.HermiteProductBasis.hermiteMvLp_mem_core` has already been declared)
22:35:19 thm:BookProof_HermiteProductCore_derivative_hermiteZ: FAIL (publish FAILED: formal statement does not compile: line 13: `BookProof.HermiteProductCore.derivative_hermiteZ` has already been declared)
22:35:20 thm:BookProof_HermiteProductCore_gaussInt_smul: FAIL (publish FAILED: formal statement does not compile: line 13: `BookProof.HermiteProductCore.gaussInt_smul` has already been declared)
22:35:20 thm:BookProof_HermiteProductCore_gaussMoment_succ: FAIL (publish FAILED: formal statement does not compile: line 13: `BookProof.HermiteProductCore.gaussMoment_succ` has already been declared)
22:35:20 thm:BookProof_HermiteProductCore_gaussWD_eq_sq: FAIL (publish FAILED: formal statement does not compile: line 13: `BookProof.HermiteProductCore.gaussWD_eq_sq` has already been declared)
22:35:21 thm:BookProof_NavierStokesFlow_DifferentialL2_comm_momPoly_mulXPoly: FAIL (publish FAILED: formal statement does not compile: line 19: Application type mismatch: The argument
  d
has type
  NSTruncation n
but is expected to h)
22:35:21 thm:BookProof_NavierStokesFlow_DifferentialL2_coreEquiv_coe: FAIL (publish FAILED: formal statement does not compile: line 19: Application type mismatch: The argument
  d
has type
  NSTruncation n
but is expected to h)
22:35:21 thm:BookProof_NavierStokesFlow_DifferentialL2_coreOp_coreEquiv: FAIL (publish FAILED: formal statement does not compile: line 19: Application type mismatch: The argument
  d
has type
  NSTruncation n
but is expected to h)
22:35:22 thm:BookProof_NavierStokesFlow_DifferentialL2_hasDerivAt_eval_update: FAIL (publish FAILED: formal statement does not compile: line 19: Application type mismatch: The argument
  d
has type
  NSTruncation n
but is expected to h)
22:35:22 thm:BookProof_NavierStokesFlow_DifferentialL2_momPoly_apply: FAIL (publish FAILED: formal statement does not compile: line 19: Application type mismatch: The argument
  d
has type
  NSTruncation n
but is expected to h)
22:35:22 thm:BookProof_NavierStokesFlow_DifferentialL2_mulXPoly_apply: FAIL (publish FAILED: formal statement does not compile: line 19: Application type mismatch: The argument
  d
has type
  NSTruncation n
but is expected to h)
22:35:23 thm:BookProof_NavierStokesFlow_DifferentialL2_pgLp_smul: FAIL (publish FAILED: formal statement does not compile: line 27: Application type mismatch: The argument
  d
has type
  NSTruncation n
but is expected to h)
22:35:32 submitting thm:BookProof_NavierStokesFlow_DifferentialL2_coreOp_coe (attempt 4)
22:35:37 thm:BookProof_NavierStokesFlow_DifferentialL2_coreOp_coe: accepted, waiting on the compiler
22:35:37 submitting thm:BookProof_NavierStokesFlow_DifferentialL2_hasDerivAt_evalSec (attempt 4)
22:35:42 thm:BookProof_NavierStokesFlow_DifferentialL2_hasDerivAt_evalSec: accepted, waiting on the compiler
22:35:42 submitting thm:BookProof_NavierStokesFlow_DifferentialL2_norm_sq_sec (attempt 4)
22:35:48 thm:BookProof_NavierStokesFlow_DifferentialL2_norm_sq_sec: accepted, waiting on the compiler
22:35:48 submitting thm:BookProof_NavierStokesFlow_nsFlow_groupOnEvolved (attempt 4)
22:35:53 thm:BookProof_NavierStokesFlow_nsFlow_groupOnEvolved: accepted, waiting on the compiler
22:35:53 submitting sol:BookProof_NavierStokesFlow_FockCanonical_coe_sum_apply (attempt 1)
22:35:53 sol:BookProof_NavierStokesFlow_FockCanonical_coe_sum_apply: WAIT (theorem not published yet)
22:35:53 submitting sol:BookProof_NavierStokesFlow_FockManyMode_commTerm_eq_zero (attempt 1)
22:35:53 sol:BookProof_NavierStokesFlow_FockManyMode_commTerm_eq_zero: WAIT (theorem not published yet)
22:35:53 submitting sol:BookProof_ChapterContinuityUnitaryInfinite_condProb_of_continuity_infinite (attempt 1)
22:35:53 sol:BookProof_ChapterContinuityUnitaryInfinite_condProb_of_continuity_infinite: WAIT (theorem not published yet)
22:35:53 submitting sol:BookProof_NavierStokesFlow_FockCanonical_cre_ann_coe (attempt 1)
22:35:53 sol:BookProof_NavierStokesFlow_FockCanonical_cre_ann_coe: WAIT (theorem not published yet)
22:35:53 submitting sol:BookProof_NavierStokesFlow_FockCanonical_cre_cre_coe_of_lt (attempt 1)
22:35:53 sol:BookProof_NavierStokesFlow_FockCanonical_cre_cre_coe_of_lt: WAIT (theorem not published yet)
22:35:53 submitting sol:BookProof_NavierStokesFlow_FockCanonical_cre_cre_coe_of_two_le (attempt 1)
22:35:53 sol:BookProof_NavierStokesFlow_FockCanonical_cre_cre_coe_of_two_le: WAIT (theorem not published yet)
22:35:53 submitting sol:BookProof_NavierStokesFlow_FockCanonical_dn_dn_self (attempt 1)
22:35:53 sol:BookProof_NavierStokesFlow_FockCanonical_dn_dn_self: WAIT (theorem not published yet)
22:35:53 submitting sol:BookProof_NavierStokesFlow_FockCanonical_mode_comparison_eq (attempt 1)
22:35:53 sol:BookProof_NavierStokesFlow_FockCanonical_mode_comparison_eq: WAIT (theorem not published yet)
22:35:53 submitting sol:BookProof_NavierStokesFlow_FockCanonical_ann_cre_coe (attempt 1)
22:35:53 sol:BookProof_NavierStokesFlow_FockCanonical_ann_cre_coe: WAIT (theorem not published yet)
22:35:53 submitting sol:BookProof_NavierStokesFlow_FockCanonical_ann_ann_coe (attempt 1)
22:35:53 sol:BookProof_NavierStokesFlow_FockCanonical_ann_ann_coe: WAIT (theorem not published yet)
22:35:53 submitting sol:BookProof_NavierStokesFlow_FockCanonical_modeShift_dn_dn (attempt 1)
22:35:53 sol:BookProof_NavierStokesFlow_FockCanonical_modeShift_dn_dn: WAIT (theorem not published yet)
22:35:53 submitting sol:BookProof_NavierStokesFlow_FockManyMode_commForm_fockH (attempt 1)
22:35:53 sol:BookProof_NavierStokesFlow_FockManyMode_commForm_fockH: WAIT (theorem not published yet)
22:35:53 submitting sol:BookProof_NavierStokesFlow_FockManyMode_fockH_relative_bound (attempt 1)
22:35:53 sol:BookProof_NavierStokesFlow_FockManyMode_fockH_relative_bound: WAIT (theorem not published yet)
22:35:53 submitting sol:BookProof_NavierStokesFlow_FockManyMode_fockH_symmetricOn (attempt 1)
22:35:53 sol:BookProof_NavierStokesFlow_FockManyMode_fockH_symmetricOn: WAIT (theorem not published yet)
22:35:53 submitting sol:BookProof_NavierStokesFlow_FockManyMode_testState_coe (attempt 1)
22:35:53 sol:BookProof_NavierStokesFlow_FockManyMode_testState_coe: WAIT (theorem not published yet)
22:35:53 submitting sol:BookProof_NavierStokesFlow_FockCanonical_bracket_DS (attempt 1)
22:35:53 sol:BookProof_NavierStokesFlow_FockCanonical_bracket_DS: WAIT (theorem not published yet)
22:35:53 submitting sol:BookProof_NavierStokesFlow_FockCanonical_comm_ann_cre (attempt 1)
22:35:53 sol:BookProof_NavierStokesFlow_FockCanonical_comm_ann_cre: WAIT (theorem not published yet)
22:35:53 submitting sol:BookProof_NavierStokesFlow_FockCanonical_comm_mom_pos (attempt 1)
22:35:53 sol:BookProof_NavierStokesFlow_FockCanonical_comm_mom_pos: WAIT (theorem not published yet)
22:35:54 submitting sol:BookProof_NavierStokesFlow_FockCanonical_fock_comparison_eq (attempt 1)
22:35:54 sol:BookProof_NavierStokesFlow_FockCanonical_fock_comparison_eq: WAIT (theorem not published yet)
22:35:54 submitting sol:BookProof_NavierStokesFlow_FockCanonical_hop_modeData_eq (attempt 1)
22:35:54 sol:BookProof_NavierStokesFlow_FockCanonical_hop_modeData_eq: WAIT (theorem not published yet)
22:35:54 submitting sol:BookProof_NavierStokesFlow_FockManyMode_fockH_commForm_bound (attempt 1)
22:35:54 sol:BookProof_NavierStokesFlow_FockManyMode_fockH_commForm_bound: WAIT (theorem not published yet)
22:35:54 submitting sol:BookProof_NavierStokesFlow_FockManyMode_testState_coe_eq_zero (attempt 1)
22:35:54 sol:BookProof_NavierStokesFlow_FockManyMode_testState_coe_eq_zero: WAIT (theorem not published yet)
22:35:54 submitting sol:BookProof_NavierStokesFlow_FockManyMode_testState_coe_zero (attempt 1)
22:35:54 sol:BookProof_NavierStokesFlow_FockManyMode_testState_coe_zero: WAIT (theorem not published yet)
22:35:54 submitting sol:BookProof_NavierStokesFlow_FockCanonical_mode_hamiltonian_eq (attempt 1)
22:35:54 sol:BookProof_NavierStokesFlow_FockCanonical_mode_hamiltonian_eq: WAIT (theorem not published yet)
22:35:54 submitting sol:BookProof_NavierStokesFlow_FockManyMode_fockH_essentiallySelfAdjointOn_core (attempt 1)
22:35:54 sol:BookProof_NavierStokesFlow_FockManyMode_fockH_essentiallySelfAdjointOn_core: WAIT (theorem not published yet)
22:35:54 submitting sol:BookProof_NavierStokesFlow_FockManyMode_commForm_testState_of_ne (attempt 1)
22:35:54 sol:BookProof_NavierStokesFlow_FockManyMode_commForm_testState_of_ne: WAIT (theorem not published yet)
22:35:54 submitting sol:BookProof_NavierStokesFlow_FockManyMode_commForm_testState_self (attempt 1)
22:35:54 sol:BookProof_NavierStokesFlow_FockManyMode_commForm_testState_self: WAIT (theorem not published yet)
22:35:54 submitting sol:BookProof_NavierStokesFlow_FockCanonical_fock_hamiltonian_eq (attempt 1)
22:35:54 sol:BookProof_NavierStokesFlow_FockCanonical_fock_hamiltonian_eq: WAIT (theorem not published yet)
22:35:54 submitting sol:BookProof_NavierStokesFlow_FockManyMode_fock_commForm_ne_zero (attempt 1)
22:35:54 sol:BookProof_NavierStokesFlow_FockManyMode_fock_commForm_ne_zero: WAIT (theorem not published yet)
22:35:54 submitting sol:BookProof_NavierStokesFlow_FockCanonical_fock_canonical_essentiallySelfAdjointOn_core (attempt 1)
22:35:54 sol:BookProof_NavierStokesFlow_FockCanonical_fock_canonical_essentiallySelfAdjointOn_core: WAIT (theorem not published yet)
22:35:54 submitting sol:BookProof_SqSumFarisLavine_coreEquiv_eq (attempt 1)
22:35:54 sol:BookProof_SqSumFarisLavine_coreEquiv_eq: WAIT (theorem not published yet)
22:35:54 submitting sol:BookProof_SqSumFarisLavine_harmCore_symmetricOn (attempt 1)
22:35:54 sol:BookProof_SqSumFarisLavine_harmCore_symmetricOn: WAIT (theorem not published yet)
22:35:54 submitting sol:BookProof_YangMillsFriedrichsLimit_memℓp_one_div_succ (attempt 1)
22:35:54 sol:BookProof_YangMillsFriedrichsLimit_memℓp_one_div_succ: WAIT (theorem not published yet)
22:35:54 submitting sol:BookProof_SqSumFarisLavine_sqSumOp_pgLp (attempt 1)
22:35:54 sol:BookProof_SqSumFarisLavine_sqSumOp_pgLp: WAIT (theorem not published yet)
22:35:54 submitting sol:BookProof_SqSumFarisLavine_commForm_eq_im (attempt 1)
22:35:54 sol:BookProof_SqSumFarisLavine_commForm_eq_im: WAIT (theorem not published yet)
22:35:54 submitting sol:BookProof_SqSumFarisLavine_norm_sqSumOp_le (attempt 1)
22:35:54 sol:BookProof_SqSumFarisLavine_norm_sqSumOp_le: WAIT (theorem not published yet)
22:35:54 submitting sol:BookProof_SqSumFarisLavine_commForm_sqSumOp_le (attempt 1)
22:35:54 sol:BookProof_SqSumFarisLavine_commForm_sqSumOp_le: WAIT (theorem not published yet)
22:35:54 submitting sol:BookProof_HermiteBand_isBand2_fqPoly (attempt 5)
22:35:55 sol:BookProof_HermiteBand_isBand2_fqPoly: accepted, waiting on the compiler
22:35:55 submitting sol:BookProof_StrichartzWave_opL2_apply (attempt 5)
22:35:56 sol:BookProof_StrichartzWave_opL2_apply: accepted, waiting on the compiler
22:35:56 submitting sol:BookProof_WallEsaSemibounded_integral_conj_neg_deriv2_mul (attempt 5)
22:35:58 sol:BookProof_WallEsaSemibounded_integral_conj_neg_deriv2_mul: accepted, waiting on the compiler
22:35:58 submitting sol:BookProof_ScalaronWallEsa_ode_solution_eq_zero (attempt 5)
22:35:59 sol:BookProof_ScalaronWallEsa_ode_solution_eq_zero: accepted, waiting on the compiler
22:35:59 submitting sol:BookProof_ScalaronWallEsa_wallHam_weak_eq (attempt 5)
22:36:00 sol:BookProof_ScalaronWallEsa_wallHam_weak_eq: accepted, waiting on the compiler
22:36:00 submitting sol:BookProof_ScalaronWallEsa_wallHam_deficiencyTrivialAt (attempt 5)
22:36:01 sol:BookProof_ScalaronWallEsa_wallHam_deficiencyTrivialAt: accepted, waiting on the compiler
22:36:01 submitting sol:BookProof_WallEsaSemibounded_wallHamBddBelow_semibounded (attempt 5)
22:36:01 sol:BookProof_WallEsaSemibounded_wallHamBddBelow_semibounded: accepted, waiting on the compiler
22:36:01 submitting sol:BookProof_StrichartzWave_constCoeffOp_deficiencyTrivial (attempt 5)
22:36:02 sol:BookProof_StrichartzWave_constCoeffOp_deficiencyTrivial: accepted, waiting on the compiler
22:36:02 submitting sol:BookProof_WallEsaSemibounded_wallHam_nonneg_form (attempt 4)
22:36:03 sol:BookProof_WallEsaSemibounded_wallHam_nonneg_form: accepted, waiting on the compiler
22:36:04 submitting sol:BookProof_HyperbolicQuadratic_dPoly_apply (attempt 4)
22:36:04 sol:BookProof_HyperbolicQuadratic_dPoly_apply: accepted, waiting on the compiler
22:36:04 submitting sol:BookProof_HyperbolicQuadratic_deficiencyTrivialAt_of_diagonal (attempt 1)
22:36:04 sol:BookProof_HyperbolicQuadratic_deficiencyTrivialAt_of_diagonal: WAIT (theorem not published yet)
22:36:05 submitting sol:BookProof_HyperbolicQuadratic_hermiteMvLp_total (attempt 4)
22:36:06 sol:BookProof_HyperbolicQuadratic_hermiteMvLp_total: accepted, waiting on the compiler
22:36:06 submitting sol:BookProof_HyperbolicQuadratic_hermiteMv_number (attempt 4)
22:36:07 sol:BookProof_HyperbolicQuadratic_hermiteMv_number: accepted, waiting on the compiler
22:36:07 submitting sol:BookProof_HyperbolicQuadratic_pgFun_add (attempt 4)
22:36:08 sol:BookProof_HyperbolicQuadratic_pgFun_add: accepted, waiting on the compiler
22:36:08 submitting sol:BookProof_HyperbolicQuadratic_pgFun_smul (attempt 4)
22:36:09 sol:BookProof_HyperbolicQuadratic_pgFun_smul: accepted, waiting on the compiler
22:36:09 submitting sol:BookProof_HyperbolicQuadratic_pgFun_sub (attempt 4)
22:36:10 sol:BookProof_HyperbolicQuadratic_pgFun_sub: accepted, waiting on the compiler
22:36:10 submitting sol:BookProof_HyperbolicQuadratic_pgLp_hermiteMvLp (attempt 3)
22:36:11 sol:BookProof_HyperbolicQuadratic_pgLp_hermiteMvLp: accepted, waiting on the compiler
22:36:11 submitting sol:BookProof_HyperbolicQuadratic_polyGaussCore_dense_L2 (attempt 4)
22:36:12 sol:BookProof_HyperbolicQuadratic_polyGaussCore_dense_L2: accepted, waiting on the compiler
22:36:12 submitting sol:BookProof_HyperbolicQuadratic_quadSymbol_single (attempt 3)
22:36:13 sol:BookProof_HyperbolicQuadratic_quadSymbol_single: accepted, waiting on the compiler
22:36:13 submitting sol:BookProof_HyperbolicQuadratic_sec_coord (attempt 4)
22:36:14 sol:BookProof_HyperbolicQuadratic_sec_coord: accepted, waiting on the compiler
22:36:14 submitting sol:BookProof_HyperbolicQuadratic_sec_sec (attempt 3)
22:36:15 sol:BookProof_HyperbolicQuadratic_sec_sec: accepted, waiting on the compiler
22:36:15 submitting sol:BookProof_HyperbolicQuadratic_symmetricOn_of_diagonal (attempt 1)
22:36:15 sol:BookProof_HyperbolicQuadratic_symmetricOn_of_diagonal: WAIT (theorem not published yet)
22:36:15 submitting sol:BookProof_ScalaronEsa_qgScalaronMode_deficiencyTrivialAt (attempt 1)
22:36:15 sol:BookProof_ScalaronEsa_qgScalaronMode_deficiencyTrivialAt: WAIT (theorem not published yet)
22:36:15 submitting sol:BookProof_ScalaronEsa_qgScalaronMode_esa (attempt 1)
22:36:15 sol:BookProof_ScalaronEsa_qgScalaronMode_esa: WAIT (theorem not published yet)
22:36:15 submitting sol:BookProof_ScalaronEsa_qgScalaronMode_potential_ge (attempt 3)
22:36:17 sol:BookProof_ScalaronEsa_qgScalaronMode_potential_ge: accepted, waiting on the compiler
22:36:17 submitting sol:BookProof_ScalaronEsa_qgScalaronMode_symmetric (attempt 1)
22:36:17 sol:BookProof_ScalaronEsa_qgScalaronMode_symmetric: WAIT (theorem not published yet)
22:36:17 submitting sol:BookProof_ScalaronEsa_wave_add_smoothPotential_esa_of_finiteSpeed (attempt 3)
22:36:18 sol:BookProof_ScalaronEsa_wave_add_smoothPotential_esa_of_finiteSpeed: accepted, waiting on the compiler
22:36:18 submitting sol:BookProof_ScalaronEsa_wave_add_smoothTruncatedPotential_essentiallySelfAdjoint (attempt 1)
22:36:18 sol:BookProof_ScalaronEsa_wave_add_smoothTruncatedPotential_essentiallySelfAdjoint: WAIT (theorem not published yet)
22:36:18 submitting sol:BookProof_ChapterH9_krylov_bestApprox_tendsto_zero (attempt 4)
22:36:20 sol:BookProof_ChapterH9_krylov_bestApprox_tendsto_zero: accepted, waiting on the compiler
22:36:20 submitting sol:BookProof_HyperbolicQuadratic_momPoly_sq (attempt 3)
22:36:21 sol:BookProof_HyperbolicQuadratic_momPoly_sq: accepted, waiting on the compiler
22:36:21 submitting sol:BookProof_HyperbolicQuadratic_momPoly_sq_eq_dPoly (attempt 3)
22:36:22 sol:BookProof_HyperbolicQuadratic_momPoly_sq_eq_dPoly: accepted, waiting on the compiler
22:36:22 submitting sol:BookProof_HyperbolicQuadratic_deriv_pgFun_sec (attempt 3)
22:36:23 sol:BookProof_HyperbolicQuadratic_deriv_pgFun_sec: accepted, waiting on the compiler
22:36:23 submitting sol:BookProof_ScalaronEsa_integral_conj_mul_smoothPotential_sub_eq_zero (attempt 3)
22:36:24 sol:BookProof_ScalaronEsa_integral_conj_mul_smoothPotential_sub_eq_zero: accepted, waiting on the compiler
22:36:24 submitting sol:BookProof_ScalaronEsa_smoothPotential_symmetric (attempt 3)
22:36:25 sol:BookProof_ScalaronEsa_smoothPotential_symmetric: accepted, waiting on the compiler
22:36:25 submitting sol:BookProof_ScalaronEsa_qgScalaron_stone_flow (attempt 3)
22:36:26 sol:BookProof_ScalaronEsa_qgScalaron_stone_flow: accepted, waiting on the compiler
22:36:26 submitting sol:BookProof_ScalaronEsa_wave_add_scalaron_esa_of_finiteSpeed (attempt 1)
22:36:26 sol:BookProof_ScalaronEsa_wave_add_scalaron_esa_of_finiteSpeed: WAIT (theorem not published yet)
22:36:26 submitting sol:BookProof_ScalaronEsa_wave_add_scalaronTruncated_esa (attempt 1)
22:36:26 sol:BookProof_ScalaronEsa_wave_add_scalaronTruncated_esa: WAIT (theorem not published yet)
22:36:26 submitting sol:BookProof_ChapterH9_numRange_compress_orthonormal_mono (attempt 3)
22:36:27 sol:BookProof_ChapterH9_numRange_compress_orthonormal_mono: accepted, waiting on the compiler
22:36:27 submitting sol:BookProof_ChapterH9_krylov_bestApprox_antitone (attempt 3)
22:36:28 sol:BookProof_ChapterH9_krylov_bestApprox_antitone: accepted, waiting on the compiler
22:36:28 submitting sol:BookProof_HyperbolicQuadratic_oscPoly_apply (attempt 3)
22:36:29 sol:BookProof_HyperbolicQuadratic_oscPoly_apply: accepted, waiting on the compiler
22:36:29 submitting sol:BookProof_HyperbolicQuadratic_deriv2_pgFun_sec (attempt 3)
22:36:30 sol:BookProof_HyperbolicQuadratic_deriv2_pgFun_sec: accepted, waiting on the compiler
22:36:31 submitting sol:BookProof_ScalaronEsa_smoothPotential_deficiencyTrivial (attempt 3)
22:36:31 sol:BookProof_ScalaronEsa_smoothPotential_deficiencyTrivial: accepted, waiting on the compiler
22:36:31 submitting sol:BookProof_ChapterH9_sirk_numRange_krylov (attempt 1)
22:36:31 sol:BookProof_ChapterH9_sirk_numRange_krylov: WAIT (theorem not published yet)
22:36:32 submitting sol:BookProof_HyperbolicQuadratic_oscPoly_hermiteMv (attempt 3)
22:36:32 sol:BookProof_HyperbolicQuadratic_oscPoly_hermiteMv: accepted, waiting on the compiler
22:36:33 submitting sol:BookProof_HyperbolicQuadratic_oscPoly_apply_eq_differential (attempt 3)
22:36:34 sol:BookProof_HyperbolicQuadratic_oscPoly_apply_eq_differential: accepted, waiting on the compiler
22:36:34 submitting sol:BookProof_ScalaronEsa_wave_add_scalaron_symmetric (attempt 1)
22:36:34 sol:BookProof_ScalaronEsa_wave_add_scalaron_symmetric: WAIT (theorem not published yet)
22:36:34 submitting sol:BookProof_ChapterH9_spectrum_compress_subset_numRange_orthonormal (attempt 3)
22:36:35 sol:BookProof_ChapterH9_spectrum_compress_subset_numRange_orthonormal: accepted, waiting on the compiler
22:36:35 submitting sol:BookProof_ChapterH9_sirk_numRange_nested_orders (attempt 3)
22:36:37 sol:BookProof_ChapterH9_sirk_numRange_nested_orders: accepted, waiting on the compiler
22:36:37 submitting sol:BookProof_HyperbolicQuadratic_quadPoly_hermiteMv (attempt 3)
22:36:38 sol:BookProof_HyperbolicQuadratic_quadPoly_hermiteMv: accepted, waiting on the compiler
22:36:38 submitting sol:BookProof_HyperbolicQuadratic_quadPoly_apply_eq_differential (attempt 3)
22:36:39 sol:BookProof_HyperbolicQuadratic_quadPoly_apply_eq_differential: accepted, waiting on the compiler
22:36:39 thm:BookProof_NavierStokesFlow_DifferentialL2_posOp_apply_eq_mul: FAIL (publish FAILED: formal statement does not compile: line 19: Application type mismatch: The argument
  d
has type
  NSTruncation n
but is expected to h)
22:36:40 thm:BookProof_NavierStokesFlow_DifferentialL2_sec_apply: FAIL (publish FAILED: formal statement does not compile: line 19: Application type mismatch: The argument
  d
has type
  NSTruncation n
but is expected to h)
22:36:40 thm:BookProof_NavierStokesFlow_DifferentialL2_sec_self: FAIL (publish FAILED: formal statement does not compile: line 19: Application type mismatch: The argument
  d
has type
  NSTruncation n
but is expected to h)
22:36:41 thm:BookProof_NavierStokesFlow_nsDivergenceConstraint_resolution_matrix: FAIL (publish FAILED: formal statement does not compile: line 8: Unknown identifier `n`

Note: It is not possible to treat `n` as an implicitly bound variab)
22:36:41 thm:BookProof_HashimotoShiftInvert_invShiftOperator_selfAdjointCriterion: FAIL (publish FAILED: formal statement does not compile: line 14: failed to synthesize instance of type class
  Star (F →L[ℂ] F)

Hint: Type class instance )
22:36:42 thm:BookProof_NavierStokesFlow_DifferentialL2_comm_momOp_posOp: FAIL (publish FAILED: formal statement does not compile: line 22: Unknown identifier `d`

Note: It is not possible to treat `d` as an implicitly bound varia)
22:36:42 thm:BookProof_NavierStokesFlow_DifferentialL2_coreOp_coe: FAIL (publish FAILED: formal statement does not compile: line 19: Application type mismatch: The argument
  d
has type
  NSTruncation n
but is expected to h)
22:36:42 thm:BookProof_NavierStokesFlow_DifferentialL2_hasDerivAt_evalSec: FAIL (publish FAILED: formal statement does not compile: line 19: Application type mismatch: The argument
  d
has type
  NSTruncation n
but is expected to h)
22:36:43 thm:BookProof_NavierStokesFlow_DifferentialL2_norm_sq_sec: FAIL (publish FAILED: formal statement does not compile: line 19: Application type mismatch: The argument
  d
has type
  NSTruncation n
but is expected to h)
22:36:43 thm:BookProof_NavierStokesFlow_nsFlow_groupOnEvolved: FAIL (publish FAILED: formal statement does not compile: line 8: Unknown identifier `n`

Note: It is not possible to treat `n` as an implicitly bound variab)
22:37:03 submitting sol:BookProof_ScalaronEsa_scalaronFullPotential_essentiallySelfAdjoint (attempt 1)
22:37:03 sol:BookProof_ScalaronEsa_scalaronFullPotential_essentiallySelfAdjoint: WAIT (theorem not published yet)
22:37:03 submitting sol:BookProof_HyperbolicQuadratic_quadOp_hermiteMvLp (attempt 3)
22:37:04 sol:BookProof_HyperbolicQuadratic_quadOp_hermiteMvLp: accepted, waiting on the compiler
22:37:04 submitting sol:BookProof_HyperbolicQuadratic_quadOp_deficiencyTrivialAt (attempt 3)
22:37:05 sol:BookProof_HyperbolicQuadratic_quadOp_deficiencyTrivialAt: accepted, waiting on the compiler
22:37:05 submitting sol:BookProof_HyperbolicQuadratic_quadOp_not_bounded (attempt 3)
22:37:06 sol:BookProof_HyperbolicQuadratic_quadOp_not_bounded: accepted, waiting on the compiler
22:37:06 submitting sol:BookProof_HyperbolicQuadratic_quadOp_symmetric (attempt 3)
22:37:07 sol:BookProof_HyperbolicQuadratic_quadOp_symmetric: accepted, waiting on the compiler
22:37:08 submitting sol:BookProof_HyperbolicQuadratic_quadOp_essentiallySelfAdjoint (attempt 3)
22:37:09 sol:BookProof_HyperbolicQuadratic_quadOp_essentiallySelfAdjoint: accepted, waiting on the compiler
22:37:09 submitting sol:BookProof_HyperbolicQuadratic_quadOp_add_boundedPotential_essentiallySelfAdjoint (attempt 3)
22:37:10 sol:BookProof_HyperbolicQuadratic_quadOp_add_boundedPotential_essentiallySelfAdjoint: accepted, waiting on the compiler
22:37:10 submitting sol:BookProof_HyperbolicQuadratic_quadOp_add_realBoundedPotential_essentiallySelfAdjoint (attempt 3)
22:37:11 sol:BookProof_HyperbolicQuadratic_quadOp_add_realBoundedPotential_essentiallySelfAdjoint: accepted, waiting on the compiler
22:37:11 submitting sol:BookProof_HashimotoShiftInvert_IsShiftInvert_mem (attempt 1)
22:37:11 sol:BookProof_HashimotoShiftInvert_IsShiftInvert_mem: WAIT (theorem not published yet)
22:37:11 submitting sol:BookProof_HashimotoShiftInvert_IsShiftInvert_shift_apply (attempt 1)
22:37:11 sol:BookProof_HashimotoShiftInvert_IsShiftInvert_shift_apply: WAIT (theorem not published yet)
22:37:11 submitting sol:BookProof_HashimotoShiftInvert_diagCLM_norm_apply_le (attempt 3)
22:37:12 sol:BookProof_HashimotoShiftInvert_diagCLM_norm_apply_le: accepted, waiting on the compiler
22:37:12 submitting sol:BookProof_HashimotoShiftInvert_diagCLM_symmetric (attempt 3)
22:37:14 sol:BookProof_HashimotoShiftInvert_diagCLM_symmetric: accepted, waiting on the compiler
22:37:14 submitting sol:BookProof_HashimotoShiftInvert_norm_shiftMap_ge (attempt 1)
22:37:14 sol:BookProof_HashimotoShiftInvert_norm_shiftMap_ge: WAIT (theorem not published yet)
22:37:14 submitting sol:BookProof_HashimotoShiftInvert_norm_single_one (attempt 3)
22:37:15 sol:BookProof_HashimotoShiftInvert_norm_single_one: accepted, waiting on the compiler
22:37:16 sol:BookProof_WallEsaSemibounded_integral_conj_neg_deriv2_mul: FAIL (verdict CE: Compile error in your proof:
line 53: Type mismatch: After simplification, term
  hmul
 has type
  @HasDerivAt ℝ DenselyNormedField.toNont)
22:37:37 submitting sol:BookProof_HermiteProductBasis_hermiteMvLp_mem_core (attempt 1)
22:37:37 sol:BookProof_HermiteProductBasis_hermiteMvLp_mem_core: WAIT (theorem not published yet)
22:37:37 submitting sol:BookProof_HermiteProductCore_derivative_hermiteZ (attempt 1)
22:37:37 sol:BookProof_HermiteProductCore_derivative_hermiteZ: WAIT (theorem not published yet)
22:37:37 submitting sol:BookProof_HermiteProductCore_gaussInt_smul (attempt 1)
22:37:37 sol:BookProof_HermiteProductCore_gaussInt_smul: WAIT (theorem not published yet)
22:37:37 submitting sol:BookProof_HermiteProductCore_gaussMoment_succ (attempt 1)
22:37:37 sol:BookProof_HermiteProductCore_gaussMoment_succ: WAIT (theorem not published yet)
22:37:37 submitting sol:BookProof_HermiteProductCore_gaussWD_eq_sq (attempt 1)
22:37:37 sol:BookProof_HermiteProductCore_gaussWD_eq_sq: WAIT (theorem not published yet)
22:37:37 submitting sol:BookProof_KatoRellich_norm_le_of_relBound (attempt 3)
22:37:38 sol:BookProof_KatoRellich_norm_le_of_relBound: accepted, waiting on the compiler
22:37:39 sol:BookProof_StrichartzWave_opL2_apply: FAIL (verdict CE: Compile error in your proof:
line 24: Type mismatch
  rfl
has type
  ?m.62 = ?m.62
but is expected to have type
  (opL2 T) ((schwartzEquiv)
22:37:39 sol:BookProof_ScalaronWallEsa_ode_solution_eq_zero: FAIL (verdict CE: Compile error in your proof:
line 54: Type mismatch: After simplification, term
  HasDerivAt.pow (hdp x) 2
 has type
  @HasDerivAt ℝ Dense)
22:37:39 sol:BookProof_ScalaronWallEsa_wallHam_weak_eq: FAIL (verdict CE: Compile error in your proof:
line 57: Invalid field `differentiable`: The environment does not contain `And.differentiable`, so it is not )
22:38:00 submitting sol:BookProof_NavierStokesFlow_DifferentialL2_comm_momPoly_mulXPoly (attempt 1)
22:38:00 sol:BookProof_NavierStokesFlow_DifferentialL2_comm_momPoly_mulXPoly: WAIT (theorem not published yet)
22:38:00 submitting sol:BookProof_NavierStokesFlow_DifferentialL2_coreEquiv_coe (attempt 1)
22:38:00 sol:BookProof_NavierStokesFlow_DifferentialL2_coreEquiv_coe: WAIT (theorem not published yet)
22:38:00 submitting sol:BookProof_NavierStokesFlow_DifferentialL2_coreOp_coreEquiv (attempt 1)
22:38:00 sol:BookProof_NavierStokesFlow_DifferentialL2_coreOp_coreEquiv: WAIT (theorem not published yet)
22:38:00 submitting sol:BookProof_NavierStokesFlow_DifferentialL2_hasDerivAt_eval_update (attempt 1)
22:38:00 sol:BookProof_NavierStokesFlow_DifferentialL2_hasDerivAt_eval_update: WAIT (theorem not published yet)
22:38:00 submitting sol:BookProof_NavierStokesFlow_DifferentialL2_momPoly_apply (attempt 1)
22:38:00 sol:BookProof_NavierStokesFlow_DifferentialL2_momPoly_apply: WAIT (theorem not published yet)
22:38:00 submitting sol:BookProof_NavierStokesFlow_DifferentialL2_mulXPoly_apply (attempt 1)
22:38:00 sol:BookProof_NavierStokesFlow_DifferentialL2_mulXPoly_apply: WAIT (theorem not published yet)
22:38:00 submitting sol:BookProof_NavierStokesFlow_DifferentialL2_pgLp_smul (attempt 1)
22:38:00 sol:BookProof_NavierStokesFlow_DifferentialL2_pgLp_smul: WAIT (theorem not published yet)
22:38:00 submitting sol:BookProof_NavierStokesFlow_DifferentialL2_posOp_apply_eq_mul (attempt 1)
22:38:00 sol:BookProof_NavierStokesFlow_DifferentialL2_posOp_apply_eq_mul: WAIT (theorem not published yet)
22:38:00 submitting sol:BookProof_NavierStokesFlow_DifferentialL2_sec_apply (attempt 1)
22:38:00 sol:BookProof_NavierStokesFlow_DifferentialL2_sec_apply: WAIT (theorem not published yet)
22:38:00 submitting sol:BookProof_NavierStokesFlow_DifferentialL2_sec_self (attempt 1)
22:38:00 sol:BookProof_NavierStokesFlow_DifferentialL2_sec_self: WAIT (theorem not published yet)
22:38:00 submitting sol:BookProof_NavierStokesFlow_DifferentialL2_velIdx_lower (attempt 3)
22:38:03 sol:BookProof_NavierStokesFlow_DifferentialL2_velIdx_lower: accepted, waiting on the compiler
22:38:03 submitting sol:BookProof_NavierStokesFlow_DifferentialL2_velIdx_raise (attempt 3)
22:38:04 sol:BookProof_NavierStokesFlow_DifferentialL2_velIdx_raise: accepted, waiting on the compiler
22:38:04 submitting sol:BookProof_NavierStokesFlow_LagrangianNS_transformed_hamiltonian_decomposition (attempt 2)
22:38:06 sol:BookProof_NavierStokesFlow_LagrangianNS_transformed_hamiltonian_decomposition: accepted, waiting on the compiler
22:38:06 sol:BookProof_HermiteBand_isBand2_fqPoly: FAIL (verdict CE: Compile error in your proof:
line 26: Unknown identifier `fqPoly`

Note: It is not possible to treat `fqPoly` as an implicitly bound varia)
22:38:06 sol:BookProof_ScalaronWallEsa_wallHam_deficiencyTrivialAt: FAIL (verdict CE: Compile error in your proof:
line 47: Unknown identifier `exists_deriv2_of_weak_eq`
line 46: Tactic `rcases` failed: `x✝ : ?m.102` is not )
22:38:28 submitting sol:BookProof_NavierStokesFlow_farisLavine_without_symmetry_forces_trivial (attempt 2)
22:38:29 sol:BookProof_NavierStokesFlow_farisLavine_without_symmetry_forces_trivial: accepted, waiting on the compiler
22:38:29 submitting sol:BookProof_NavierStokesFlow_field_evaluates_to_value (attempt 2)
22:38:30 sol:BookProof_NavierStokesFlow_field_evaluates_to_value: accepted, waiting on the compiler
22:38:31 sol:BookProof_WallEsaSemibounded_wallHamBddBelow_semibounded: FAIL (verdict CE: Compile error in your proof:
line 32: Unknown identifier `wallHam`

Note: It is not possible to treat `wallHam` as an implicitly bound var)
22:38:53 submitting sol:BookProof_NavierStokesFlow_hasZeroDeficiencyOn_top_of_symmetric (attempt 2)
22:38:54 sol:BookProof_NavierStokesFlow_hasZeroDeficiencyOn_top_of_symmetric: accepted, waiting on the compiler
22:38:55 sol:BookProof_WallEsaSemibounded_wallHam_nonneg_form: FAIL (verdict CE: Compile error in your proof:
line 30: Unknown identifier `wallHam`

Note: It is not possible to treat `wallHam` as an implicitly bound var)
22:38:55 sol:BookProof_HyperbolicQuadratic_dPoly_apply: FAIL (verdict CE: Compile error in your proof:
line 21: Unknown identifier `d`

Note: It is not possible to treat `d` as an implicitly bound variable here b)
22:38:55 sol:BookProof_HyperbolicQuadratic_hermiteMvLp_total: FAIL (verdict CE: Compile error in your proof:
line 22: Unknown identifier `d`

Note: It is not possible to treat `d` as an implicitly bound variable here b)
22:39:16 submitting sol:BookProof_NavierStokesFlow_nsAdvection_hermitian (attempt 2)
22:39:17 sol:BookProof_NavierStokesFlow_nsAdvection_hermitian: accepted, waiting on the compiler
22:39:17 submitting sol:BookProof_NavierStokesFlow_nsBrst_adjoint (attempt 2)
22:39:18 sol:BookProof_NavierStokesFlow_nsBrst_adjoint: accepted, waiting on the compiler
22:39:18 submitting sol:BookProof_NavierStokesFlow_nsBrst_nilpotent (attempt 2)
22:39:19 sol:BookProof_NavierStokesFlow_nsBrst_nilpotent: accepted, waiting on the compiler
22:39:20 sol:BookProof_StrichartzWave_constCoeffOp_deficiencyTrivial: FAIL (verdict CE: Compile error in your proof:
line 47: Type mismatch: After simplification, term
  HasCompactSupport.comp_left hχc (of_eq_true (eq_self 0)))
22:39:20 sol:BookProof_HyperbolicQuadratic_hermiteMv_number: FAIL (verdict CE: Compile error in your proof:
line 24: Unknown identifier `d`

Note: It is not possible to treat `d` as an implicitly bound variable here b)
22:39:21 sol:BookProof_HyperbolicQuadratic_pgFun_sub: FAIL (verdict CE: Compile error in your proof:
line 21: Unknown identifier `d`

Note: It is not possible to treat `d` as an implicitly bound variable here b)
22:39:44 submitting sol:BookProof_NavierStokesFlow_nsDivergenceConstraint_resolution_matrix (attempt 1)
22:39:44 sol:BookProof_NavierStokesFlow_nsDivergenceConstraint_resolution_matrix: WAIT (theorem not published yet)
22:39:44 submitting sol:BookProof_NavierStokesFlow_nsFlow_group (attempt 2)
22:39:45 sol:BookProof_NavierStokesFlow_nsFlow_group: accepted, waiting on the compiler
22:39:45 submitting sol:BookProof_NavierStokesFlow_nsFlow_zero (attempt 2)
22:39:46 sol:BookProof_NavierStokesFlow_nsFlow_zero: accepted, waiting on the compiler
22:39:46 submitting sol:BookProof_NavierStokesFlow_nsHamiltonian_isPolynomial (attempt 2)
22:39:47 sol:BookProof_NavierStokesFlow_nsHamiltonian_isPolynomial: accepted, waiting on the compiler
22:40:13 sol:BookProof_HyperbolicQuadratic_pgFun_add: FAIL (verdict CE: Compile error in your proof:
line 21: Unknown identifier `d`

Note: It is not possible to treat `d` as an implicitly bound variable here b)
22:40:13 sol:BookProof_HyperbolicQuadratic_pgFun_smul: FAIL (verdict CE: Compile error in your proof:
line 21: Unknown identifier `d`

Note: It is not possible to treat `d` as an implicitly bound variable here b)
22:40:14 sol:BookProof_HyperbolicQuadratic_quadSymbol_single: FAIL (verdict CE: Compile error in your proof:
line 21: Unknown identifier `d`

Note: It is not possible to treat `d` as an implicitly bound variable here b)
22:40:15 sol:BookProof_HyperbolicQuadratic_sec_coord: FAIL (verdict CE: Compile error in your proof:
line 21: Unknown identifier `d`

Note: It is not possible to treat `d` as an implicitly bound variable here b)
22:40:15 sol:BookProof_HyperbolicQuadratic_sec_sec: FAIL (verdict CE: Compile error in your proof:
line 21: Unknown identifier `d`

Note: It is not possible to treat `d` as an implicitly bound variable here b)
22:40:15 sol:BookProof_ScalaronEsa_qgScalaronMode_potential_ge: FAIL (verdict CE: Compile error in your proof:
line 31: Unknown identifier `alpha`

Note: It is not possible to treat `alpha` as an implicitly bound variabl)
22:40:35 submitting sol:BookProof_NavierStokesFlow_nsNumberOp_eq_secondQuant (attempt 2)
22:40:37 sol:BookProof_NavierStokesFlow_nsNumberOp_eq_secondQuant: accepted, waiting on the compiler
22:40:37 submitting sol:BookProof_NavierStokesFlow_nsNumberOp_posSemidef (attempt 2)
22:40:38 sol:BookProof_NavierStokesFlow_nsNumberOp_posSemidef: accepted, waiting on the compiler
22:40:38 submitting sol:BookProof_NavierStokesFlow_ns_esa_of_farisLavine (attempt 2)
22:40:39 sol:BookProof_NavierStokesFlow_ns_esa_of_farisLavine: accepted, waiting on the compiler
22:40:39 submitting sol:BookProof_NavierStokesFlow_ns_esa_of_farisLavine_dense (attempt 2)
22:40:40 sol:BookProof_NavierStokesFlow_ns_esa_of_farisLavine_dense: accepted, waiting on the compiler
22:40:40 submitting sol:BookProof_NavierStokesFlow_ns_outer_degree_le_two (attempt 2)
22:40:42 sol:BookProof_NavierStokesFlow_ns_outer_degree_le_two: accepted, waiting on the compiler
22:40:42 submitting sol:BookProof_NavierStokesFlow_restrictToTop_apply (attempt 2)
22:40:43 sol:BookProof_NavierStokesFlow_restrictToTop_apply: accepted, waiting on the compiler
22:40:43 sol:BookProof_HyperbolicQuadratic_pgLp_hermiteMvLp: FAIL (verdict CE: Compile error in your proof:
line 21: Unknown identifier `d`

Note: It is not possible to treat `d` as an implicitly bound variable here b)
22:40:43 sol:BookProof_HyperbolicQuadratic_polyGaussCore_dense_L2: FAIL (verdict CE: Compile error in your proof:
line 22: Unknown identifier `d`

Note: It is not possible to treat `d` as an implicitly bound variable here b)
22:40:44 sol:BookProof_ScalaronEsa_wave_add_smoothPotential_esa_of_finiteSpeed: FAIL (verdict CE: Compile error in your proof:
line 33: Unknown identifier `strichartz_esa_of_finiteSpeed`)
22:40:44 sol:BookProof_ChapterH9_krylov_bestApprox_tendsto_zero: FAIL (verdict CE: Compile error in your proof:
line 36: Unknown identifier `krylovSpan_mono`
line 42: Unknown identifier `krylovSpan_mono`)
22:40:45 sol:BookProof_HyperbolicQuadratic_momPoly_sq_eq_dPoly: FAIL (verdict FAILED: unknown import: Theorems.Thm_BookProof_HyperbolicQuadratic_momPoly_apply'. No such theorem exists in this Lean environment (mathlib 0d)
22:41:05 submitting sol:BookProof_NavierStokesFlow_symmetric_hasZeroDeficiency (attempt 2)
22:41:06 sol:BookProof_NavierStokesFlow_symmetric_hasZeroDeficiency: accepted, waiting on the compiler
22:41:06 submitting sol:BookProof_HashimotoShiftInvert_IsShiftInvert_dom_eq_range (attempt 1)
22:41:06 sol:BookProof_HashimotoShiftInvert_IsShiftInvert_dom_eq_range: WAIT (theorem not published yet)
22:41:06 submitting sol:BookProof_HashimotoShiftInvert_IsShiftInvert_apply_eq (attempt 1)
22:41:06 sol:BookProof_HashimotoShiftInvert_IsShiftInvert_apply_eq: WAIT (theorem not published yet)
22:41:06 submitting sol:BookProof_HashimotoShiftInvert_IsShiftInvert_injective (attempt 1)
22:41:06 sol:BookProof_HashimotoShiftInvert_IsShiftInvert_injective: WAIT (theorem not published yet)
22:41:07 submitting sol:BookProof_HashimotoShiftInvert_IsShiftInvert_inner_nonneg (attempt 1)
22:41:07 sol:BookProof_HashimotoShiftInvert_IsShiftInvert_inner_nonneg: WAIT (theorem not published yet)
22:41:07 submitting sol:BookProof_HashimotoShiftInvert_IsShiftInvert_isSelfAdjoint (attempt 1)
22:41:07 sol:BookProof_HashimotoShiftInvert_IsShiftInvert_isSelfAdjoint: WAIT (theorem not published yet)
22:41:07 submitting sol:BookProof_HashimotoShiftInvert_galerkinCompression_shiftInvert_tendsto (attempt 1)
22:41:07 sol:BookProof_HashimotoShiftInvert_galerkinCompression_shiftInvert_tendsto: WAIT (theorem not published yet)
22:41:07 submitting sol:BookProof_HashimotoShiftInvert_isShiftInvert_unique (attempt 1)
22:41:07 sol:BookProof_HashimotoShiftInvert_isShiftInvert_unique: WAIT (theorem not published yet)
22:41:07 submitting sol:BookProof_HashimotoShiftInvert_IsShiftInvert_norm_apply_le (attempt 1)
22:41:07 sol:BookProof_HashimotoShiftInvert_IsShiftInvert_norm_apply_le: WAIT (theorem not published yet)
22:41:07 submitting sol:BookProof_HashimotoShiftInvert_shiftMap_injective (attempt 1)
22:41:07 sol:BookProof_HashimotoShiftInvert_shiftMap_injective: WAIT (theorem not published yet)
22:41:07 submitting sol:BookProof_HashimotoShiftInvert_shiftRange_isClosed (attempt 1)
22:41:07 sol:BookProof_HashimotoShiftInvert_shiftRange_isClosed: WAIT (theorem not published yet)
22:41:07 submitting sol:BookProof_HashimotoShiftInvert_ell2ExampleMatrix_unbounded (attempt 1)
22:41:07 sol:BookProof_HashimotoShiftInvert_ell2ExampleMatrix_unbounded: WAIT (theorem not published yet)
22:41:07 submitting sol:BookProof_HashimotoShiftInvert_invShiftOperator_selfAdjointCriterion (attempt 1)
22:41:07 sol:BookProof_HashimotoShiftInvert_invShiftOperator_selfAdjointCriterion: WAIT (theorem not published yet)
22:41:07 submitting sol:BookProof_HashimotoShiftInvert_isShiftInvert_invShiftOperator (attempt 2)
22:41:08 sol:BookProof_HashimotoShiftInvert_isShiftInvert_invShiftOperator: accepted, waiting on the compiler
22:41:08 submitting sol:BookProof_HashimotoShiftInvert_shiftRange_orthogonal_eq_bot (attempt 1)
22:41:08 sol:BookProof_HashimotoShiftInvert_shiftRange_orthogonal_eq_bot: WAIT (theorem not published yet)
22:41:08 submitting sol:BookProof_HashimotoShiftInvert_ell2ShiftInvert_eq_sq (attempt 2)
22:41:09 sol:BookProof_HashimotoShiftInvert_ell2ShiftInvert_eq_sq: accepted, waiting on the compiler
22:41:09 submitting sol:BookProof_NavierStokesFlow_DifferentialL2_comm_momOp_posOp (attempt 1)
22:41:09 sol:BookProof_NavierStokesFlow_DifferentialL2_comm_momOp_posOp: WAIT (theorem not published yet)
22:41:09 submitting sol:BookProof_NavierStokesFlow_DifferentialL2_coreOp_coe (attempt 1)
22:41:09 sol:BookProof_NavierStokesFlow_DifferentialL2_coreOp_coe: WAIT (theorem not published yet)
22:41:09 submitting sol:BookProof_NavierStokesFlow_DifferentialL2_momOp_eq_ladder (attempt 2)
22:41:10 sol:BookProof_NavierStokesFlow_DifferentialL2_momOp_eq_ladder: accepted, waiting on the compiler
22:41:11 submitting sol:BookProof_NavierStokesFlow_DifferentialL2_posOp_eq_ladder (attempt 2)
22:41:11 sol:BookProof_NavierStokesFlow_DifferentialL2_posOp_eq_ladder: accepted, waiting on the compiler
22:41:12 sol:BookProof_HyperbolicQuadratic_momPoly_sq: FAIL (verdict FAILED: unknown import: Theorems.Thm_BookProof_HyperbolicQuadratic_momPoly_apply'. No such theorem exists in this Lean environment (mathlib 0d)
22:41:12 sol:BookProof_HyperbolicQuadratic_deriv_pgFun_sec: FAIL (verdict CE: Compile error in your proof:
line 23: Unknown identifier `d`

Note: It is not possible to treat `d` as an implicitly bound variable here b)
22:41:13 sol:BookProof_ScalaronEsa_qgScalaron_stone_flow: FAIL (verdict FAILED: unknown import: Theorems.Thm_BookProof_ScalaronEsa_qgScalaronMode_symmetric. No such theorem exists in this Lean environment (mathlib )
22:41:13 sol:BookProof_ChapterH9_numRange_compress_orthonormal_mono: FAIL (verdict CE: Compile error in your proof:
line 35: Unknown identifier `orthonormalEmbedding_nested`)
22:41:33 submitting sol:BookProof_NavierStokesFlow_DifferentialL2_ann_coreState (attempt 2)
22:41:35 sol:BookProof_NavierStokesFlow_DifferentialL2_ann_coreState: accepted, waiting on the compiler
22:41:35 submitting sol:BookProof_NavierStokesFlow_DifferentialL2_cre_coreState (attempt 2)
22:41:36 sol:BookProof_NavierStokesFlow_DifferentialL2_cre_coreState: accepted, waiting on the compiler
22:41:36 submitting sol:BookProof_NavierStokesFlow_DifferentialL2_embedCore_coreState (attempt 2)
22:41:37 sol:BookProof_NavierStokesFlow_DifferentialL2_embedCore_coreState: accepted, waiting on the compiler
22:41:37 submitting sol:BookProof_NavierStokesFlow_DifferentialL2_hasDerivAt_evalSec (attempt 1)
22:41:37 sol:BookProof_NavierStokesFlow_DifferentialL2_hasDerivAt_evalSec: WAIT (theorem not published yet)
22:41:37 submitting sol:BookProof_NavierStokesFlow_DifferentialL2_norm_sq_sec (attempt 1)
22:41:37 sol:BookProof_NavierStokesFlow_DifferentialL2_norm_sq_sec: WAIT (theorem not published yet)
22:41:38 submitting sol:BookProof_NavierStokesFlow_LagrangianNS_kinetic_posSemidef (attempt 2)
22:41:39 sol:BookProof_NavierStokesFlow_LagrangianNS_kinetic_posSemidef: accepted, waiting on the compiler
22:41:39 sol:BookProof_ScalaronEsa_integral_conj_mul_smoothPotential_sub_eq_zero: FAIL (verdict CE: Compile error in your proof:
line 46: Unknown identifier `mulCc_apply`
line 44: unsolved goals
E : Type u_1
inst✝⁴ : NormedAddCommGroup E
)
22:41:40 sol:BookProof_ChapterH9_krylov_bestApprox_antitone: FAIL (verdict CE: Compile error in your proof:
line 29: Unknown identifier `krylovSpan_mono`)
22:42:01 submitting sol:BookProof_NavierStokesFlow_LagrangianNS_viscous_posSemidef (attempt 1)
22:42:01 sol:BookProof_NavierStokesFlow_LagrangianNS_viscous_posSemidef: WAIT (theorem not published yet)
22:42:01 submitting sol:BookProof_NavierStokesFlow_field_evaluates_to_value_diagonal (attempt 2)
22:42:02 sol:BookProof_NavierStokesFlow_field_evaluates_to_value_diagonal: accepted, waiting on the compiler
22:42:02 submitting sol:BookProof_NavierStokesFlow_nsHamiltonian_hermitian (attempt 2)
22:42:03 sol:BookProof_NavierStokesFlow_nsHamiltonian_hermitian: accepted, waiting on the compiler
22:42:04 sol:BookProof_ScalaronEsa_smoothPotential_symmetric: FAIL (verdict CE: Compile error in your proof:
line 44: Unknown identifier `mulCc_apply`
line 44: `simp` made no progress)
22:42:04 sol:BookProof_HyperbolicQuadratic_deriv2_pgFun_sec: FAIL (verdict CE: Compile error in your proof:
line 22: Unknown identifier `d`

Note: It is not possible to treat `d` as an implicitly bound variable here b)
22:42:05 sol:BookProof_HyperbolicQuadratic_oscPoly_hermiteMv: FAIL (verdict CE: Compile error in your proof:
line 23: Unknown identifier `d`

Note: It is not possible to treat `d` as an implicitly bound variable here b)
22:42:05 sol:BookProof_HyperbolicQuadratic_oscPoly_apply_eq_differential: FAIL (verdict CE: Compile error in your proof:
line 25: Unknown identifier `d`

Note: It is not possible to treat `d` as an implicitly bound variable here b)
22:42:06 sol:BookProof_ChapterH9_spectrum_compress_subset_numRange_orthonormal: FAIL (verdict CE: Compile error in your proof:
line 41: Unknown identifier `orthonormalEmbedding_nested`)
22:42:27 submitting sol:BookProof_NavierStokesFlow_nsFlow_groupOnEvolved (attempt 1)
22:42:27 sol:BookProof_NavierStokesFlow_nsFlow_groupOnEvolved: WAIT (theorem not published yet)
22:42:27 submitting sol:BookProof_NavierStokesFlow_farisLavine_holds_of_everywhereDefined (attempt 1)
22:42:27 sol:BookProof_NavierStokesFlow_farisLavine_holds_of_everywhereDefined: WAIT (theorem not published yet)
22:42:27 submitting sol:BookProof_HashimotoShiftInvert_shiftInvert_determines (attempt 1)
22:42:27 sol:BookProof_HashimotoShiftInvert_shiftInvert_determines: WAIT (theorem not published yet)
22:42:27 submitting sol:BookProof_HashimotoShiftInvert_galerkinResolvent_shiftInvert_tendsto (attempt 1)
22:42:27 sol:BookProof_HashimotoShiftInvert_galerkinResolvent_shiftInvert_tendsto: WAIT (theorem not published yet)
22:42:27 submitting sol:BookProof_HashimotoShiftInvert_IsShiftInvert_opNorm_le (attempt 1)
22:42:27 sol:BookProof_HashimotoShiftInvert_IsShiftInvert_opNorm_le: WAIT (theorem not published yet)
22:42:27 submitting sol:BookProof_HashimotoShiftInvert_exists_isShiftInvert (attempt 1)
22:42:27 sol:BookProof_HashimotoShiftInvert_exists_isShiftInvert: WAIT (theorem not published yet)
22:42:27 submitting sol:BookProof_HashimotoShiftInvert_invShiftOperator_isPositiveSelfAdjointExtension (attempt 1)
22:42:27 sol:BookProof_HashimotoShiftInvert_invShiftOperator_isPositiveSelfAdjointExtension: WAIT (theorem not published yet)
22:42:27 submitting sol:BookProof_HashimotoShiftInvert_ell2UnboundedExample_isShiftInvert (attempt 2)
22:42:28 sol:BookProof_HashimotoShiftInvert_ell2UnboundedExample_isShiftInvert: accepted, waiting on the compiler
22:42:28 submitting sol:BookProof_HashimotoShiftInvert_shiftMap_surjective (attempt 1)
22:42:28 sol:BookProof_HashimotoShiftInvert_shiftMap_surjective: WAIT (theorem not published yet)
22:42:28 submitting sol:BookProof_HashimotoShiftInvert_ell2ShiftInvert_le_one (attempt 2)
22:42:29 sol:BookProof_HashimotoShiftInvert_ell2ShiftInvert_le_one: accepted, waiting on the compiler
22:42:29 submitting sol:BookProof_KatoRellich_essentiallySelfAdjointOn_add_relBounded (attempt 2)
22:42:30 sol:BookProof_KatoRellich_essentiallySelfAdjointOn_add_relBounded: accepted, waiting on the compiler
22:42:30 submitting sol:BookProof_NavierStokesFlow_DifferentialL2_momOp_coe_eq_differential (attempt 1)
22:42:30 sol:BookProof_NavierStokesFlow_DifferentialL2_momOp_coe_eq_differential: WAIT (theorem not published yet)
22:42:31 submitting sol:BookProof_NavierStokesFlow_DifferentialL2_intertwine_ann (attempt 2)
22:42:32 sol:BookProof_NavierStokesFlow_DifferentialL2_intertwine_ann: accepted, waiting on the compiler
22:42:32 submitting sol:BookProof_NavierStokesFlow_DifferentialL2_intertwine_cre (attempt 2)
22:42:33 sol:BookProof_NavierStokesFlow_DifferentialL2_intertwine_cre: accepted, waiting on the compiler
22:42:33 sol:BookProof_HyperbolicQuadratic_oscPoly_apply: FAIL (verdict CE: Compile error in your proof:
line 22: Unknown identifier `d`

Note: It is not possible to treat `d` as an implicitly bound variable here b)
22:42:34 sol:BookProof_ChapterH9_sirk_numRange_nested_orders: FAIL (verdict CE: Compile error in your proof:
line 48: Unknown identifier `orthonormalEmbedding_nested`)
22:42:35 sol:BookProof_HyperbolicQuadratic_quadOp_deficiencyTrivialAt: FAIL (verdict FAILED: unknown import: Theorems.Thm_BookProof_HyperbolicQuadratic_deficiencyTrivialAt_of_diagonal. No such theorem exists in this Lean enviro)
22:42:36 sol:BookProof_HyperbolicQuadratic_quadOp_symmetric: FAIL (verdict FAILED: unknown import: Theorems.Thm_BookProof_HyperbolicQuadratic_symmetricOn_of_diagonal. No such theorem exists in this Lean environment (m)
22:42:56 submitting sol:BookProof_NavierStokesFlow_DifferentialL2_hasDerivAt_gaussD_sec (attempt 1)
22:42:56 sol:BookProof_NavierStokesFlow_DifferentialL2_hasDerivAt_gaussD_sec: WAIT (theorem not published yet)
22:42:56 submitting sol:BookProof_NavierStokesFlow_LagrangianNS_transformed_hamiltonian_hermitian (attempt 1)
22:42:56 sol:BookProof_NavierStokesFlow_LagrangianNS_transformed_hamiltonian_hermitian: WAIT (theorem not published yet)
22:42:56 submitting sol:BookProof_NavierStokesFlow_nsFlow_unitary (attempt 1)
22:42:56 sol:BookProof_NavierStokesFlow_nsFlow_unitary: WAIT (theorem not published yet)
22:42:56 submitting sol:BookProof_NavierStokesFlow_nsHamiltonian_hasZeroDeficiency (attempt 1)
22:42:56 sol:BookProof_NavierStokesFlow_nsHamiltonian_hasZeroDeficiency: WAIT (theorem not published yet)
22:42:56 submitting sol:BookProof_NavierStokesFlow_nsHamiltonian_hasZeroDeficiencyOn (attempt 1)
22:42:56 sol:BookProof_NavierStokesFlow_nsHamiltonian_hasZeroDeficiencyOn: WAIT (theorem not published yet)
22:42:56 submitting sol:BookProof_FriedrichsExtension_FormDom_friedrichsResolvent_shift (attempt 1)
22:42:56 sol:BookProof_FriedrichsExtension_FormDom_friedrichsResolvent_shift: WAIT (theorem not published yet)
22:42:56 submitting sol:BookProof_HashimotoShiftInvert_hashimoto_shiftInvert_selects_friedrichs (attempt 1)
22:42:56 sol:BookProof_HashimotoShiftInvert_hashimoto_shiftInvert_selects_friedrichs: WAIT (theorem not published yet)
22:42:56 submitting sol:BookProof_HashimotoShiftInvert_ell2Example_isPositiveSelfAdjointExtension (attempt 2)
22:42:58 sol:BookProof_HashimotoShiftInvert_ell2Example_isPositiveSelfAdjointExtension: accepted, waiting on the compiler
22:42:58 submitting sol:BookProof_NavierStokesFlow_DifferentialL2_hasDerivAt_pgFun_sec (attempt 1)
22:42:58 sol:BookProof_NavierStokesFlow_DifferentialL2_hasDerivAt_pgFun_sec: WAIT (theorem not published yet)
22:42:58 submitting sol:BookProof_NavierStokesFlow_nsFlow_norm_preserving (attempt 1)
22:42:58 sol:BookProof_NavierStokesFlow_nsFlow_norm_preserving: WAIT (theorem not published yet)
22:42:58 submitting sol:BookProof_FriedrichsExtension_FormDom_dom_le_range (attempt 1)
22:42:58 sol:BookProof_FriedrichsExtension_FormDom_dom_le_range: WAIT (theorem not published yet)
22:42:58 submitting sol:BookProof_HashimotoShiftInvert_hashimoto_shiftInvert_unbounded_example (attempt 1)
22:42:58 sol:BookProof_HashimotoShiftInvert_hashimoto_shiftInvert_unbounded_example: WAIT (theorem not published yet)
22:42:58 submitting sol:BookProof_HermiteProductCore_hermiteMv_X_mul (attempt 1)
22:42:58 sol:BookProof_HermiteProductCore_hermiteMv_X_mul: WAIT (theorem not published yet)
22:42:58 submitting sol:BookProof_HermiteProductCore_gaussInt_sum (attempt 1)
22:42:58 sol:BookProof_HermiteProductCore_gaussInt_sum: WAIT (theorem not published yet)
22:42:58 submitting sol:BookProof_NavierStokesFlow_DifferentialL2_momOp_apply_eq_differential (attempt 1)
22:42:58 sol:BookProof_NavierStokesFlow_DifferentialL2_momOp_apply_eq_differential: WAIT (theorem not published yet)
22:42:58 submitting sol:BookProof_NavierStokesFlow_nsFlow_noBlowup (attempt 1)
22:42:58 sol:BookProof_NavierStokesFlow_nsFlow_noBlowup: WAIT (theorem not published yet)
22:42:58 submitting sol:BookProof_FriedrichsExtension_friedrichs_extension_exists (attempt 2)
22:42:59 sol:BookProof_FriedrichsExtension_friedrichs_extension_exists: accepted, waiting on the compiler
22:42:59 submitting sol:BookProof_HermiteProductCore_mul_X_mem_span_hermiteMv (attempt 1)
22:42:59 sol:BookProof_HermiteProductCore_mul_X_mem_span_hermiteMv: WAIT (theorem not published yet)
22:42:59 submitting sol:BookProof_HermiteProductCore_gaussInt_pderiv (attempt 1)
22:42:59 sol:BookProof_HermiteProductCore_gaussInt_pderiv: WAIT (theorem not published yet)
22:42:59 submitting sol:BookProof_NavierStokesFlow_DifferentialL2_intertwined_fieldV (attempt 1)
22:42:59 sol:BookProof_NavierStokesFlow_DifferentialL2_intertwined_fieldV: WAIT (theorem not published yet)
22:42:59 submitting sol:BookProof_FriedrichsExtension_friedrichs_hashimoto_selects (attempt 1)
22:42:59 sol:BookProof_FriedrichsExtension_friedrichs_hashimoto_selects: WAIT (theorem not published yet)
22:42:59 submitting sol:BookProof_FriedrichsExtension_unbounded_friedrichs_example (attempt 1)
22:42:59 sol:BookProof_FriedrichsExtension_unbounded_friedrichs_example: WAIT (theorem not published yet)
22:42:59 submitting sol:BookProof_FriedrichsExtension_weyl_friedrichs_extension_unconditional (attempt 2)
22:43:00 sol:BookProof_FriedrichsExtension_weyl_friedrichs_extension_unconditional: accepted, waiting on the compiler
22:43:00 submitting sol:BookProof_HermiteProductCore_span_hermiteMv (attempt 1)
22:43:00 sol:BookProof_HermiteProductCore_span_hermiteMv: WAIT (theorem not published yet)
22:43:00 submitting sol:BookProof_NavierStokesFlow_DifferentialL2_intertwined_canH (attempt 1)
22:43:00 sol:BookProof_NavierStokesFlow_DifferentialL2_intertwined_canH: WAIT (theorem not published yet)
22:43:00 submitting sol:BookProof_FriedrichsExtension_weyl_hashimoto_selects_friedrichs (attempt 1)
22:43:00 sol:BookProof_FriedrichsExtension_weyl_hashimoto_selects_friedrichs: WAIT (theorem not published yet)
22:43:00 submitting sol:BookProof_HermiteProductCore_polyGaussCore_eq_hermiteSpan (attempt 1)
22:43:00 sol:BookProof_HermiteProductCore_polyGaussCore_eq_hermiteSpan: WAIT (theorem not published yet)
22:43:00 submitting sol:BookProof_NavierStokesFlow_DifferentialL2_nsDiffH_essentiallySelfAdjointOn_core (attempt 1)
22:43:00 sol:BookProof_NavierStokesFlow_DifferentialL2_nsDiffH_essentiallySelfAdjointOn_core: WAIT (theorem not published yet)
22:43:00 submitting sol:BookProof_NavierStokesFlow_DifferentialL2_nsDiffH_not_bounded (attempt 1)
22:43:00 sol:BookProof_NavierStokesFlow_DifferentialL2_nsDiffH_not_bounded: WAIT (theorem not published yet)
22:43:00 submitting sol:BookProof_NavierStokesFlow_DifferentialL2_nsQuadraticDiffH_essentiallySelfAdjointOn_core (attempt 2)
22:43:01 sol:BookProof_NavierStokesFlow_DifferentialL2_nsQuadraticDiffH_essentiallySelfAdjointOn_core: accepted, waiting on the compiler
22:43:02 sol:BookProof_ScalaronEsa_smoothPotential_deficiencyTrivial: FAIL (verdict CE: Compile error in your proof:
line 51: Type mismatch: After simplification, term
  HasCompactSupport.comp_left hχc (of_eq_true (eq_self 0)))
22:43:02 sol:BookProof_HyperbolicQuadratic_quadPoly_hermiteMv: FAIL (verdict CE: Compile error in your proof:
line 22: Unknown identifier `d`

Note: It is not possible to treat `d` as an implicitly bound variable here b)
22:43:03 sol:BookProof_HyperbolicQuadratic_quadOp_not_bounded: FAIL (verdict FAILED: unknown import: Theorems.Thm_BookProof_HermiteProductBasis_hermiteMvLp_mem_core. No such theorem exists in this Lean environment (math)
22:43:23 submitting sol:BookProof_BddBelowFiberSumEsa_dsOp_semibounded (attempt 1)
22:43:23 sol:BookProof_BddBelowFiberSumEsa_dsOp_semibounded: WAIT (theorem not published yet)
22:43:23 submitting sol:BookProof_BddBelowFiberSumEsa_fiberCore_dense (attempt 2)
22:43:24 sol:BookProof_BddBelowFiberSumEsa_fiberCore_dense: accepted, waiting on the compiler
22:43:24 submitting sol:BookProof_BddBelowFiberSumEsa_fiberSumHam_essentiallySelfAdjoint_of_bddBelow (attempt 2)
22:43:25 sol:BookProof_BddBelowFiberSumEsa_fiberSumHam_essentiallySelfAdjoint_of_bddBelow: accepted, waiting on the compiler
22:43:25 submitting sol:BookProof_BddBelowFiberSumEsa_fiberSumHam_single (attempt 1)
22:43:25 sol:BookProof_BddBelowFiberSumEsa_fiberSumHam_single: WAIT (theorem not published yet)
22:43:25 submitting sol:BookProof_BddBelowFiberSumEsa_fiberSumHam_symmetricOn (attempt 2)
22:43:26 sol:BookProof_BddBelowFiberSumEsa_fiberSumHam_symmetricOn: accepted, waiting on the compiler
22:43:27 sol:BookProof_HyperbolicQuadratic_quadOp_hermiteMvLp: FAIL (verdict CE: Compile error in your proof:
line 23: Unknown identifier `d`

Note: It is not possible to treat `d` as an implicitly bound variable here b)
22:43:28 sol:BookProof_HyperbolicQuadratic_quadOp_add_boundedPotential_essentiallySelfAdjoint: FAIL (verdict CE: Compile error in your proof:
line 24: Unknown identifier `d`

Note: It is not possible to treat `d` as an implicitly bound variable here b)
22:43:48 submitting sol:BookProof_BddBelowFiberSumEsa_qgFiberV_nonneg (attempt 2)
22:43:49 sol:BookProof_BddBelowFiberSumEsa_qgFiberV_nonneg: accepted, waiting on the compiler
22:43:49 submitting sol:BookProof_ScalaronEdge_scalV_nonneg (attempt 2)
22:43:50 sol:BookProof_ScalaronEdge_scalV_nonneg: accepted, waiting on the compiler
22:43:51 sol:BookProof_HyperbolicQuadratic_quadPoly_apply_eq_differential: FAIL (verdict CE: Compile error in your proof:
line 24: Unknown identifier `d`

Note: It is not possible to treat `d` as an implicitly bound variable here b)
22:43:53 sol:BookProof_HashimotoShiftInvert_diagCLM_symmetric: FAIL (verdict CE: Compile error in your proof:
line 19: unexpected token '²'; expected ')')
22:43:53 sol:BookProof_HashimotoShiftInvert_norm_single_one: FAIL (verdict CE: Compile error in your proof:
line 19: unexpected token '²'; expected ')')
22:44:15 submitting sol:BookProof_ScalaronEdge_starobinskyEdgeHam_symmetricOn (attempt 2)
22:44:16 sol:BookProof_ScalaronEdge_starobinskyEdgeHam_symmetricOn: accepted, waiting on the compiler
22:44:16 submitting sol:BookProof_ScalaronEdge_starobinskyEdge_inner_eq (attempt 2)
22:44:17 sol:BookProof_ScalaronEdge_starobinskyEdge_inner_eq: accepted, waiting on the compiler
22:44:17 submitting sol:BookProof_ScalaronEdge_starobinskyEdge_self_inner (attempt 2)
22:44:18 sol:BookProof_ScalaronEdge_starobinskyEdge_self_inner: accepted, waiting on the compiler
22:44:18 sol:BookProof_HyperbolicQuadratic_quadOp_essentiallySelfAdjoint: FAIL (verdict CE: Compile error in your proof:
line 22: Unknown identifier `d`

Note: It is not possible to treat `d` as an implicitly bound variable here b)
22:44:18 sol:BookProof_HyperbolicQuadratic_quadOp_add_realBoundedPotential_essentiallySelfAdjoint: FAIL (verdict CE: Compile error in your proof:
line 23: Unknown identifier `d`

Note: It is not possible to treat `d` as an implicitly bound variable here b)
22:44:19 sol:BookProof_NavierStokesFlow_DifferentialL2_velIdx_lower: FAIL (verdict CE: Compile error in your proof:
line 25: unsolved goals
case pos
b : Vel
j : Fin 3
⊢ (velIdx (lower j b)) j = (velIdx b) j - 1
line 26: unsol)
22:44:42 submitting sol:BookProof_BddBelowFiberSumEsa_fiberSumHam_semibounded (attempt 2)
22:44:43 sol:BookProof_BddBelowFiberSumEsa_fiberSumHam_semibounded: accepted, waiting on the compiler
22:44:43 submitting sol:BookProof_BddBelowFiberSumEsa_fiberSumHam_essentiallySelfAdjoint_of_bddBelow' (attempt 1)
22:44:43 sol:BookProof_BddBelowFiberSumEsa_fiberSumHam_essentiallySelfAdjoint_of_bddBelow': WAIT (theorem not published yet)
22:44:43 submitting sol:BookProof_BddBelowFiberSumEsa_fiberSumHam_stone_flow (attempt 2)
22:44:44 sol:BookProof_BddBelowFiberSumEsa_fiberSumHam_stone_flow: accepted, waiting on the compiler
22:44:44 submitting sol:BookProof_BddBelowFiberSumEsa_fiberSumHam_nonneg_form (attempt 2)
22:44:46 sol:BookProof_BddBelowFiberSumEsa_fiberSumHam_nonneg_form: accepted, waiting on the compiler
22:44:46 sol:BookProof_HashimotoShiftInvert_diagCLM_norm_apply_le: FAIL (verdict CE: Compile error in your proof:
line 19: unexpected token '²'; expected ')')
22:44:46 sol:BookProof_KatoRellich_norm_le_of_relBound: FAIL (verdict CE: Compile error in your proof:
line 6: unknown namespace `BookProof.KatoRellich`)
22:44:46 sol:BookProof_NavierStokesFlow_DifferentialL2_velIdx_raise: FAIL (verdict CE: Compile error in your proof:
line 25: unsolved goals
case pos
b : Vel
j : Fin 3
⊢ (velIdx (raise j b)) j = (velIdx b) j + 1
line 26: unsol)
22:44:47 sol:BookProof_NavierStokesFlow_LagrangianNS_transformed_hamiltonian_decomposition: FAIL (verdict CE: Compile error in your proof:
line 13: Unknown identifier `L.hFull`
line 13: Unknown identifier `L.kinetic`
line 13: Unknown identifier `L.)
22:45:07 submitting sol:BookProof_BddBelowFiberSumEsa_qgFiberSum_esa (attempt 1)
22:45:07 sol:BookProof_BddBelowFiberSumEsa_qgFiberSum_esa: WAIT (theorem not published yet)
22:45:07 submitting sol:BookProof_BddBelowFiberSumEsa_qgFiberSum_nonneg_form (attempt 1)
22:45:07 sol:BookProof_BddBelowFiberSumEsa_qgFiberSum_nonneg_form: WAIT (theorem not published yet)
22:45:07 submitting sol:BookProof_ScalaronEdge_starobinskyEdge_form_gap (attempt 2)
22:45:09 sol:BookProof_ScalaronEdge_starobinskyEdge_form_gap: accepted, waiting on the compiler
22:45:09 submitting sol:BookProof_ScalaronEdge_scalaronEdge_friedrichs_gap (attempt 2)
22:45:10 sol:BookProof_ScalaronEdge_scalaronEdge_friedrichs_gap: accepted, waiting on the compiler
22:45:10 submitting sol:BookProof_ScalaronEdge_starobinskyEdge_quadForm (attempt 2)
22:45:11 sol:BookProof_ScalaronEdge_starobinskyEdge_quadForm: accepted, waiting on the compiler
22:45:11 submitting sol:BookProof_ChapterParityMajoranaQuant_J_unitary' (attempt 1)
22:45:11 sol:BookProof_ChapterParityMajoranaQuant_J_unitary': WAIT (theorem not published yet)
22:45:11 submitting sol:BookProof_HermiteRelative_coreOp_apply' (attempt 1)
22:45:11 sol:BookProof_HermiteRelative_coreOp_apply': WAIT (theorem not published yet)
22:45:12 sol:BookProof_NavierStokesFlow_farisLavine_without_symmetry_forces_trivial: FAIL (verdict CE: Compile error in your proof:
line 12: Unknown identifier `F`

Note: It is not possible to treat `F` as an implicitly bound variable here b)
22:45:13 sol:BookProof_NavierStokesFlow_nsBrst_adjoint: FAIL (verdict CE: Compile error in your proof:
line 11: Unknown identifier `d`

Note: It is not possible to treat `d` as an implicitly bound variable here b)
22:45:34 sol:BookProof_NavierStokesFlow_field_evaluates_to_value: FAIL (verdict CE: Compile error in your proof:
line 11: Unknown identifier `E`

Note: It is not possible to treat `E` as an implicitly bound variable here b)
22:45:35 sol:BookProof_NavierStokesFlow_nsFlow_group: FAIL (verdict CE: Compile error in your proof:
line 12: Unknown identifier `d`

Note: It is not possible to treat `d` as an implicitly bound variable here b)
22:45:58 sol:BookProof_NavierStokesFlow_nsNumberOp_eq_secondQuant: FAIL (verdict CE: Compile error in your proof:
line 11: Unknown identifier `n`

Note: It is not possible to treat `n` as an implicitly bound variable here b)
22:46:19 sol:BookProof_NavierStokesFlow_hasZeroDeficiencyOn_top_of_symmetric: FAIL (verdict CE: Compile error in your proof:
line 11: Unknown identifier `F`

Note: It is not possible to treat `F` as an implicitly bound variable here b)
22:46:20 sol:BookProof_NavierStokesFlow_nsBrst_nilpotent: FAIL (verdict CE: Compile error in your proof:
line 11: Unknown identifier `d`

Note: It is not possible to treat `d` as an implicitly bound variable here b)
22:46:20 sol:BookProof_NavierStokesFlow_nsFlow_zero: FAIL (verdict CE: Compile error in your proof:
line 11: Unknown identifier `d`

Note: It is not possible to treat `d` as an implicitly bound variable here b)
22:46:21 sol:BookProof_NavierStokesFlow_nsNumberOp_posSemidef: FAIL (verdict CE: Compile error in your proof:
line 11: Unknown identifier `n`

Note: It is not possible to treat `n` as an implicitly bound variable here b)
22:46:22 sol:BookProof_NavierStokesFlow_ns_esa_of_farisLavine: FAIL (verdict CE: Compile error in your proof:
line 11: Unknown identifier `F`

Note: It is not possible to treat `F` as an implicitly bound variable here b)
22:46:22 sol:BookProof_NavierStokesFlow_ns_esa_of_farisLavine_dense: FAIL (verdict CE: Compile error in your proof:
line 11: Unknown identifier `F`

Note: It is not possible to treat `F` as an implicitly bound variable here b)
22:46:43 sol:BookProof_HashimotoShiftInvert_isShiftInvert_invShiftOperator: FAIL (verdict FAILED: unknown import: Theorems.Thm_BookProof_HashimotoShiftInvert_preim_eq. No such theorem exists in this Lean environment (mathlib 0df444a)
22:46:44 sol:BookProof_NavierStokesFlow_DifferentialL2_posOp_eq_ladder: FAIL (verdict FAILED: unknown import: Theorems.Thm_BookProof_NavierStokesFlow_DifferentialL2_coreOp_coreEquiv. No such theorem exists in this Lean environme)
22:47:02 sol:BookProof_NavierStokesFlow_symmetric_hasZeroDeficiency: FAIL (verdict CE: Compile error in your proof:
line 11: Unknown identifier `F`

Note: It is not possible to treat `F` as an implicitly bound variable here b)
22:47:03 sol:BookProof_HashimotoShiftInvert_ell2ShiftInvert_eq_sq: FAIL (verdict CE: Compile error in your proof:
line 15: unexpected token '²'; expected ')')
22:47:20 sol:BookProof_NavierStokesFlow_nsAdvection_hermitian: FAIL (verdict CE: Compile error in your proof:
line 11: Unknown identifier `d`

Note: It is not possible to treat `d` as an implicitly bound variable here b)
22:47:38 sol:BookProof_NavierStokesFlow_ns_outer_degree_le_two: FAIL (verdict CE: Compile error in your proof:
line 11: Unknown identifier `n`

Note: It is not possible to treat `n` as an implicitly bound variable here b)
22:47:39 sol:BookProof_NavierStokesFlow_DifferentialL2_momOp_eq_ladder: FAIL (verdict FAILED: unknown import: Theorems.Thm_BookProof_NavierStokesFlow_DifferentialL2_coreOp_coreEquiv. No such theorem exists in this Lean environme)
22:47:39 sol:BookProof_NavierStokesFlow_DifferentialL2_ann_coreState: FAIL (verdict CE: Compile error in your proof:
line 24: Unknown identifier `crd_injective`
line 25: No goals to be solved)
22:47:40 sol:BookProof_NavierStokesFlow_DifferentialL2_embedCore_coreState: FAIL (verdict FAILED: unknown import: Theorems.Thm_BookProof_NavierStokesFlow_DifferentialL2_coreEquiv_coe. No such theorem exists in this Lean environment )
22:47:57 sol:BookProof_NavierStokesFlow_restrictToTop_apply: FAIL (verdict CE: Compile error in your proof:
line 11: Unknown identifier `F`

Note: It is not possible to treat `F` as an implicitly bound variable here b)
22:47:57 sol:BookProof_NavierStokesFlow_DifferentialL2_cre_coreState: FAIL (verdict CE: Compile error in your proof:
line 24: Unknown identifier `crd_injective`
line 25: No goals to be solved)
22:47:58 sol:BookProof_NavierStokesFlow_LagrangianNS_kinetic_posSemidef: FAIL (verdict CE: Compile error in your proof:
line 13: Unknown identifier `L.kinetic.PosSemidef`
line 13: Unknown identifier `L.P_herm`
line 13: unsolved g)
22:48:14 sol:BookProof_HashimotoShiftInvert_ell2UnboundedExample_isShiftInvert: FAIL (verdict FAILED: unknown import: Theorems.Thm_ell2ShiftInvert_injective. No such theorem exists in this Lean environment (mathlib 0df444a). Call POST /)
22:48:16 sol:BookProof_NavierStokesFlow_DifferentialL2_intertwine_cre: FAIL (verdict FAILED: unknown import: Theorems.Thm_BookProof_NavierStokesFlow_DifferentialL2_coreOp_coe. No such theorem exists in this Lean environment (ma)
22:48:30 sol:BookProof_NavierStokesFlow_field_evaluates_to_value_diagonal: DONE
22:48:45 sol:BookProof_HashimotoShiftInvert_ell2ShiftInvert_le_one: FAIL (verdict CE: Compile error in your proof:
line 18: unexpected token '²'; expected ')')
22:48:45 sol:BookProof_HashimotoShiftInvert_ell2Example_isPositiveSelfAdjointExtension: FAIL (verdict FAILED: unknown import: Theorems.Thm_BookProof_HashimotoShiftInvert_invShiftOperator_isPositiveSelfAdjointExtension. No such theorem exists in)
22:48:46 sol:BookProof_FriedrichsExtension_friedrichs_extension_exists: FAIL (verdict FAILED: unknown import: Theorems.Thm_BookProof_FriedrichsExtension_FormDom_friedrichsResolvent_isSelfAdjoint. No such theorem exists in this L)
22:48:59 sol:BookProof_KatoRellich_essentiallySelfAdjointOn_add_relBounded: FAIL (verdict CE: Compile error in your proof:
line 68: Unknown identifier `deficiencyTrivialAt_of_dense`
line 69: No goals to be solved)
22:48:59 sol:BookProof_NavierStokesFlow_DifferentialL2_intertwine_ann: FAIL (verdict FAILED: unknown import: Theorems.Thm_BookProof_NavierStokesFlow_DifferentialL2_coreOp_coe. No such theorem exists in this Lean environment (ma)
22:49:00 sol:BookProof_FriedrichsExtension_weyl_friedrichs_extension_unconditional: FAIL (verdict FAILED: unknown import: Theorems.Thm_BookProof_YangMillsFriedrichs_weylOpDom_quadForm_nonneg. No such theorem exists in this Lean environment )
22:49:12 sol:BookProof_NavierStokesFlow_DifferentialL2_nsQuadraticDiffH_essentiallySelfAdjointOn_core: FAIL (verdict FAILED: unknown import: Theorems.Thm_BookProof_NavierStokesFlow_DifferentialL2_nsDiffH_essentiallySelfAdjointOn_core. No such theorem exists i)
22:49:52 sol:BookProof_ScalaronEdge_scalV_nonneg: FAIL (verdict CE: Compile error in your proof:
line 31: Unknown identifier `starobinskyV_nonneg`)
22:50:03 sol:BookProof_BddBelowFiberSumEsa_fiberSumHam_essentiallySelfAdjoint_of_bddBelow: FAIL (verdict CE: Compile error in your proof:
line 30: Unknown identifier `dsOp_essentiallySelfAdjointOn`
line 31: No goals to be solved)
22:50:16 sol:BookProof_BddBelowFiberSumEsa_fiberCore_dense: FAIL (verdict CE: Compile error in your proof:
line 26: Unknown identifier `dsCore_dense`)
22:50:16 sol:BookProof_BddBelowFiberSumEsa_qgFiberV_nonneg: FAIL (verdict CE: Compile error in your proof:
line 29: Unknown identifier `BookProof.Starobinsky.starobinskyV_nonneg`)
22:50:27 sol:BookProof_NavierStokesFlow_nsHamiltonian_isPolynomial: FAIL (verdict CE: Compile error in your proof:
line 12: Unknown identifier `d`

Note: It is not possible to treat `d` as an implicitly bound variable here b)
22:50:27 sol:BookProof_BddBelowFiberSumEsa_fiberSumHam_symmetricOn: FAIL (verdict CE: Compile error in your proof:
line 27: Unknown identifier `dsOp_symmetricOn`)
22:50:38 sol:BookProof_ScalaronEdge_starobinskyEdgeHam_symmetricOn: FAIL (verdict CE: Compile error in your proof:
line 32: Unknown identifier `wallHam_symmetricOn`)
22:50:39 sol:BookProof_ScalaronEdge_starobinskyEdge_inner_eq: FAIL (verdict CE: Compile error in your proof:
line 37: Unknown identifier `kinCcR_quadratic_form`
line 35: unsolved goals
M alpha : ℝ
f : ↥(ccSchwartz ℝ)
⊢)
22:51:30 sol:BookProof_NavierStokesFlow_nsHamiltonian_hermitian: FAIL (verdict CE: Compile error in your proof:
line 12: Unknown identifier `d`

Note: It is not possible to treat `d` as an implicitly bound variable here b)
22:51:31 sol:BookProof_BddBelowFiberSumEsa_fiberSumHam_semibounded: FAIL (verdict ERROR: Failed to resolve platform imports: Import parser timed out after 5s)
22:52:10 sol:BookProof_ScalaronEdge_starobinskyEdge_self_inner: FAIL (verdict CE: Compile error in your proof:
line 36: Unknown identifier `ccEquiv_coe`
line 34: unsolved goals
f : ↥(ccSchwartz ℝ)
⊢ inner ℂ ↑((ccEquiv ℝ))
22:52:11 sol:BookProof_ScalaronEdge_starobinskyEdge_form_gap: FAIL (verdict CE: Compile error in your proof:
line 56: Unknown identifier `ccEquiv_norm_sq`
line 41: unsolved goals
M alpha : ℝ
hM : 0 < M
halpha : 0 < alp)
22:52:29 sol:BookProof_BddBelowFiberSumEsa_fiberSumHam_stone_flow: FAIL (verdict CE: Compile error in your proof:
line 31: Unknown identifier `ChapterStoneResolvent.UnboundedSelfAdjoint`
line 33: Unknown identifier `EsaClos)
22:52:39 sol:BookProof_BddBelowFiberSumEsa_fiberSumHam_nonneg_form: FAIL (verdict CE: Compile error in your proof:
line 28: Unknown identifier `SemiboundedBelowOn`

Note: It is not possible to treat `SemiboundedBelowOn` as a)
22:52:48 sol:BookProof_ScalaronEdge_scalaronEdge_friedrichs_gap: FAIL (verdict CE: Compile error in your proof:
line 54: Unknown identifier `friedrichs_extension_form_gap`
line 53: Tactic `rcases` failed: `x✝ : ?m.255` is)
22:53:13 sol:BookProof_ScalaronEdge_starobinskyEdge_quadForm: FAIL (verdict CE: Compile error in your proof:
line 47: Unknown identifier `ccEquiv_norm_sq`
line 41: unsolved goals
M alpha : ℝ
hM : 0 < M
halpha : 0 < alp)
22:53:13 summary: 3234 done, 343 pending, 59 failed, 1 unsubmittable (source missing from this checkout) (1869 out-of-order orphans ignored)
22:53:13 waiting on unpublished def bundle(s): BookProof.ChapterClosureUniqueness (185 item(s)), BookProof.ChapterH9 (1 item(s)), BookProof.ChapterHermiteQuadraticEsa (7 item(s)), BookProof.ChapterQgHermiteOscillatorEsa (9 item(s)), BookProof.ChapterQgOuterFockEsa (1 item(s)), BookProof.ChapterScalaronEsa (2 item(s)), ChapterFiniteSectionSingleTime (38 item(s)), ChapterQgTimeStepping (1 item(s)), ChapterQgTruncationResolvent (2 item(s)), ChapterQgVielbeinModeInstance (1 item(s)), ChapterQymTimeIndependentFlow (1 item(s)), ChapterScalaronFiberFL (1 item(s)), ChapterScalaronOuterFockFL (1 item(s)), ChapterSirkSingleTimeShift (1 item(s)), ChapterYangMillsAbelianFockEsa (1 item(s))
22:53:13 chunk: 157 item(s) resolved in 1341s
[2026-09-18 22:30:24] pipeline exited rc=0
